id,video,title,upload_date,channel,views,description,chapters,segments,date_updated
1,KRUtzHibboI,"LAKE COMO, ITALY — SPECTACULAR CLOUDY MOOD & LAKESIDE PROMENADE WALKING TOUR 4K HDR",10112025,UCEZ_zB95xT6J8u33-pBF6UA,485203,"🌊 Welcome to Lake Como, Italy! In this immersive 4K HDR walking tour, we explore the charming streets, villas, and lakeside promenades of one of the most beautiful destinations in the world. From the elegant town of Como to the stunning views of Bellagio and the famous Villa del Balbianello, Lake Como offers the perfect mix of history, architecture, and breathtaking natural scenery. 🇮🇹 Highlights of this walk: Strolling along the lakeside promenade with panoramic views Exploring the historic old town of Como with cobblestone streets Capturing the atmosphere of cafés, boutiques, and piazzas Glimpses of famous villas and gardens by the water Relaxing ambient sounds — no commentary, just pure Lake Como vibes 📍 Lake Como (Lago di Como) is one of Italy’s most iconic travel destinations, known for its crystal-clear waters, colorful villages, and luxury villas. Whether you’re planning your trip or just want to enjoy a virtual vacation, this video lets you experience the magic of Lake Como from home. ⚡ Video Details: 🎥 Recorded in: 4K HDR 60fps 🎧 With natural city + ambient sounds 🚶‍♂️ Walking pace: Relaxed, immersive 👉 If you enjoyed this walk, don’t forget to LIKE 👍, COMMENT 💬, and SUBSCRIBE 🔔 for more 4K walking tours from the most beautiful cities and towns around the world!",[],1,02092026
2,74gEAesaNiE,"Sirmione 4K Walking Tour — Lake Garda's Peninsula Town, Italy 🇮🇹",08082026,UCNzul4dnciIlDg8BAcn5-cQ,21630,"Sirmione is a walled town at the tip of a narrow peninsula on Lake Garda, entered across the drawbridge of a 13th-century castle ringed by water. This 5.5-mile walk covers all of it — the old town piazzas, the lakefront and beaches, Jamaica Beach's rock shelves, the Grotte di Catullo Roman villa, and a full castle tour — with parking, train, ferry, and swimming tips for your visit.  📅 Filmed on:  Friday, July 24th & Thursday, June 4th, 2026 🌞 Weather:  26°C | 79°F 📍 Location: Sirmione, Lake Garda, Lombardy Region, Italy 📏 Distance: 5.5 Miles (8.9 Km) 🗺️ Map of the Walk: https://www.google.com/maps/d/edit?mid=10HXRyxPtAIGz0RclhgUscywW0jLWepQ&usp=sharing ℹ️ The first hour was refilmed in July on a return visit — the rest is from my June walk.  ━━━━━━━━━━━━━━━━━━━━━━━━━━━━━━━━ ⏱️ TOUR TIMELINE ━━━━━━━━━━━━━━━━━━━━━━━━━━━━━━━━ 0:00 Intro & Map 1:20 Ponte Levatoio — The Castle Drawbridge 5:26 Piazza Castello — Entering the Old Town 16:23 Via Vittorio Emanuele — The Main Street 17:54 Piazza Giosuè Carducci — The Lakefront Piazza 32:37 Piazza Flaminia — Floating Restaurants on the Lake 36:09 Piazza Porto Valentino — The Boat Dock 46:40 Piazza dei Catari 49:51 Piazza Don Angelo Piatti 52:13 Via Giuseppe Piana — The Quiet Side Street 57:11 Church of Santa Maria Maggiore 1:08:23 Abbazia di San Salvatore — Ancient Abbey Ruins 1:12:47 Spiaggia del Prete — Lakeside Beach 1:15:46 Passeggiata delle Muse — The Promenade of the Muses 1:22:27 Spiaggia Lido delle Bionde — Blue Flag Beach 1:28:34 Parco Pubblico Tomelleri 1:31:40 Piazzale Orti Manara 1:33:01 Path to Jamaica Beach — Through the Olive Groves 1:37:08 Jamaica Beach — Hidden Turquoise Cove 1:49:21 Grotte di Catullo — Roman Villa Ruins 2:21:46 Via Cesara Arici 2:25:09 Chiesa di San Pietro in Mavino — Sirmione's Oldest Church 2:33:51 Piazza Don Angelo Piatti 2:34:22 Via Vittorio Emanuele — Return Walk 2:40:27 Piazza Giosuè Carducci — Under Blue Skies 2:45:52 Castello Scaligero — Inside the Medieval Castle 3:05:08 Chiesa di Sant'Anna della Rocca 3:07:01 Ponte Levatoio — The Castle Drawbridge   ▶ Watch Next: https://youtu.be/bdjUv2ctBQ4  ━━━━━━━━━━━━━━━━━━━━━━━━━━━━━━━━ 🏛️ ABOUT SIRMIONE ━━━━━━━━━━━━━━━━━━━━━━━━━━━━━━━━ Sirmione has been settled since the Stone Age, its strategic peninsula making it prized by every power that passed through northern Italy. The Romans built grand holiday villas here — the most impressive of which, the Grotte di Catullo, still stands at the tip of the promontory and ranks as one of the largest Roman residential sites in all of northern Italy. In the 13th century, the Della Scala (Scaligeri) family of Verona built the Rocca Scaligera — a rare lake fortress with its own port — which still guards the only land entrance to the old town. The name Sirmione itself likely derives from the Latin ""syrma,"" meaning a long trailing garment — a fitting description for this slender peninsula trailing into the lake.  ━━━━━━━━━━━━━━━━━━━━━━━━━━━━━━━━ 📽 MORE WALKING TOURS ━━━━━━━━━━━━━━━━━━━━━━━━━━━━━━━━ 🎄Christmas Markets Playlist: (https://youtube.com/playlist?list=PLSOO4vYXpMCd2nqHyPaDtgxkf_BsAuQCt&si=0YU1zhv0tLbwm8u6) 🍕 Italy Playlist: (https://youtube.com/playlist?list=PLSOO4vYXpMCc6k7EuMhr764qCNeXDrxpj&si=aYfLAtNw1eGc560w) 🚴 Biking Tours Playlist: (https://youtube.com/playlist?list=PLSOO4vYXpMCe4SaQXMk9IMfpkl1w473Zz&si=1rFBHTnZtCMmykPA) 🌍 Complete List of Walks: http://www.prowalks.com/videos   ━━━━━━━━━━━━━━━━━━━━━━━━━━━━━━━━ 📢 SUPPORT & CONNECT 📢 ━━━━━━━━━━━━━━━━━━━━━━━━━━━━━━━━ 🌍 Website: https://www.prowalktours.com 📧 Email: info@prowalktours.com 🔔 Subscribe for more! (https://www.youtube.com/@ProwalkTours) 🟥 Become a Member: (https://www.youtube.com/channel/UCNzul4dnciIlDg8BAcn5-cQ/join)  🔶 Support me on Patreon   - https://www.patreon.com/Prowalks    🔷 Help with a donation!  -  https://www.paypal.me/Prowalks  👕Merchandise - https://teespring.com/stores/prowalk-tours   ━━━━━━━━━━━━━━━━━━━━━━━━━━━━━━━━ 🎥 CAMERA & RECORDING GEAR I USE ━━━━━━━━━━━━━━━━━━━━━━━━━━━━━━━━ 📱 Beginner / Ultra Portable: DJI Osmo Pocket 3 👉 https://amzn.to/4aelKS2 🏃 Rugged / Action: GoPro Hero 13 👉 https://amzn.to/4qldBRQ 🎬 Professional Cinematic: Sony A7S III 👉 https://amzn.to/4qga72E 🔭 Main Lens: Sony FE 16-35mm F4 G 👉 https://amzn.to/4kiAPX3 🎥 Gimbal: DJI RS4 Mini 👉 https://amzn.to/4bCxMXM 🎙️ Microphone: Sony ECM-M1 👉 https://amzn.to/3ZQ75HH 💾 Memory Cards 👉 https://amzn.to/4tnYeuE 🛒 Complete Gear List: https://www.amazon.com/shop/prowalktours  ━━━━━━━━━━━━━━━━━━━━━━━━━━━━━━━━ 🙏 VIP PASSEGGIATA PATRONS ━━━━━━━━━━━━━━━━━━━━━━━━━━━━━━━━ Barb Stuhlemmer • David Miccolis • H Munro •  Maggie McCormick • Andrey Antsut • James Hatfield • Mikey Spumoni 💛 Your support makes these videos possible!  🚷 No portion of this video may be used without prior written consent from  Prowalk Tours. If you appear in this video and wish to have your image  removed, please contact me at info@prowalktours.com    #Sirmione #lakegarda  #Walkingtour #prowalktours","[{'title': 'Intro & Map', 'timestamp': '0:00:00'}, {'title': 'Ponte Levatoio — The Castle Drawbridge', 'timestamp': '0:01:20'}, {'title': 'Piazza Castello — Entering the Old Town', 'timestamp': '0:05:26'}, {'title': 'Via Vittorio Emanuele — The Main Street', 'timestamp': '0:16:23'}, {'title': 'Piazza Giosuè Carducci — The Lakefront Piazza', 'timestamp': '0:17:54'}, {'title': 'Piazza Flaminia — Floating Restaurants on the Lake', 'timestamp': '0:32:37'}, {'title': 'Piazza Porto Valentino — The Boat Dock', 'timestamp': '0:36:09'}, {'title': 'Piazza dei Catari', 'timestamp': '0:46:40'}, {'title': 'Piazza Don Angelo Piatti', 'timestamp': '0:49:51'}, {'title': 'Via Giuseppe Piana — The Quiet Side Street', 'timestamp': '0:52:13'}, {'title': 'Church of Santa Maria Maggiore', 'timestamp': '0:57:11'}, {'title': 'Abbazia di San Salvatore — Ancient Abbey Ruins', 'timestamp': '1:08:23'}, {'title': 'Spiaggia del Prete — Lakeside Beach', 'timestamp': '1:12:47'}, {'title': 'Passeggiata delle Muse — The Promenade of the Muses', 'timestamp': '1:15:46'}, {'title': 'Spiaggia Lido delle Bionde — Blue Flag Beach', 'timestamp': '1:22:27'}, {'title': 'Parco Pubblico Tomelleri', 'timestamp': '1:28:34'}, {'title': 'Piazzale Orti Manara', 'timestamp': '1:31:40'}, {'title': 'Path to Jamaica Beach — Through the Olive Groves', 'timestamp': '1:33:01'}, {'title': 'Jamaica Beach — Hidden Turquoise Cove', 'timestamp': '1:37:08'}, {'title': 'Grotte di Catullo — Roman Villa Ruins', 'timestamp': '1:49:21'}, {'title': 'Via Cesara Arici', 'timestamp': '2:21:46'}, {'title': ""Chiesa di San Pietro in Mavino — Sirmione's Oldest Church"", 'timestamp': '2:25:09'}, {'title': 'Piazza Don Angelo Piatti', 'timestamp': '2:33:51'}, {'title': 'Via Vittorio Emanuele — Return Walk', 'timestamp': '2:34:22'}, {'title': 'Piazza Giosuè Carducci — Under Blue Skies', 'timestamp': '2:40:27'}, {'title': 'Castello Scaligero — Inside the Medieval Castle', 'timestamp': '2:45:52'}, {'title': ""Chiesa di Sant'Anna della Rocca"", 'timestamp': '3:05:08'}, {'title': 'Ponte Levatoio — The Castle Drawbridge', 'timestamp': '3:07:01'}]",1,04092026
3,6BPuGeS6O4w,PARIS WALKING TOUR — France Evening Tour with Captions [4K/60fps],19112024,UCV2_l3k3JuZwIhiY1H0kSxA,1161135,"Paris Evening-to-Night Stroll features the beautiful Eiffel Tower at night, Notre-Dame Cathedral, the Louvre Museum, and other attractions (4K 60fps Paris Night Walking Tour, Paris Walking Tour, Paris Night Walk) 🎧 Best with headphones for an immersive experience (ASMR - Binaural City Sound). ⬇ LINKS to the full videos, chapters, etc. ⬇ In the evening and night, Paris transforms into a city of enchantment, where warm streetlights, bustling cafes, and illuminated landmarks like the Eiffel Tower cast a golden glow over the Seine, creating an atmosphere of romance and charm. [Filmed in May 2024]  🔥📚 PARIS Travel Guide 👉 https://hpst.me/ParisTG Get our mobile-friendly Paris travel guide with practical tips, must-see attractions, links to directly book tickets, Google maps, itinerary suggestions and more. Thank you for supporting our channel!   ℹ️💁‍♂️ Turn ON the Closed Captions to discover information on attractions, historical facts, and more (Open CC for subtitles). Enjoy!  Watch also: • PARIS Full Walking Tour (Paris by Day Walking Tour) 👉 https://youtu.be/LV5cGYJWZYY?si=J5Vu927hH7Dv8_eq  • MONTE CARLO, Monaco Evening Walking Tour  👉 https://youtu.be/CgyP8H1Wy7Q?si=nkpJyGtWZbZzaukH • LISBON, Portugal Walking Tour 👉 https://youtu.be/aqevs6jLdJI?si=qz-KJukGSuqKgApH  • ITALY Walking Tour Playlist 👉 https://www.youtube.com/playlist?list=PL-uSE59HVj4A2FYYtb-OjgvQ-oBqhAIBi • EUROPE Walking Tour Playlist (Paris, Rome, Barcelona, etc.) 👉 https://www.youtube.com/playlist?list=PL-uSE59HVj4Ah5kaHKApFBm_Wh2mZ_KWd  • ASIA Walking Tour Playlist (Bali, Tokyo, Bangkok, etc.) 👉 https://www.youtube.com/playlist?list=PL-uSE59HVj4A2IB8EOMXH6AoGVXoRWVHo  • USA Walking Tour Playlist (Miami, Los Angeles, Las Vegas, New York City, etc.) 👉 https://www.youtube.com/playlist?list=PL-uSE59HVj4BUOcpV1xQ_-zNYCA0_CApB   CHAPTERS: 0:00:00 Intro | Preview  PART I: Notre-Dame de Paris, Hôtel de Ville, Rue des Rosiers, etc. 0:00:22 Rue de Buci 0:01:50 ABOUT PARIS | History of Paris (Open CC for subtitles/description) 0:15:38 Fontaine Saint-Michel | Saint-Michel Fountain, Latin Quarter 0:18:56 Rue de la Huchette 0:27:53 Notre-Dame de Paris Cathedral 0:41:09 Hôtel de Ville, Paris’s City Hall 0:42:56 BHV Le Marais 0:50:17 Rue des Rosiers  PART II: Louvre Museum & Louvre Pyramid 0:53:53 Louvre Museum   PART III: Eiffel Tower, Place du Trocadero, etc. 1:13:59 Place du Trocadero & Trocadéro Gardens 1:13:59 Eiffel Tower 1:33:24 Eiffel Tower above the Seine River  1:44:33 Eiffel Tower from below  👍 If you enjoyed this video, please like this video and subscribe to our channel for more awesome content 😊 ♡ THANKS FOR WATCHING ♡  #paris #walkingtours #nightwalk ________ No part of this video may be used or reproduced without our written permission.","[{'title': 'Intro | Preview', 'timestamp': '0:00:00'}, {'title': 'Rue de Buci', 'timestamp': '0:00:22'}, {'title': 'ABOUT PARIS | History of Paris (Open CC for subtitles/description)', 'timestamp': '0:01:50'}, {'title': 'Fontaine Saint-Michel | Saint-Michel Fountain, Latin Quarter', 'timestamp': '0:15:38'}, {'title': 'Rue de la Huchette', 'timestamp': '0:18:56'}, {'title': 'Notre-Dame de Paris Cathedral', 'timestamp': '0:27:53'}, {'title': 'Hôtel de Ville, Paris’s City Hall', 'timestamp': '0:41:09'}, {'title': 'BHV Le Marais', 'timestamp': '0:42:56'}, {'title': 'Rue des Rosiers', 'timestamp': '0:50:17'}, {'title': 'Louvre Museum', 'timestamp': '0:53:53'}, {'title': 'Place du Trocadero & Trocadéro Gardens', 'timestamp': '1:13:59'}, {'title': 'Eiffel Tower above the Seine River', 'timestamp': '1:33:24'}, {'title': 'Eiffel Tower from below', 'timestamp': '1:44:33'}]",1,04092026
4,j4UScJ9eRBE,🇫🇷Paris 4K 120FPS Walking Tour] Real Paris’s Most Beautiful Places 05/August/2026,05082026,UCmLKaHIZqVpAeQCayN9GZpw,7264,"Welcome to one of the most beautiful walks in Paris!  In this video, I take you to some of the most breathtaking places that every visitor to Paris should experience at least once.  Our journey begins at the magnificent Palais Royal, famous for its elegant gardens, historic arcades, and the iconic Colonnes de Buren. We then explore the enchanting Galerie Vivienne, one of Paris’ most beautiful covered passages, renowned for its stunning 19th-century architecture, mosaic floors, charming boutiques, and classic Parisian atmosphere.  Next, we visit the spectacular BnF Richelieu, the historic site of the National Library of France and home to one of the most beautiful libraries in the world. Finally, we discover the fascinating Musée de la BnF, where priceless manuscripts, rare books, maps, coins, and centuries of French history come to life.  Whether you’re planning your first trip to Paris or looking for hidden gems beyond the Eiffel Tower and the Louvre, these remarkable locations deserve a place on your itinerary.  If you enjoy authentic Paris walking tours, travel guides, and beautiful cinematic views, please like, subscribe, and turn on notifications for more videos from the heart of Paris.  📍 Featured Locations: • Palais Royal • Galerie Vivienne • BnF Richelieu • Musée de la BnF   🔔 Don’t forget to Like, Subscribe, and turn on notifications for more high-quality Paris walking tours and live streams.  📽️This video was shot in ultra high definition (📹4K 120FPS HDR) Video shooting date : Tuesday 05/August/2026 Temperature :  +32°C ☀️  #Paris#PalaisRoyal#BnfRichelieu#GalerieVivienne#Paris4khdr#StreetView#ParisSummer#  This is one of the places highly recommended by Art Vision TV.   Enjoy watching!👍   L'endroit incontournable à visiter à Paris.El lugar número 1 que debes visitar en París. The #1 Place You Must Visit in Paris.巴黎必游第一景点.パリで絶対に訪れるべき場所ナンバーワン.파리에서 꼭 방문해야 할 최고의 장소. Don’t miss this place on your trip to Paris. 파리 이곳은 꼭 가세요.パリこちらはぜひ行ってみてください.你一定要去巴黎的这个地方看看. Debes visitar este lugar en París. De fortes chutes de neige à Paris 2026.     Don't forget to like, share, and subscribe for more mesmerizing 4K walks and travel experiences!   Another Beautiful Videos:  2023 Paris best Christmas Places: https://youtu.be/jY1nZ5wadaY?si=Cblg0y6w93FpbrwX   2024 MONTMARTRE WALK VIDEO : https://youtu.be/Jrhd-GeBipY?si=fcZ5e7w_9lTblvK6  2023 Christmas Lights Streets Video: https://youtu.be/Wu_EwrL9PlY?si=DFvdxyk3APfaham_  Around the Eiffel Tower Video : https://www.youtube.com/live/M3tF2XUOwMI?si=86XLQwQNGD7UnC2w    paris christmas lights 2024, in paris 2024, christmas paris, vitrines de noel, decorations de noel paris, christmas decorations in paris, winter in paris, travel vlog, walk in paris, paris walking tour, paris things to do, 4k video hdr, paris night walk, paris tour, paris at night, paris 4K, relaxing video, arc de triomphe, paris night life, 4k, art paris, walking tour 4k, uhd paris, le marais, rue de rivoli, notre dame, paris women, 4K HDR Walking Tour, paris france, paris walk, paris city walk, walk in paris, Saint germain des pres, restaurant paris, food paris, hotels paris, paris women, travel vlog, paris things to do, champs elysées, paris stroll, paris vlog, le marais, chatelet, galeries lafayette haussmann, neige a paris, paris snow 2024",[],1,02092026
5,QMe441s-s4Q,"Otranto, Italy 4K Walking Tour | Beautiful Old Town & Turquoise Sea",15082026,UCNzul4dnciIlDg8BAcn5-cQ,53144,"This 4K walking tour of Otranto, Italy was filmed on Sunday, July 19th, 2026 starting at 12:34 PM at the Spiaggetta del Molo, the little beach at the foot of the town walls. It was a hot market Sunday — 31°C (88°F), with the monthly Otranto Antiqua antiques market running all day along the waterfront — so the whole town was either at the beach or in the water. The 5 km (3 mile) route circles the beaches, the walled old town, the Cathedral with its famous 12th-century Tree of Life floor mosaic and the Chapel of the 800 Martyrs, the Aragonese Castle, the Byzantine church of San Pietro, and ends on the long sandy beaches across the bay. Otranto is the easternmost town in Italy — on a clear day you can see Albania across the strait. I first filmed Otranto back in 2021, and this summer I finally brought my family here to swim. You will see them a few times during the walk. :)  Watch the original 2021 tour here: https://youtu.be/SWDsHlHmnY4 An evening walking tour of Otranto is coming soon to the channel!  For the best experience, be sure to turn on closed captions [CC] and wear headphones 🎧 as you watch this tour. The captions are filled with the history of the town, travel tips and stories from the walk.  📅 Filmed on:  Sunday, July 19th, 2026 |  12:34 PM 🌞 Weather:  31°C | 88°F 📍 Location: Otranto, Italy Puglia Region, Italy 📏 Distance: 3 Miles (5Km) 🗺️ Map of the Walk: https://www.google.com/maps/d/edit?mid=1yNJ7qu6CAcLeaQucWkdLL6DHuZQ83Ac&usp=sharing  ━━━━━━━━━━━━━━━━━━━━━━━━━━━━━━━━ ⏱️ TOUR TIMELINE ━━━━━━━━━━━━━━━━━━━━━━━━━━━━━━━━ 0:00 Intro & Map 1:01 Spiaggetta del Molo 6:50 Lungomare degli Eroi 11:10 Outer Wall Swimming Area 20:08 Spiaggetta del Molo 24:29 La Villa - Giardini Pubblici 26:08 Lungomare degli Eroi 32:35 Via Basilica 35:21 Otranto Cathedral 48:18 Corso Garibaldi 52:24 Piazzetta De Ferraris 53:12 Via Immacolata 54:49 Ex chiesa dell'Immacolata 56:15 Spiaggia Bastioni 1:01:25 Piazza Castello 1:02:10 Castello Aragonese 1:06:19 Ponte dell'Immacolata 1:07:15 Torre Matta 1:09:11 Lungomare dei Bastioni 1:11:22 Bastione dei Pelasgi 1:15:02 Chiesa di San Pietro 1:22:18 Lungomare degli eroi 1:30:33 Lungomare Terra D'Otranto 1:38:02 Abil Beach 1:44:09 Spiaggia degli Haethei  ▶ Watch Next: https://youtu.be/3iNd4e0j4mE  ━━━━━━━━━━━━━━━━━━━━━━━━━━━━━━━━ 📽 MORE WALKING TOURS ━━━━━━━━━━━━━━━━━━━━━━━━━━━━━━━━ 🎄Christmas Markets Playlist: (https://youtube.com/playlist?list=PLSOO4vYXpMCd2nqHyPaDtgxkf_BsAuQCt&si=0YU1zhv0tLbwm8u6) 🍕 Italy Playlist: (https://youtube.com/playlist?list=PLSOO4vYXpMCc6k7EuMhr764qCNeXDrxpj&si=aYfLAtNw1eGc560w) 🏛️ Greece Playlist: (https://youtube.com/playlist?list=PLSOO4vYXpMCf151n5M3j9IxxvvvZNK7TM&si=xW-ewBTs4pzb90a1) 🚴 Biking Tours Playlist: (https://youtube.com/playlist?list=PLSOO4vYXpMCe4SaQXMk9IMfpkl1w473Zz&si=1rFBHTnZtCMmykPA) 🐪 Egypt Playlist: (https://youtube.com/playlist?list=PLSOO4vYXpMCc_y7TUiJufW_N_QZod0M8d&si=XgIlOOZb0DLiPt9z) 🍣 Japan Playlist: (https://youtube.com/playlist?list=PLSOO4vYXpMCc69vi-SFMODDGKQf_7D-IK&si=hxZIpoG9x1Ypszyq) 🥁 Brazil Playlist: (https://youtube.com/playlist?list=PLSOO4vYXpMCcefbIXpStQK7fPRJBBiBAH&si=Zlji0Mfbp3sJlyjs) 🦘 Australia Playlist: (https://youtube.com/playlist?list=PLSOO4vYXpMCcuh1sGTbEtCldxhCA6grbV&si=tQ56vSTmsQKUNWjN) 🌍 Complete List of Walks: http://www.prowalks.com/videos   ━━━━━━━━━━━━━━━━━━━━━━━━━━━━━━━━ 📢 SUPPORT & CONNECT 📢 ━━━━━━━━━━━━━━━━━━━━━━━━━━━━━━━━ 🌍 Website: https://www.prowalktours.com 📧 Email: info@prowalktours.com 🔔 Subscribe for more! (https://www.youtube.com/@ProwalkTours) 🟥 Become a Member: (https://www.youtube.com/channel/UCNzul4dnciIlDg8BAcn5-cQ/join)  🔶 Support me on Patreon   - https://www.patreon.com/Prowalks    🔷 Help with a donation!  -  https://www.paypal.me/Prowalks  👕Merchandise - https://teespring.com/stores/prowalk-tours   ━━━━━━━━━━━━━━━━━━━━━━━━━━━━━━━━ 🎥 CAMERA & RECORDING GEAR I USE ━━━━━━━━━━━━━━━━━━━━━━━━━━━━━━━━ 📱 Beginner / Ultra Portable: DJI Osmo Pocket 3 👉 https://amzn.to/4aelKS2 🏃 Rugged / Action: GoPro Hero 13 👉 https://amzn.to/4qldBRQ 🎬 Professional Cinematic: Sony A7S III 👉 https://amzn.to/4qga72E 🔭 Main Lens: Sony FE 16-35mm F4 G 👉 https://amzn.to/4kiAPX3 🎥 Gimbal: DJI RS4 Mini 👉 https://amzn.to/4bCxMXM 🎙️ Microphone: Sony ECM-M1 👉 https://amzn.to/3ZQ75HH 💾 Memory Cards 👉 https://amzn.to/4tnYeuE 🔋 Extra Batteries 👉 https://amzn.to/46uvFBC 🛒 Complete Gear List: https://www.amazon.com/shop/prowalktours  ━━━━━━━━━━━━━━━━━━━━━━━━━━━━━━━━ 🙏 VIP PASSEGGIATA PATRONS ━━━━━━━━━━━━━━━━━━━━━━━━━━━━━━━━ Barb Stuhlemmer • David Miccolis • H Munro •  Maggie McCormick • Andrey Antsut • James Hatfield •*Mikey Spumoni 💛 Your support makes these videos possible!  🚷 No portion of this video may be used without prior written consent from  Prowalk Tours. If you appear in this video and wish to have your image  removed, please contact me at info@prowalktours.com    #Otranto #Walkingtour #prowalktours","[{'title': 'Intro & Map', 'timestamp': '0:00:00'}, {'title': 'Spiaggetta del Molo', 'timestamp': '0:01:01'}, {'title': 'Lungomare degli Eroi', 'timestamp': '0:06:50'}, {'title': 'Outer Wall Swimming Area', 'timestamp': '0:11:10'}, {'title': 'Spiaggetta del Molo', 'timestamp': '0:20:08'}, {'title': 'La Villa - Giardini Pubblici', 'timestamp': '0:24:29'}, {'title': 'Lungomare degli Eroi', 'timestamp': '0:26:08'}, {'title': 'Via Basilica', 'timestamp': '0:32:35'}, {'title': 'Otranto Cathedral', 'timestamp': '0:35:21'}, {'title': 'Corso Garibaldi', 'timestamp': '0:48:18'}, {'title': 'Piazzetta De Ferraris', 'timestamp': '0:52:24'}, {'title': 'Via Immacolata', 'timestamp': '0:53:12'}, {'title': ""Ex chiesa dell'Immacolata"", 'timestamp': '0:54:49'}, {'title': 'Spiaggia Bastioni', 'timestamp': '0:56:15'}, {'title': 'Piazza Castello', 'timestamp': '1:01:25'}, {'title': 'Castello Aragonese', 'timestamp': '1:02:10'}, {'title': ""Ponte dell'Immacolata"", 'timestamp': '1:06:19'}, {'title': 'Torre Matta', 'timestamp': '1:07:15'}, {'title': 'Lungomare dei Bastioni', 'timestamp': '1:09:11'}, {'title': 'Bastione dei Pelasgi', 'timestamp': '1:11:22'}, {'title': 'Chiesa di San Pietro', 'timestamp': '1:15:02'}, {'title': 'Lungomare degli eroi', 'timestamp': '1:22:18'}, {'title': ""Lungomare Terra D'Otranto"", 'timestamp': '1:30:33'}, {'title': 'Abil Beach', 'timestamp': '1:38:02'}, {'title': 'Spiaggia degli Haethei', 'timestamp': '1:44:09'}]",1,04092026
6,XIrLrs8vhGg,"MONACO Walking Tour 🇲🇨 | Supercars, Yachts & Luxury Life in 4K",03082025,UC0TqihOw3aHbHDi-EWBfFeA,878880,"📌MONACO 🇲🇨 📅 Saturday, July 26th, 2025 ⛅ Weather: 25°C / 77°F  Welcome to this MONACO walking tour ! ... Join this Monaco walk through the world’s second-smallest country and arguably its most glamorous, where luxury, royalty, and the Mediterranean lifestyle meet in one breathtaking destination. ⚓ Start at the legendary Monte Carlo Casino, a symbol of opulence and history, surrounded by exotic cars and perfectly manicured gardens. 🎲 Stroll Port Hercule, Monaco’s iconic marina filled with mega yachts, elegant cafés, and views of the steep hillsides lined with luxury apartments. 🏰 Wander Monaco Ville (Le Rocher), the old town perched on a cliff, home to the Prince’s Palace, narrow medieval streets, and stunning sea views. 🚗 Catch glimpses of the F1 Grand Prix circuit as you walk streets famous for hosting one of the most thrilling races in the world.  So, let’s walk Monaco’s streets ... where every corner feels like a movie set! 🇲🇨  ⓢⓤⓑⓢⓒⓡⓘⓑⓔ Don’t forget to LIKE👍 and SUBSCRIBE 😊 to ""Walk The Tour"", so you don’t miss the next journeys around the world! ❤️  ▶️ SUBSCRIBE for FREE to the channel 👉👉 https://www.youtube.com/channel/UC0TqihOw3aHbHDi-EWBfFeA?sub_confirmation=1  CHAPTERS: 0:00 - Intro 01:37 - Casino Gardens 05:58 - Casino Square & Monte Carlo Casino 15:11 - Acclimatization Garden 20:41 - Av. d'Ostende 30:21 - Port Hercule Marina 43:45 - Spélugues Park 48:54 - Japanese Garden 59:14 - Alley of Francois Blanc 1:01:12 - Atrium of the Monaco Casino 1:04:55 - Little Africa Gardens 1:38:09 - Prince’s Palace Square 1:50:11 - Saint Martin Gardens 1:53:55 - Monaco Cathedral 2:00:29 - Final Views from ""The Frame""  https://www.youtube.com/channel/UC0TqihOw3aHbHDi-EWBfFeA  #monaco #montecarlo #porthercule #larvottobeach #monacoville #monacotour #walkingtour #walkmonaco #f1monaco #luxurylifestyle #travel4k #mediterraneanvibes","[{'title': 'Intro', 'timestamp': '0:00:00'}, {'title': 'Casino Gardens', 'timestamp': '0:01:37'}, {'title': 'Casino Square & Monte Carlo Casino', 'timestamp': '0:05:58'}, {'title': 'Acclimatization Garden', 'timestamp': '0:15:11'}, {'title': ""Av. d'Ostende"", 'timestamp': '0:20:41'}, {'title': 'Port Hercule Marina', 'timestamp': '0:30:21'}, {'title': 'Spélugues Park', 'timestamp': '0:43:45'}, {'title': 'Japanese Garden', 'timestamp': '0:48:54'}, {'title': 'Alley of Francois Blanc', 'timestamp': '0:59:14'}, {'title': 'Atrium of the Monaco Casino', 'timestamp': '1:01:12'}, {'title': 'Little Africa Gardens', 'timestamp': '1:04:55'}, {'title': 'Prince’s Palace Square', 'timestamp': '1:38:09'}, {'title': 'Saint Martin Gardens', 'timestamp': '1:50:11'}, {'title': 'Monaco Cathedral', 'timestamp': '1:53:55'}, {'title': 'Final Views from ""The Frame""', 'timestamp': '2:00:29'}]",1,04092026
7,MqMSXIOp1fM,"UTRECHT, Netherlands 🇳🇱 Netherlands’ Best Kept Secret | 4K Walking Tour",06082026,UC20vyRWEaC2GIS8DkmeRQaA,25016,"This 4K Utrecht walking tour takes you through the historic and lively center of Utrecht, Netherlands, capturing beautiful canals, old Dutch streets, local shops, cafés, bridges, bicycles, and the relaxed atmosphere of one of the country’s most charming cities.  In this video, I show you the feeling of walking through Utrecht, from the famous Oudegracht canal and the city center to Utrecht Centraal, Hoog Catharijne, Stadhuisbrug, Vismarkt, and the surrounding canal streets. The walk captures the city’s unique mix of medieval charm, modern shopping areas, water views, everyday local life, and classic Dutch architecture.  The tour also includes the Dom Tower of Utrecht, Voorstraat, Drift, side streets, and more beautiful areas around the old town, giving you a real impression of Utrecht’s calm, historic, scenic, and authentic Dutch city atmosphere.  🎥 Perfect for those searching for: Utrecht walking tour 4K, Utrecht Netherlands walk, Utrecht city walk, Utrecht city center walk, Oudegracht Utrecht, Utrecht canals walking tour, Utrecht Centraal, Hoog Catharijne Utrecht, Stadhuisbrug Utrecht, Vismarkt Utrecht, Dom Tower Utrecht, Voorstraat Utrecht, Drift Utrecht, Netherlands walking tour, Utrecht virtual walking tour, Utrecht travel video.  📍 Tour Highlights: 🚶 Utrecht Walking Tour – Real streets and everyday city life 🌊 Oudegracht – Famous canal views and historic atmosphere 🏙️ City Center – Shops, cafés, streets, and local movement 🚉 Utrecht Centraal – Main station and modern city entrance 🛍️ Hoog Catharijne – Popular shopping area in the heart of Utrecht 🌉 Stadhuisbrug – Classic central bridge and canal views 🐟 Vismarkt – Historic street atmosphere near the water ⛪ Dom Tower – Iconic landmark of Utrecht 🏘️ Voorstraat & Drift – Beautiful old streets and side lanes ✨ Dutch City Vibes – Calm, scenic, historic, and immersive  🎬 Filming Info: 📍 Location: Utrecht, Netherlands 🇳🇱 📽️ Format: 4K Ultra HD at 60fps 🎧 Audio: Real city sounds – no music, no commentary ☀️ Time: Daytime  🤝 Business Inquiries and Contact: walkingozmedia@gmail.com  ⚠️ My videos are copyrighted material owned by the channel Walking OZ. Any unauthorized use, including for personal or private purposes, is strictly prohibited. Walking OZ reserves the right to issue copyright strikes for infringement, and will not withdraw them once issued.",[],1,02092026
8,4OQ9_NPdr7Q,"Barcelona, Spain🌙 Evening City Walk | 4K Walking Tour",03102025,UC1Xv-eIqlHv9agR0DCWaXHw,718412,"4K evening walking tour through Barcelona’s modernist heart. Discover architectural masterpieces like Casa Batlló and La Pedrera, along with lesser-known gems that showcase the city’s unique style. The walk takes you through elegant avenues, illuminated facades, and the vibrant atmosphere of the city center at night.  This journey blends Catalan modernism, stunning urban design, and lively evening life, offering a fresh perspective on Barcelona’s architectural treasures.  Perfect for travel lovers, architecture enthusiasts, and anyone seeking a relaxing virtual escape through one of Spain’s most fascinating cities.  📍 Location: Barcelona, Spain 🎬 Filming day: August 26, 2025 📽️ Camera: Osmo Pocket 3 4K 50FPS DLog-M 🎧 Binaural Audio: Roland CS-10EM + Sony PCM A-10  If you enjoy the video, please like and subscribe to support the channel. Thank you! ❤️  Playlists 🌊 Beach Walks: Coastal Trails & Seaside Towns  : https://www.youtube.com/playlist?list=PLfCXMUUTSTZuSdi7sVcoB1p6zAeh-F8zT ☀️ Barcelona Walking Tours: https://www.youtube.com/playlist?list=PLfCXMUUTSTZtVF3XuEqvo1Pi4qJzWHrue 🇯🇵 Japan: https://www.youtube.com/playlist?list=PLfCXMUUTSTZtpXqa3Cmg8DzRl-WKMKeQ- 🇨🇳 Shanghai: https://www.youtube.com/playlist?list=PLfCXMUUTSTZtajkJosgUB9Prkk3g_uK2C ☔️ Rainy Night Walks: https://www.youtube.com/playlist?list=PLfCXMUUTSTZvrwSAUByVv4f-xC2xpRpI9 🌲 Parks and Temples of China: https://www.youtube.com/playlist?list=PLfCXMUUTSTZvgoh4lNN0Cxw63JXMyxA2i  Timestamps 00:00 – Intro 00:55 – La Pedrera 02:57 – Passeig de Gràcia 07:23 – Baró de Quadras Palace 09:25 – Casa de les Punxes 19:39 – Casa Comalat 23:53 – Casa Bonaventura Ferrer 26:27 – Casa Fuster 34:30 – Rambla de Catalunya 52:04 – Casa Batlló 57:45 – Rambla de Catalunya #2 1:07:02 – University of Barcelona 1:11:31 – Pelai Street 1:20:56 – Catalonia Square 1:24:46 – Portal de l'Àngel Avenue 1:32:45 – Passeig de Gràcia Night 1:44:55 – Casa Batlló Night 1:52:27 – La Pedrera Night  #barcelona #walkingtour #4kwalk #citywalk #spaintravel #relaxingvideo","[{'title': 'Intro', 'timestamp': '0:00:00'}, {'title': 'La Pedrera', 'timestamp': '0:00:55'}, {'title': 'Passeig de Gràcia', 'timestamp': '0:02:57'}, {'title': 'Baró de Quadras Palace', 'timestamp': '0:07:23'}, {'title': 'Casa de les Punxes', 'timestamp': '0:09:25'}, {'title': 'Casa Comalat', 'timestamp': '0:19:39'}, {'title': 'Casa Bonaventura Ferrer', 'timestamp': '0:23:53'}, {'title': 'Casa Fuster', 'timestamp': '0:26:27'}, {'title': 'Rambla de Catalunya', 'timestamp': '0:34:30'}, {'title': 'Casa Batlló', 'timestamp': '0:52:04'}, {'title': 'Rambla de Catalunya #2', 'timestamp': '0:57:45'}, {'title': 'University of Barcelona', 'timestamp': '1:07:02'}, {'title': 'Pelai Street', 'timestamp': '1:11:31'}, {'title': 'Catalonia Square', 'timestamp': '1:20:56'}, {'title': ""Portal de l'Àngel Avenue"", 'timestamp': '1:24:46'}, {'title': 'Passeig de Gràcia Night', 'timestamp': '1:32:45'}, {'title': 'Casa Batlló Night', 'timestamp': '1:44:55'}, {'title': 'La Pedrera Night', 'timestamp': '1:52:27'}]",1,04092026
9,hHv9seE7xd8,"BARCELONA, Spain 🇪🇸 Sunny Day & Catalan Energy | 4K Walking Tour",15082026,UC20vyRWEaC2GIS8DkmeRQaA,39293,"This 4K Barcelona walking tour takes you through the elegant and historic center of Barcelona, Spain, capturing wide shopping boulevards, famous squares, Gothic streets, Catalan architecture, lively city life, and the warm Mediterranean atmosphere of one of Europe’s most beautiful cities.  In this video, I show you the feeling of walking from Passeig de Gràcia and Plaça de Catalunya toward La Rambla, the Gothic Quarter, Barcelona Cathedral, Plaça de Sant Jaume, and Plaça Reial. The walk captures Barcelona’s unique mix of historic charm, busy streets, cafés, shops, local life, and beautiful old city atmosphere.  The tour also includes famous modernist landmarks such as Casa Milà / La Pedrera and continues along Passeig de Gràcia, showing the contrast between Barcelona’s medieval old town and its elegant shopping streets.  🎥 Perfect for those searching for: Barcelona walking tour 4K, Barcelona Spain walk, Barcelona city walk, Barcelona Gothic Quarter walk, Passeig de Gràcia Barcelona, Plaça de Catalunya walk, La Rambla Barcelona, Barcelona Cathedral, Plaça de Sant Jaume, Barcelona City Hall, Plaça Reial Barcelona, Casa Milà La Pedrera, Spain walking tour, Barcelona virtual walking tour, Barcelona travel video.  📍 Tour Highlights: 🚶 Barcelona Walking Tour – Real streets and everyday city life 🛍️ Passeig de Gràcia – Famous shopping street and elegant boulevard 🌆 Plaça de Catalunya – Major square in the heart of Barcelona 🌴 La Rambla – Iconic boulevard and lively city atmosphere 🏘️ Gothic Quarter – Historic streets and medieval charm ⛪ Barcelona Cathedral – Famous landmark in the old city 🏙️ Plaça de Sant Jaume – Historic square and Barcelona City Hall 🏛️ Plaça Reial – Beautiful royal square near La Rambla 🏛️ Casa Milà / La Pedrera – Famous modernist landmark by Gaudí ✨ Catalan City Vibes – Historic, elegant, lively, and immersive  🕒 Chapters: 0:00 Passeig de Gràcia Shopping Street 19:26 Plaça de Catalunya 25:21 La Rambla 30:28 Gothic Quarter 38:54 Barcelona Cathedral 44:23 Plaça de Sant Jaume & Barcelona City Hall 45:23 Gothic Quarter 55:43 Plaça Reial – Royal Square 1:04:57 Casa Milà – La Pedrera 1:06:37 Passeig de Gràcia  🎬 Filming Info: 📍 Location: Barcelona, Spain 🇪🇸 📽️ Format: 4K Ultra HD at 60fps 🎧 Audio: Real city sounds – no music, no commentary ☀️ Time: Daytime  🤝 Business Inquiries and Contact: walkingozmedia@gmail.com  ⚠️ My videos are copyrighted material owned by the channel Walking OZ. Any unauthorized use, including for personal or private purposes, is strictly prohibited. Walking OZ reserves the right to issue copyright strikes for infringement, and will not withdraw them once issued.","[{'title': 'Passeig de Gràcia Shopping Street', 'timestamp': '0:00:00'}, {'title': 'Plaça de Catalunya', 'timestamp': '0:19:26'}, {'title': 'La Rambla', 'timestamp': '0:25:21'}, {'title': 'Gothic Quarter', 'timestamp': '0:30:28'}, {'title': 'Barcelona Cathedral', 'timestamp': '0:38:54'}, {'title': 'Plaça de Sant Jaume & Barcelona City Hall', 'timestamp': '0:44:23'}, {'title': 'Gothic Quarter', 'timestamp': '0:45:23'}, {'title': 'Plaça Reial – Royal Square', 'timestamp': '0:55:43'}, {'title': 'Casa Milà – La Pedrera', 'timestamp': '1:04:57'}, {'title': 'Passeig de Gràcia', 'timestamp': '1:06:37'}]",1,04092026
10,dAuOT2DjJ1Y,London Walking Tour 2026 | Central London Summer Heatwave Walk | Busy Tourist Attractions [4K HDR],10082026,UCBvZ2hEzZZaWAIrUHVN6YUw,57436,"Welcome to another London Walking Tour 2026. Join me as we explore the heart of Central London on a busy summer day during the London heatwave, walking through some of the city’s most famous tourist attractions, historic landmarks and shopping streets.  This relaxing 4K HDR walking tour starts at Victoria Station, where we first pass Little Big Ben, before continuing along Victoria Street towards Westminster Abbey and Parliament Square. From here, we walk past the world-famous Big Ben and cross Westminster Bridge, surrounded by tourists enjoying London’s summer atmosphere.  Our walk continues to the London Eye and South Bank, one of London’s busiest tourist areas. We then cross the River Thames via Jubilee Bridge, arriving at Embankment before continuing towards Trafalgar Square.  From Trafalgar Square, we walk through Leicester Square and Piccadilly Circus, where the streets are packed with visitors enjoying Central London despite the summer heat. The final part of our walk takes us along the famous Regent Street, before reaching Oxford Street and Oxford Circus, one of London’s busiest shopping destinations.  Experience London just like a real visitor as we walk through busy tourist areas, historic streets, famous landmarks and world-renowned shopping districts. Even during the London summer heatwave, Central London is full of tourists exploring the city on foot and enjoying the vibrant summer atmosphere.  Whether you’re planning a trip to London or simply enjoy virtual walking tours, this video lets you experience the real sights and sounds of London in immersive 4K HDR with no commentary.  🚶 In this video:  • London Walking Tour 2026 • Central London Summer Walk • London Heatwave Walk • Victoria Station & Little Big Ben • Westminster Abbey & Parliament Square • Big Ben & Westminster Bridge • London Eye & South Bank • River Thames & Jubilee Bridge • Embankment & Trafalgar Square • Leicester Square & Piccadilly Circus • Regent Street • Oxford Street & Oxford Circus • Busy London Tourist Attractions • London Shopping Streets • Real Street Sounds • 4K HDR Walking Tour  🚶 Today’s Walking Route:  Victoria Station → Little Big Ben → Victoria Street → Westminster Abbey → Parliament Square → Big Ben → Westminster Bridge → London Eye → South Bank → Jubilee Bridge → Embankment → Trafalgar Square → Leicester Square → Piccadilly Circus → Regent Street → Oxford Street → Oxford Circus  London || London Walk || Walking in London || London Walking Tour || London Summer Walk 2026 || London Heatwave 2026 || Central London Walk || London City Walk || London Tourist Attractions || Big Ben Walk || London Eye Walk || Westminster Walk || South Bank Walk || Trafalgar Square || Piccadilly Circus || Regent Street Walk || Oxford Street Walk || London Shopping Streets || London 4K HDR || Virtual Walking Tour  If you enjoy this video, please Like, Subscribe and turn on the notification bell 🔔 so you never miss a new London walking tour.  📅 Filmed: London Summer 2026 📍 Location: Central London, England, UK 🎥 Video Quality: 4K HDR  #London #LondonWalk #LondonWalkingTour #CentralLondon #LondonSummer #LondonHeatwave #London2026 #BigBen #LondonEye #Westminster #SouthBank #TrafalgarSquare #PiccadillyCircus #RegentStreet #OxfordStreet #VisitLondon #4KHDR",[],1,02092026
11,Qj0TbRiRjFE,Walking Tour of Lauterbrunnen | Switzerland 4K,04102025,UCOlx478DxwYAwkLnz9ELNIQ,310958,"Welcome to Lauterbrunnen, one of the most beautiful villages in Switzerland, nestled in the famous Valley of 72 Waterfalls. This walking tour takes you through charming streets, traditional Swiss chalets, and breathtaking alpine scenery surrounded by towering cliffs and cascading waterfalls.  Filmed in crystal clear 4K with natural ambient sounds, this video is perfect for virtual travel, relaxation, or planning your dream trip to Switzerland. Feel the unique atmosphere of Lauterbrunnen as if you are there in person.  📍 Highlights of this walk: • Stroll through the heart of Lauterbrunnen village • Views of Staubbach Falls and surrounding cliffs • Traditional Swiss chalets and alpine meadows • Peaceful, immersive walk with no commentary — only natural sounds  ✨ Discover why Lauterbrunnen is often called the most magical valley in the Swiss Alps!  👍 Support the channel: Like, comment, share and subscribe for more 4K walking tours of beautiful cities around the world.  Timeline 0:00 - Intro 4:35 - Evangelical Reformed Church  13:29 - Staubbachfall 17:20 - Tunnel to Trümmelbach Falls 51:12 - White Lütschine river 1:02:22 - Hauptstrasse 1:39:47 - Scenic views  ------------------------------------------------------------------------------------ Video Duration: 1:47:40  📍Location: Switzerland | Lauterbrunnen   Shooting time: August 5, 13:27, Monday Weather: 26°C | 80,6 °F  Watch My Previous Videos ------------------------------------------------------------------------------------ ▶️ Is This Europe's Sunniest Capital? 🌞 Discovering Lisbon's Magic 4K https://youtu.be/JLWM8axd4xE  ▶️ Discover the Magic of Holland’s Most Picturesque Villagе https://youtu.be/AqPRLANsFvw  ▶️  This Swiss Village Feels Like a Dream | Walking Tour of Zermatt 🏔️ https://youtu.be/0pY5AoubiWQ  ▶️  The Enchanting City of Northern Europe 🇸🇪 Stockholm https://youtu.be/0x3adAiyNog ---------------------------------------------------------------------------------------- 🔸I'm Denis, a travel enthusiast and professional videographer. I’ve combined my two passions, and now I'm thrilled to share the most beautiful and fascinating places from my travels with you. Step into a world of exploration with me as we embark on captivating walking tours around the globe.  New Video Uploaded Every Week  Don't forget to tell us your opinion in the comments below.  Be sure to share your thoughts in the comments! Your feedback is so important for the growth of my channel. Thank you!  You Can Follow Me On Social Media Links:  ---------------------------------------------------------------------------------------- https://www.instagram.com/raevdenis.paris  For business inquiries and cooperation my contacts are in the channel description.","[{'title': 'Intro', 'timestamp': '0:00:00'}, {'title': 'Evangelical Reformed Church', 'timestamp': '0:04:35'}, {'title': 'Staubbachfall', 'timestamp': '0:13:29'}, {'title': 'Tunnel to Trümmelbach Falls', 'timestamp': '0:17:20'}, {'title': 'White Lütschine river', 'timestamp': '0:51:12'}, {'title': 'Hauptstrasse', 'timestamp': '1:02:22'}, {'title': 'Scenic views', 'timestamp': '1:39:47'}]",1,04092026
12,NAwI19WQDVc,"VENICE Walking Tour 🇮🇹🛶 |  Walk Venice Canals, Hidden Streets & Italian Charm!",03042026,UC0TqihOw3aHbHDi-EWBfFeA,229502,"📌 VENICE, Italy 🇮🇹 📅 Monday, March 23rd, 2026 ⛅ Weather: 15°C / 59ºF  Welcome to this 4K walking tour through Venice, Italy!  Join us as we explore Venice, one of the most unique cities in the world, built entirely on water and famous for its canals, bridges, and timeless atmosphere.  🚶‍♂️ Our walk begins at Riva del Carbon, on the iconic Grand Canal, Venice's main artery, flanked by historic palaces.  🌉 We continue to the famous Rialto Bridge, one of the oldest and most iconic bridges crossing the Grand Canal.  🛶 We wander through narrow alleys and hidden canals, discovering the everyday life of this floating city.  🏛️ Soon we reach the magnificent St. Mark's Square, the heart of Venice.  ⛪ Here stands the breathtaking St. Mark's Basilica, with its golden mosaics and Byzantine architecture.  🌅 Finally, we explore quieter neighborhoods, where Venice reveals its most authentic and peaceful side.  ✨ Enjoy this Venice 4K walking tour and immerse yourself in one of the most magical cities in the world.  🇮🇹 Let’s explore Venice together!  ⓢⓤⓑⓢⓒⓡⓘⓑⓔ Don’t forget to LIKE 👍 and SUBSCRIBE 😊 to Walk The Tour so you won’t miss upcoming walks around the world! ❤️  ▶️ SUBSCRIBE FREE 👉 /@walkthetour  ⏱️ CHAPTERS 00:00 – Intro 0:00:49 – Rialto Bridge 0:15:00 – Campo San Giacomo di Rialto Square 0:18:12 – Rialto Market Area 0:24:20 – Riva del Vin 0:33:47 – Campo San Bortolomio Square 0:37:33 – Campo San Salvador Square 0:41:25 – Campo San Luca Square 0:43:36 – Fondamenta Orseolo Street 0:45:55 – Bacino Orselo Gondola Park 0:50:05– St. Mark’s Square 0:59:36 – St. Mark’s Basilica 1:02:14 – Doge’s Palace Exterior 1:05:21 – Lagoon Views 1:08:42 – Giardini Ex Reali 1:14:58 – Riva degli Schiavoni 1:17:30 – Bridge of Sighs 1:20:11 – Campo Santa María Formosa Square 1:27:55 – Fondamenta dell'Osmarin Street 1:31:34 – Campo Santi Filippo e Giacomo Square 1:35:18 – St. Mark’s Square (2nd round) 1:44:06 – Campo San Moisè Square 1:47:43 – Campello Santa Maria Zobenigo Square 1:49:46 – Campo San Maurizio Square 1:51:01 – Campo Santo Stefano Square 1:54:31 – Sunset at Academia Bridge  #venice #veniceitaly #venicewalkingtour #venice4k #veniceitaly4k #venicecanals #venicegondola #walkingtour #italy #italytravel #italywalk #italy4k #italywalkingtour #venezia #veneziaitalia #venicevlog #explorevenice #walkthetour","[{'title': 'Intro', 'timestamp': '0:00:00'}, {'title': 'Rialto Bridge', 'timestamp': '0:00:49'}, {'title': 'Campo San Giacomo di Rialto Square', 'timestamp': '0:15:00'}, {'title': 'Rialto Market Area', 'timestamp': '0:18:12'}, {'title': 'Riva del Vin', 'timestamp': '0:24:20'}, {'title': 'Campo San Bortolomio Square', 'timestamp': '0:33:47'}, {'title': 'Campo San Salvador Square', 'timestamp': '0:37:33'}, {'title': 'Campo San Luca Square', 'timestamp': '0:41:25'}, {'title': 'Fondamenta Orseolo Street', 'timestamp': '0:43:36'}, {'title': 'Bacino Orselo Gondola Park', 'timestamp': '0:45:55'}, {'title': 'St. Mark’s Square', 'timestamp': '0:50:05'}, {'title': 'St. Mark’s Basilica', 'timestamp': '0:59:36'}, {'title': 'Doge’s Palace Exterior', 'timestamp': '1:02:14'}, {'title': 'Lagoon Views', 'timestamp': '1:05:21'}, {'title': 'Giardini Ex Reali', 'timestamp': '1:08:42'}, {'title': 'Riva degli Schiavoni', 'timestamp': '1:14:58'}, {'title': 'Bridge of Sighs', 'timestamp': '1:17:30'}, {'title': 'Campo Santa María Formosa Square', 'timestamp': '1:20:11'}, {'title': ""Fondamenta dell'Osmarin Street"", 'timestamp': '1:27:55'}, {'title': 'Campo Santi Filippo e Giacomo Square', 'timestamp': '1:31:34'}, {'title': 'St. Mark’s Square (2nd round)', 'timestamp': '1:35:18'}, {'title': 'Campo San Moisè Square', 'timestamp': '1:44:06'}, {'title': 'Campello Santa Maria Zobenigo Square', 'timestamp': '1:47:43'}, {'title': 'Campo San Maurizio Square', 'timestamp': '1:49:46'}, {'title': 'Campo Santo Stefano Square', 'timestamp': '1:51:01'}, {'title': 'Sunset at Academia Bridge', 'timestamp': '1:54:31'}]",1,04092026
13,2BfHMnDOteA,"Venice, Italy Ultimate Walking Tour – Rialto, San Marco & Historic Venice | 4K 60fps",19112022,UCNzul4dnciIlDg8BAcn5-cQ,5043436,"Venice Ultimate walking tour — Part 1 of a 7-hour walk through the historic center of Venice, Italy, starting at the Rialto Bridge and covering the Fish Market, Piazza San Marco, the Bridge of Sighs, Campo Santi Giovanni e Paolo, and countless hidden campos and canals off the tourist path. Filmed in 4K60fps with binaural audio.  Venice was built on 118 small islands in a saltwater lagoon and has been a UNESCO World Heritage site since 1987. This walk begins near the Rialto Bridge — completed in 1591 by Antonio da Ponte — and spends nearly 4 hours through the labyrinthine alleys, hidden campos, and working neighborhoods of San Marco, Castello, and Cannaregio.  Ideal for virtual travel, treadmill walks, and ambient atmosphere. Best with headphones.  ⭐ Don't miss: Rialto Bridge at 4:38, the Fish Market at 33:35, the Scenic Rooftop Terrace at 58:26, Piazza San Marco at 1:31:55, St. Mark's Campanile view at 1:41:17, the Bridge of Sighs at 2:03:52, the Amazing Book Store (Libreria Acqua Alta) at 2:47:26, and the grocery store inside an old theater at 3:49:12.  📅 Filmed on: Saturday, July 2nd, 2022 at 10:50 AM 🌞 Weather: 32°C | 90°F 📍 Location: Venice, Veneto Region, Italy 🗺️ Map of the Walk: https://www.google.com/maps/d/edit?mid=14X7n1movkk-1Sko5mBbcqGDKb5T46zI&usp=sharing  ━━━━━━━━━━━━━━━━━━━━━━━━━━━━━━━━ ⏱️ TOUR TIMELINE ━━━━━━━━━━━━━━━━━━━━━━━━━━━━━━━━ 0:00 Intro and Map ⭐ 4:38 Rialto Bridge and Canal Walk 26:58 Venetian Mask Shop ⭐ 33:35 Fish Market 44:22 Campo Erberia 51:56 Rialto Bridge ⭐ 58:26 Scenic Rooftop Terrace 1:16:25 San Salvador Church ⭐ 1:31:55 Piazza San Marco ⭐ 1:41:17 St. Mark's Campanile View ⭐ 2:03:52 Bridge of Sighs 2:04:33 Waterfront Walk 2:15:00 Hidden Heart 2:26:10 Campo San Zaccaria 2:28:39 Campo Santi Filippo e Giacomo 2:29:59 Ponte de Canonica 2:34:36 Calle Larga S. Marco 2:38:56 Venetian Mask Shop 2:43:44 Campo Santa Maria Formosa ⭐ 2:47:26 Amazing Book Store (Libreria Acqua Alta) 3:00:51 Campo Santi Giovanni e Paolo 3:08:38 Campo Santa Maria Nova 3:12:06 Ponte dei Zogatoli 3:13:46 Campiello del Remer 3:18:08 Hidden Grand Canal View 3:24:22 Rialto Bridge ⭐ 3:49:12 Grocery Store Inside Old Theater 3:55:06 Campo San Marcuola  ▶ Continue The Walk (Part 2): https://youtu.be/cLOuH5El-NU  ━━━━━━━━━━━━━━━━━━━━━━━━━━━━━━━━ ⛪ ABOUT VENICE ━━━━━━━━━━━━━━━━━━━━━━━━━━━━━━━━ Venice was the capital of the Republic of Venice, one of the most powerful maritime states in Europe, from the late 7th century until Napoleon's conquest in 1797. The city was built on 118 small islands connected by more than 400 bridges across 177 canals, and has remained substantially unchanged since the 18th century. This walk spends time in the sestieri of San Marco, Castello, and Cannaregio — home of the Jewish Ghetto, the first in Europe, established in 1516. The Libreria Acqua Alta, visited at 2:47:26, is one of the most unusual bookstores in the world: books are stored in gondolas and bathtubs to protect them from the acqua alta floods.  ━━━━━━━━━━━━━━━━━━━━━━━━━━━━━━━━ 📽 MORE WALKING TOURS ━━━━━━━━━━━━━━━━━━━━━━━━━━━━━━━━ 🍕 Italy: https://youtube.com/playlist?list=PLSOO4vYXpMCc6k7EuMhr764qCNeXDrxpj&si=aYfLAtNw1eGc560w 🎄 Christmas Markets: https://youtube.com/playlist?list=PLSOO4vYXpMCd2nqHyPaDtgxkf_BsAuQCt&si=0YU1zhv0tLbwm8u6 🌍 Complete List: http://www.prowalks.com/videos  ━━━━━━━━━━━━━━━━━━━━━━━━━━━━━━━━ 📢 SUPPORT & CONNECT 📢 ━━━━━━━━━━━━━━━━━━━━━━━━━━━━━━━━ 🌍 Website: https://www.prowalktours.com 📧 Email: info@prowalktours.com 🔔 Subscribe for more! https://www.youtube.com/@ProwalkTours 🟥 Become a Member: https://www.youtube.com/channel/UCNzul4dnciIlDg8BAcn5-cQ/join 🔶 Support me on Patreon: https://www.patreon.com/Prowalktours 🔷 Help with a donation: https://www.paypal.me/Prowalks  ━━━━━━━━━━━━━━━━━━━━━━━━━━━━━━━━ 🎥 CAMERA & RECORDING GEAR I USE ━━━━━━━━━━━━━━━━━━━━━━━━━━━━━━━━ 📱 Beginner / Ultra Portable: DJI Osmo Pocket 3 👉 https://amzn.to/4aelKS2 🏃 Rugged / Action: GoPro Hero 13 👉 https://amzn.to/4qldBRQ 🎬 Professional Cinematic: Sony A7S III 👉 https://amzn.to/4qga72E 🔭 Main Lens: Sony FE PZ 16-35mm F4 G 👉 https://amzn.to/4kiAPX3 🎥 Gimbal: DJI RS4 Mini 👉 https://amzn.to/4bCxMXM 🎙️ Microphone: Sony ECM-M1 👉 https://amzn.to/3ZQ75HH  ⭐ Essential Accessories 💾 Memory Cards 👉 https://amzn.to/4tnYeuE 🔋 Extra Batteries 👉 https://amzn.to/46uvFBC 🧿 ND Filter 👉 https://amzn.to/46r3RxZ 🧳 Comfortable Walking Shoes 👉 https://amzn.to/45ORf3G 🛒 Complete Gear List: https://www.amazon.com/shop/prowalktours  🚷 No portion of this video may be used without prior written consent from Prowalk Tours. If you appear in this video and wish to have your image removed, please contact me at info@prowalktours.com  #Venice #VeniceItaly #VeniceWalkingTour #RialtoBridge #PiazzaSanMarco #BridgeOfSighs #LibreriaAcquaAlta #Italy #WalkingTour #4K","[{'title': 'Intro and Map', 'timestamp': '0:00:00'}, {'title': 'Rialto Bridge and Canal Walk', 'timestamp': '0:04:38'}, {'title': 'Venetian Mask Shop', 'timestamp': '0:26:58'}, {'title': 'Fish Market', 'timestamp': '0:33:35'}, {'title': 'Campo Erberia', 'timestamp': '0:44:22'}, {'title': 'Rialto Bridge', 'timestamp': '0:51:56'}, {'title': 'Scenic Rooftop Terrace', 'timestamp': '0:58:26'}, {'title': 'San Salvador Church', 'timestamp': '1:16:25'}, {'title': 'Piazza San Marco', 'timestamp': '1:31:55'}, {'title': ""St. Mark's Campanile View"", 'timestamp': '1:41:17'}, {'title': 'Bridge of Sighs', 'timestamp': '2:03:52'}, {'title': 'Waterfront Walk', 'timestamp': '2:04:33'}, {'title': 'Hidden Heart', 'timestamp': '2:15:00'}, {'title': 'Campo San Zaccaria', 'timestamp': '2:26:10'}, {'title': 'Campo Santi Filippo e Giacomo', 'timestamp': '2:28:39'}, {'title': 'Ponte de Canonica', 'timestamp': '2:29:59'}, {'title': 'Calle Larga S. Marco', 'timestamp': '2:34:36'}, {'title': 'Venetian Mask Shop', 'timestamp': '2:38:56'}, {'title': 'Campo Santa Maria Formosa', 'timestamp': '2:43:44'}, {'title': 'Amazing Book Store (Libreria Acqua Alta)', 'timestamp': '2:47:26'}, {'title': 'Campo Santi Giovanni e Paolo', 'timestamp': '3:00:51'}, {'title': 'Campo Santa Maria Nova', 'timestamp': '3:08:38'}, {'title': 'Ponte dei Zogatoli', 'timestamp': '3:12:06'}, {'title': 'Campiello del Remer', 'timestamp': '3:13:46'}, {'title': 'Hidden Grand Canal View', 'timestamp': '3:18:08'}, {'title': 'Rialto Bridge', 'timestamp': '3:24:22'}, {'title': 'Grocery Store Inside Old Theater', 'timestamp': '3:49:12'}, {'title': 'Campo San Marcuola', 'timestamp': '3:55:06'}]",1,04092026
14,w-P2O67gNMY,"AMSTERDAM, Netherlands 🇳🇱 The Majestic Dutch City | 4K Walking Tour",09082026,UC20vyRWEaC2GIS8DkmeRQaA,23809,"This 4K Amsterdam walking tour takes you through the lively and historic heart of Amsterdam, Netherlands, capturing busy shopping streets, famous squares, canal views, narrow lanes, old Dutch architecture, cafés, bicycles, and the authentic atmosphere of the city center.  In this video, I show you the feeling of walking through central Amsterdam, from Kalverstraat, Rokin, Dam Square, the Royal Palace, Damrak, and Nieuwendijk to Haarlemmerstraat, Nieuwezijds Voorburgwal, Koningsplein, Leidsestraat, Lange Leidsedwarsstraat, and Prinsengracht. The walk captures Amsterdam’s mix of crowded streets, peaceful canals, hidden side streets, local life, and classic Dutch city charm.  The tour also includes typical narrow streets and authentic side streets of Amsterdam, giving you a real impression of the city beyond the main tourist areas — historic, lively, scenic, crowded, and full of everyday Dutch atmosphere.  🎥 Perfect for those searching for: Amsterdam walking tour 4K, Amsterdam Netherlands walk, Amsterdam city walk, Amsterdam city center walk, Kalverstraat Amsterdam, Rokin Amsterdam, Dam Square Amsterdam, Royal Palace Amsterdam, Damrak Amsterdam, Nieuwendijk Amsterdam, Haarlemmerstraat Amsterdam, Amsterdam canals walking tour, Nieuwezijds Voorburgwal, Koningsplein Amsterdam, Leidsestraat Amsterdam, Prinsengracht Amsterdam, Netherlands walking tour, Amsterdam virtual walking tour, Amsterdam travel video.  📍 Tour Highlights: 🚶 Amsterdam Walking Tour – Real streets and everyday city life 🛍️ Kalverstraat & Rokin – Busy shopping streets in the center 👑 Royal Palace & Dam Square – Famous landmarks in Amsterdam 🏙️ Damrak – Iconic street near Amsterdam Centraal 🚶 Nieuwendijk – Lively pedestrian street and local movement 🏘️ Haarlemmerstraat – Local shops, cafés, and street atmosphere 🌊 Amsterdam Canals – Classic water views and historic charm 🏠 Narrow Side Streets – Authentic Amsterdam atmosphere 🌆 Nieuwezijds Voorburgwal – Historic city street near the center 🚶 Leidsestraat & Prinsengracht – Beautiful central Amsterdam scenery ✨ Dutch City Vibes – Historic, lively, scenic, and immersive  🕒 Chapters: 0:00 Kalverstraat & Rokin 11:40 Royal Palace & Dam Square 14:52 Damrak 21:00 Nieuwendijk 28:20 Other side of Nieuwendijk Street 32:06 Haarlemmerstraat 37:22 Walking along the Canal 47:36 Typical Narrow Streets 49:48 Nieuwezijds Voorburgwal 53:10 Authentic Side Streets of Amsterdam 1:08:17 Nieuwendijk 1:10:00 Damrak 1:21:46 Dam Square, Kalverstraat & More Side Streets 1:36:07 Koningsplein & Leidsestraat 1:45:31 Lange Leidsedwarsstraat 1:48:26 Prinsengracht  🎬 Filming Info: 📍 Location: Amsterdam, Netherlands 🇳🇱 📽️ Format: 4K Ultra HD at 60fps 🎧 Audio: Real city sounds – no music, no commentary ☀️ Time: Daytime  🤝 Business Inquiries and Contact: walkingozmedia@gmail.com  ⚠️ My videos are copyrighted material owned by the channel Walking OZ. Any unauthorized use, including for personal or private purposes, is strictly prohibited. Walking OZ reserves the right to issue copyright strikes for infringement, and will not withdraw them once issued.","[{'title': 'Kalverstraat & Rokin', 'timestamp': '0:00:00'}, {'title': 'Royal Palace & Dam Square', 'timestamp': '0:11:40'}, {'title': 'Damrak', 'timestamp': '0:14:52'}, {'title': 'Nieuwendijk', 'timestamp': '0:21:00'}, {'title': 'Other side of Nieuwendijk Street', 'timestamp': '0:28:20'}, {'title': 'Haarlemmerstraat', 'timestamp': '0:32:06'}, {'title': 'Walking along the Canal', 'timestamp': '0:37:22'}, {'title': 'Typical Narrow Streets', 'timestamp': '0:47:36'}, {'title': 'Nieuwezijds Voorburgwal', 'timestamp': '0:49:48'}, {'title': 'Authentic Side Streets of Amsterdam', 'timestamp': '0:53:10'}, {'title': 'Nieuwendijk', 'timestamp': '1:08:17'}, {'title': 'Damrak', 'timestamp': '1:10:00'}, {'title': 'Dam Square, Kalverstraat & More Side Streets', 'timestamp': '1:21:46'}, {'title': 'Koningsplein & Leidsestraat', 'timestamp': '1:36:07'}, {'title': 'Lange Leidsedwarsstraat', 'timestamp': '1:45:31'}, {'title': 'Prinsengracht', 'timestamp': '1:48:26'}]",1,04092026
15,ljh-PZI7GY4,AMSTERDAM 🇳🇱 A Fairytale City on Water | 4K Walking Tour,01082026,UC20vyRWEaC2GIS8DkmeRQaA,59353,"This 4K Amsterdam walking tour takes you through the historic and lively heart of Amsterdam, Netherlands, capturing canals, shopping streets, landmark squares, old Dutch architecture, busy city life, and the unique atmosphere of one of Europe’s most famous cities.  In this video, I show you the feeling of walking through central Amsterdam, from Rokin and Dam Square to the Royal Palace, Damrak, De Wallen, and the Red Light District. The walk captures Amsterdam’s mix of historic streets, canals, bicycles, cafés, shops, crowds, and everyday Dutch city atmosphere.  The tour also continues through Nieuwebrugsteeg, Prins Hendrikkade, Nieuwendijk, and Kalverstraat, showing some of Amsterdam’s busiest central streets and most recognizable city views.  🎥 Perfect for those searching for: Amsterdam walking tour 4K, Amsterdam Netherlands walk, Amsterdam city walk, Amsterdam city center walk, Amsterdam canals walking tour, Rokin Amsterdam, Dam Square Amsterdam, Royal Palace Amsterdam, Paleis op de Dam, Damrak Amsterdam, De Wallen Amsterdam, Red Light District Amsterdam, Nieuwendijk Amsterdam, Kalverstraat Amsterdam, Netherlands walking tour, Amsterdam virtual walking tour, Amsterdam travel video.  📍 Tour Highlights: 🚶 Amsterdam Walking Tour – Real streets and everyday city life 🏙️ Rokin – Central Amsterdam street atmosphere 👑 Royal Palace & Dam Square – Famous landmarks in the city center 🏘️ Damrak – Busy street near Amsterdam Centraal 🌙 De Wallen & Red Light District – Historic nightlife area and narrow streets 🌊 Prins Hendrikkade – City views near the waterfront 🛍️ Nieuwendijk – Lively pedestrian shopping street 🛒 Kalverstraat – One of Amsterdam’s busiest shopping streets ✨ Dutch City Vibes – Historic, lively, scenic, and immersive  🕒 Chapters: 0:00 Rokin 8:11 Royal Palace & Dam Square 10:48 Damrak 23:01 De Wallen & Red Light District 55:42 Nieuwebrugsteeg & Prins Hendrikkade 1:02:20 Nieuwendijk 1:13:13 Dam Square 1:15:36 Kalverstraat  🎬 Filming Info: 📍 Location: Amsterdam, Netherlands 🇳🇱 📽️ Format: 4K Ultra HD at 60fps 🎧 Audio: Real city sounds – no music, no commentary ☀️ Time: Daytime  🤝 Business Inquiries and Contact: walkingozmedia@gmail.com  ⚠️ My videos are copyrighted material owned by the channel Walking OZ. Any unauthorized use, including for personal or private purposes, is strictly prohibited. Walking OZ reserves the right to issue copyright strikes for infringement, and will not withdraw them once issued.","[{'title': 'Rokin', 'timestamp': '0:00:00'}, {'title': 'Royal Palace & Dam Square', 'timestamp': '0:08:11'}, {'title': 'Damrak', 'timestamp': '0:10:48'}, {'title': 'De Wallen & Red Light District', 'timestamp': '0:23:01'}, {'title': 'Nieuwebrugsteeg & Prins Hendrikkade', 'timestamp': '0:55:42'}, {'title': 'Nieuwendijk', 'timestamp': '1:02:20'}, {'title': 'Dam Square', 'timestamp': '1:13:13'}, {'title': 'Kalverstraat', 'timestamp': '1:15:36'}]",1,04092026
16,L-7hCkpXhvg,AMSTERDAM 🇳🇱 Full City Walk – 6 Hours of Exploration | 4K Walking Tour,29032026,UC20vyRWEaC2GIS8DkmeRQaA,67290,"This 4K Amsterdam walking tour is a full city walk through the Dutch capital, filmed over 6 hours in real time. Filmed with no music and no commentary, this Amsterdam city walk captures the authentic rhythm of the city from morning to evening, showing canals, historic streets, busy shopping areas, and quieter local neighborhoods across Amsterdam.  📱✈️ *Traveling and need mobile data?* Skip roaming fees and get *15% off* your eSIM: → https://saily.com/walkingoz Code: *walkingoz*  🌏 🛡️ *Streaming abroad or using public WiFi?* Stay secure with NordVPN + *4 extra months free:* → https://nordvpn.com/walkingoz  Some links are affiliate links, meaning I may earn a commission at no extra cost to you.  *Want to explore more?* 🇳🇱 Netherlands Walks → https://www.youtube.com/playlist?list=PLaCCxt8X-lByQ1oZY0F-vc8HFuAC3OgJkc 🇳🇱 Amsterdam Walks → https://www.youtube.com/playlist?list=PLaCCxt8X-lBzl4-7ln_DsMcJ6bOKz6uXI 🇪🇺 Europe Walks → https://www.youtube.com/playlist?list=PLaCCxt8X-lBxqce84fjISS9kki8qDdXyc   This extended city walkthrough and street walkthrough takes you through multiple districts of Amsterdam, offering an uninterrupted urban walk experience. From famous canal belts and lively city center streets to local areas beyond the main tourist routes, this long Amsterdam walk shows everyday life with real city sounds and a relaxed atmosphere.  🎥 Perfect for those searching for Amsterdam walking tour 4K, Amsterdam city walk, Amsterdam city walkthrough, Amsterdam street walkthrough, long walking tour, full day city walk, or virtual walking tours through the Netherlands.  📍 Tour Highlights: 🌊 Amsterdam Canals – Historic waterways and iconic bridges 🚶 City Center Streets – Busy shopping areas and pedestrian zones 🏘️ Local Neighborhoods – Everyday life beyond tourist hotspots 🛍️ Shopping Streets – Lively streets with shops and cafés 🚲 Street Life – Bicycles, trams, and local atmosphere 🌇 Day to Evening Transition – Changing light and city mood  📌 About this Amsterdam city walk: Amsterdam is the capital of the Netherlands and one of Europe’s most walkable cities. Known for its canals, narrow streets, and relaxed lifestyle, the city offers a unique mix of history and modern urban life. This 6-hour 4K walking tour and city walkthrough shows Amsterdam naturally, without narration or music, ideal for immersive viewing or background watching.  🎬 Filming Info: 📍 Location: Amsterdam, Netherlands 🇳🇱 📽️ Format: 4K at 60fps 🎧 Audio: Real city sounds – no music, no commentary 🌞🌆 Time: Full day  Which part of this Amsterdam city walk would you enjoy most – the historic canals, the lively city center, or the calmer local neighborhoods?  🤝 Business Inquiries and Contact: walkingozmedia@gmail.com  ⚠️ My videos are copyrighted material owned by the channel Walking OZ. Any unauthorized use, including for personal or private purposes, is strictly prohibited. Walking OZ reserves the right to issue copyright strikes for infringement, and will not withdraw them once issued.",[],1,02092026
17,NiWJJYRq5Og,🇺🇸 NYC 4K Walk: Vibrant Summer Night Scenes in Midtown Manhattan 🌆✨,12082026,UCiVSJutRI7WdDuXV93fRWvA,105367,"📌 Video Timeline  00:00 Highlights 01:17 Intro 01:39 Columbus Circle 04:43 8th Ave 07:46 W 51st St 08:21 Gershwin Theatre 12:35 Broadway 18:37 W 48th St 19:30 7th Ave 21:25 Times Square 28:33 W 47th St 29:44 Serendipity 3 31:03 W 47th St 33:29 6th Ave 42:17 W 50th St 44:09 Rockefeller Center 46:21 5th Ave 57:06 W 42nd St 59:03 Bryant Park  📍Filming Information Filmed on: Aug. 10, 2026 (Mon. 6:10pm) Temperature: 81°F   27°C  Route on Google maps: https://maps.app.goo.gl/Zr29hxFWMhbADstc8 https://maps.app.goo.gl/wcxr6wTecVEHbcPH7  ☕ Support the Channel🥰  If you enjoy my cinematic walking tours and would like to support my journey:  Ko-fi: https://ko-fi.com/walkingalice Patreon: https://www.patreon.com/walkingalice  📱 Follow Me  Instagram: https://www.instagram.com/walkingaliceny Facebook: https://www.facebook.com/walking.alice.92  #bryantpark  #nyc #manhattan","[{'title': 'Highlights', 'timestamp': '0:00:00'}, {'title': 'Intro', 'timestamp': '0:01:17'}, {'title': 'Columbus Circle', 'timestamp': '0:01:39'}, {'title': '8th Ave', 'timestamp': '0:04:43'}, {'title': 'W 51st St', 'timestamp': '0:07:46'}, {'title': 'Gershwin Theatre', 'timestamp': '0:08:21'}, {'title': 'Broadway', 'timestamp': '0:12:35'}, {'title': 'W 48th St', 'timestamp': '0:18:37'}, {'title': '7th Ave', 'timestamp': '0:19:30'}, {'title': 'Times Square', 'timestamp': '0:21:25'}, {'title': 'W 47th St', 'timestamp': '0:28:33'}, {'title': 'Serendipity 3', 'timestamp': '0:29:44'}, {'title': 'W 47th St', 'timestamp': '0:31:03'}, {'title': '6th Ave', 'timestamp': '0:33:29'}, {'title': 'W 50th St', 'timestamp': '0:42:17'}, {'title': 'Rockefeller Center', 'timestamp': '0:44:09'}, {'title': '5th Ave', 'timestamp': '0:46:21'}, {'title': 'W 42nd St', 'timestamp': '0:57:06'}, {'title': 'Bryant Park', 'timestamp': '0:59:03'}]",1,04092026
18,Ay1lt7f3x-o,Walking in New York at Night 🗽 Explore Midtown Manhattan / NYC Walking Tour 4K,09082026,UCnvLGayHxWh5YZjpJjZ6WRg,36545,"Relaxing Evening Walk in Manhattan - New York Walking Tour at Night, July 2026 Let's explore Midtown Manhattan together - It's a beautiful eveing in New York City!  Enjoying my content?  Support me on Ko-fi ☕ https://ko-fi.com/walksandthecity Buy me a coffee ☕ https://buymeacoffee.com/walksandthecity Support on Patreon 🚀 https://www.patreon.com/c/WALKSandtheCITY",[],1,02092026
19,fYYOjDav0Mg,"Lazise, Lake Garda Italy 4K Walking Tour |  One of Italy’s Most Beautiful Lakeside Towns",15082026,UCLW_iDFpAlbfhe8DJbdd8GQ,4969,"Explore Lazise, Lake Garda, Italy in stunning 4K on a relaxing walking tour through one of Italy’s most beautiful lakeside towns. 🇮🇹🌊  Join us as we walk through the charming historic old town of Lazise, along its picturesque Lake Garda waterfront, scenic streets, harbor, and beautiful lakeside promenade. Experience the authentic atmosphere, architecture, views, and peaceful charm that make Lazise one of the most popular destinations on Lake Garda, Italy.  This Lazise 4K walking tour is perfect for anyone planning a trip to Lake Garda, looking for travel inspiration, or simply wanting to enjoy a virtual walk through one of the most beautiful towns in northern Italy.  📍 Location: Lazise, Lake Garda, Italy 🎥 Video: 4K UHD Walking Tour 🇮🇹 Destination: Lake Garda, Veneto, Italy  You can also enjoy our other Italy Walking Tours:  https://youtu.be/3Yujeo646G8 https://youtu.be/GzXaLbUpzIU https://youtu.be/aywMBdxjPe8 https://youtu.be/HAZEBicjQ3E https://youtu.be/IjY1XE0Ciro https://youtu.be/aJb5RqyGhqY https://youtu.be/djFJaNsVWNY https://youtu.be/g8aNClkoKfI https://youtu.be/uN8FeewzBBM    Whether you’re planning a Lake Garda vacation, researching places to visit in Italy, or enjoying virtual travel from home, come and discover the beauty of Lazise, Italy in 4K.  If you enjoy walking tours and beautiful destinations, like, subscribe, and turn on notifications for more 4K walking tours from Italy and around the world.  #LakeGarda #Italy #4KWalkingTour #VirtualWalk #LagoDiGarda",[],1,02092026
20,1ViC-Y5pEu8,"ROTTERDAM, Netherlands 🇳🇱 Raw Dutch Energy | 4K Walking Tour",08082026,UC20vyRWEaC2GIS8DkmeRQaA,12998,"This 4K Rotterdam walking tour takes you through the modern and energetic heart of Rotterdam, Netherlands, capturing bold architecture, shopping streets, market halls, waterfront areas, city squares, and the unique urban atmosphere of one of Europe’s most modern Dutch cities.  In this video, I show you the feeling of walking through central Rotterdam, from Lijnbaan, Van Oldenbarneveltplaats, Beursplein, Hoogstraat, and Koopgoot to some of the city’s most iconic landmarks like the Markthal, Cube Houses, Oude Haven, and Blaak. The walk captures Rotterdam’s mix of futuristic architecture, everyday city life, shops, cafés, public squares, canals, and modern Dutch street atmosphere.  The tour also continues through Coolsingel, Weena, side streets, Rotterdam Centraal, Stationsplein, and Kruisplein, showing the contrast between busy shopping areas, impressive skyline views, local streets, and the clean urban design that makes Rotterdam so different from other Dutch cities.  🎥 Perfect for those searching for: Rotterdam walking tour 4K, Rotterdam Netherlands walk, Rotterdam city walk, Rotterdam city center walk, Lijnbaan Rotterdam, Markthal Rotterdam, Cube Houses Rotterdam, Kubuswoningen Rotterdam, Oude Haven Rotterdam, Blaak Rotterdam, Koopgoot Rotterdam, Coolsingel Rotterdam, Weena Rotterdam, Rotterdam Centraal, Netherlands walking tour, Rotterdam virtual walking tour, Rotterdam travel video.  📍 Tour Highlights: 🚶 Rotterdam Walking Tour – Real streets and everyday city life 🛍️ Lijnbaan – Main shopping street in central Rotterdam 🏙️ Beursplein & Hoogstraat – Busy streets and local movement 🏛️ Markthal – Famous market hall with modern architecture 🟨 Cube Houses / Kubuswoningen – Iconic Rotterdam landmark ⚓ Oude Haven – Historic harbor with modern city views 🏙️ Blaak – Urban architecture and city atmosphere 🛒 Koopgoot – Underground shopping area in the city center 🌆 Coolsingel & Weena – Wide streets and modern skyline views 🚉 Rotterdam Centraal – Main train station and city gateway ✨ Modern Dutch Vibes – Urban, architectural, lively, and immersive  🎬 Filming Info: 📍 Location: Rotterdam, Netherlands 🇳🇱 📽️ Format: 4K Ultra HD at 60fps 🎧 Audio: Real city sounds – no music, no commentary ☀️ Time: Daytime  🤝 Business Inquiries and Contact: walkingozmedia@gmail.com  ⚠️ My videos are copyrighted material owned by the channel Walking OZ. Any unauthorized use, including for personal or private purposes, is strictly prohibited. Walking OZ reserves the right to issue copyright strikes for infringement, and will not withdraw them once issued.",[],1,02092026
21,KQsIs4uQSuA,Tokyo Ebisu to Shibuya Walking Tour | Summer 2026 • 4K 60fps HDR,12082026,UCoXm66ArnAYGC0SCItOb2Tg,26252,"Sharing with you virtual walk videos filmed all over Japan in 4K HDR.  No intrusive face taking. This is not a vlog. Please enjoy!  Temp: 30°C / 86°F Humidity: 72% Wind: 2 m/s   Recommended 4K HDR videos ↓↓↓   2 Hours of Rainy Night Walk in Tokyo, Japan • 4K HDR https://youtu.be/kOn56cUQYLk Suburban Tokyo, Blue Hour Walk in Hatanodai, Japan • 4K HDR https://youtu.be/ccW1wZYzdPs Japan: Tokyo Shibuya to Harajuku, Rainy Night Walking Tour • 4K HDR https://youtu.be/vvWShDvADgU 2 Hours of Rainy Night Walk in Tokyo, Japan | End of Spring 2025 • 4K HDR https://youtu.be/wpOdo1kuGEY 3 Hours of Rainy Night Walk in Tokyo, Japan • 4K HDR https://youtu.be/lp_9JKEYFFQ   #4kjapan #tokyo #slowtv #4khdr #japan #hdr10plus #japanwalk #eveningwalk #nightwalkingtour #shibuya",[],1,02092026
22,2y2Z06hVmWE,"2-HOUR Rainy Night Walk in Shibuya, Tokyo / 8K 60fps / Calm Piano",08042025,UC1T_pR-Rt-NdHgytn2GkTeA,2003061,"🎧 Ambient-only version (no music): https://www.youtube.com/watch?v=sAkVnhthpMI&t=8s  📑 CONTENTS 00:00:00 - INTRO 00:00:30 - Walk begins 01:05:07 - Loop starts  🌧️ Date Filmed: March 2025   📍 Location: Shibuya, Tokyo, Japan  🎼 Listen on Spotify: https://open.spotify.com/intl-ja/artist/22bIkSd9RCitlQYZW99Vok 🍏 Listen on Apple Music: https://music.apple.com/jp/artist/abao-in-tokyo/1773644387 For more study & cityscape videos, check out my main channel: @abaointokyo    Do not use my footage without permission. ✉️ Business contact: abao.contact@gmail.com 🏷 #rainynight #shibuyatokyo #abaovision","[{'title': 'INTRO', 'timestamp': '0:00:00'}, {'title': 'Walk begins', 'timestamp': '0:00:30'}, {'title': 'Loop starts', 'timestamp': '1:05:07'}]",1,04092026
23,Hszp0xDRNjg,"Athens, Greece 🇬🇷- Summer 4K HDR Walking Tour",04082026,UCEZ_zB95xT6J8u33-pBF6UA,30611,"Athens is a city where ancient history and modern life exist side by side. From lively streets and busy squares to historic landmarks and everyday local atmosphere, the Greek capital has an energy that feels unique at every hour of the day.  In this 4K HDR walking tour, we explore Athens, Greece, capturing the character, movement, and beauty of one of Europe’s most historic cities. As we walk through the city, you will see the mix of old and new that makes Athens so special, with classic architecture, urban life, and the unmistakable feeling of the Mediterranean.  This video is for anyone who loves Greece, travel, history, and immersive city walks in high quality. Whether you are planning a visit, remembering your time in Athens, or simply want to experience the city from home, this tour brings the atmosphere of Athens to you.",[],1,02092026
24,AKALO_mZKVw,BELLAGIO  🇮🇹  Most Beautiful Town in North Italy ... or Just Overhyped?  |  Walk Tour 4K,07082026,UC0TqihOw3aHbHDi-EWBfFeA,61607,"📌 BELLAGIO, Italy 🇮🇹 📅 Saturday, August 1st, 2026 ⛅ Weather: 35°C / 95°F  Welcome to this 4K walking tour of Bellagio, Italy! 🇮🇹 Join us as we explore Bellagio, the jewel of Lake Como, famous for its elegant streets, breathtaking lake views, and timeless Italian charm.  🚶‍♂️ This Bellagio walking tour begins at the Ferry Terminal, the lively gateway to the town with stunning views over Lake Como. ⛵ From here, we stroll through P.za Giuseppe Mazzini, surrounded by cafés, restaurants, and the vibrant waterfront atmosphere. 🌸 We then climb the iconic Salita Serbelloni, one of Bellagio’s most picturesque stairways, lined with boutiques and colorful façades. 🏘️ Continuing along Via Giuseppe Garibaldi, we reach Piazza della Chiesa, the historic heart of Bellagio. ⛪ Here, we take a short visit inside the beautiful Basilica of St. Giacomo, a peaceful Romanesque landmark full of history. 🌿 We descend via Via Roma back toward the lake, arriving at Pontile 1, where stunning panoramic views await. 🌊 Our journey continues along Lungomare Manzoni, enjoying the relaxing lakeside promenade before a peaceful detour into Parco Martiri della Libertà. 🏡 We then explore the narrow streets of Bellagio’s historic center, discovering hidden corners and authentic Italian charm. 🌅 Heading out via Via Eugenio Vitali, we reach Punta Spartivento, one of the most scenic viewpoints on Lake Como. 🚤 At sunset, we return by ferry from Varenna, ending the day with a tranquil stroll along Lungomare Europa.  So, let’s explore Bellagio together! 🇮🇹  ⓢⓤⓑⓢⓒⓡⓘⓑⓔ Don’t forget to LIKE 👍 and SUBSCRIBE 😊 to Walk The Tour so you won’t miss upcoming walks around the world! ❤️  ▶️ SUBSCRIBE FREE 👉👉 /@walkthetour  ⏱️ CHAPTERS: 0:00:00 - Introduction 0:00:47 - Ferry Terminal Bellagio 0:01:41 - Piazza Giuseppe Mazzini 0:09:04 - Salita Serbelloni (Iconic Stairs) 0:17:53 - Via Giuseppe Garibaldi 0:20:36 - Piazza della Chiesa 0:24:19 - Basilica of St. Giacomo 0:26:58 - Pontile 1 (Lake Views) 0:39:10 - Salita Serbelloni (Descent) 0:45:03 - Via Lungo Lario Manzoni 0:54:57 - Parco Martiri della Libertà 0:57:43 - Historic Center Streets 1:10:40 - Punta Spartivento (Scenic Views) 1:18:42 - Ferry Arrival at sunset 1:24:03 - Lungomare Europa (Final Walk)  https://www.youtube.com/channel/UC0TqihOw3aHbHDi-EWBfFeA  #bellagio #bellagioitaly #bellagiowalkingtour #lakecomo #lakecomoitaly #italywalk #walkthetour #4kwalk #virtualtravel #notalking","[{'title': 'Introduction', 'timestamp': '0:00:00'}, {'title': 'Ferry Terminal Bellagio', 'timestamp': '0:00:47'}, {'title': 'Piazza Giuseppe Mazzini', 'timestamp': '0:01:41'}, {'title': 'Salita Serbelloni (Iconic Stairs)', 'timestamp': '0:09:04'}, {'title': 'Via Giuseppe Garibaldi', 'timestamp': '0:17:53'}, {'title': 'Piazza della Chiesa', 'timestamp': '0:20:36'}, {'title': 'Basilica of St. Giacomo', 'timestamp': '0:24:19'}, {'title': 'Pontile 1 (Lake Views)', 'timestamp': '0:26:58'}, {'title': 'Salita Serbelloni (Descent)', 'timestamp': '0:39:10'}, {'title': 'Via Lungo Lario Manzoni', 'timestamp': '0:45:03'}, {'title': 'Parco Martiri della Libertà', 'timestamp': '0:54:57'}, {'title': 'Historic Center Streets', 'timestamp': '0:57:43'}, {'title': 'Punta Spartivento (Scenic Views)', 'timestamp': '1:10:40'}, {'title': 'Ferry Arrival at sunset', 'timestamp': '1:18:42'}, {'title': 'Lungomare Europa (Final Walk)', 'timestamp': '1:24:03'}]",1,04092026
25,xId3cHWsta4,🇻🇳 Hanoi 4K Walking Tour (Vietnam) 🌴 Old Quarter Tour with Train Street and Night Walk | 4K HD/60fps,14062024,UCiVH7ncT6ghUKvSpY_e0DNQ,1122839,"Welcome to Hanoi, Vietnam 🇻🇳  Join me on an unforgettable 4K walking tour through the enchanting old quarter of Hanoi, Vietnam!   We begin our journey on the famous Train Street, capturing the iconic moment when the train roars through the bustling cafes. From there, we delve into the heart of the old quarter, wandering through vibrant local markets filled with sights, sounds, and aromas that define Hanoi's charm.  As the sun sets, we find ourselves on the lively Beer Street, where the nightlife is a chaotic blend of music, laughter, and street hustlers looking to get us into their bars. The energy is wacky and exciting, making it a must-see spot for anyone visiting Hanoi.  Suddenly, the skies open, and heavy rain drenches the city. Watch as the Hanoi Walking Street transform, with people putting on plastic raincoats and huddling under umbrellas, creating a unique and captivating atmosphere for our walk.  Experience the old quarter like never before in this immersive 4K HDR tour, showcasing the true essence of Hanoi from day to night, rain or shine.   Don't forget to like, comment, and subscribe for more amazing walking tours around the world!  Chapters: 0:00 Intro Preview 3:19 Hanoi Train Street 1:13:48 Hanoi Local Market 1:37:49 Hoàn Kiếm Lake 2:25:40 Dong Kinh Nghia Thuc Square 2:34:44 Nightlife & Rain Walk 3:27:12 Phố Tạ Hiện (aka Beer Street)  -----------------------------------------------------------------------------------------------------------  Intro music produced by Ryan Booth at The JamBooth Recording Studio. https://thejambooth.wixsite.com/music​ https://facebook.com/JamBoothMusic/  #hanoi #walkingtour #vietnam #4kwalk #walkingtour","[{'title': 'Intro Preview', 'timestamp': '0:00:00'}, {'title': 'Hanoi Train Street', 'timestamp': '0:03:19'}, {'title': 'Hanoi Local Market', 'timestamp': '1:13:48'}, {'title': 'Hoàn Kiếm Lake', 'timestamp': '1:37:49'}, {'title': 'Dong Kinh Nghia Thuc Square', 'timestamp': '2:25:40'}, {'title': 'Nightlife & Rain Walk', 'timestamp': '2:34:44'}, {'title': 'Phố Tạ Hiện (aka Beer Street)', 'timestamp': '3:27:12'}]",1,04092026
26,1aedKShR1rA,Manhattan Evening Walk - New York Walking Tour 4k,22012025,UCnvLGayHxWh5YZjpJjZ6WRg,606357,Manhattan Evening Walk - New York Walking Tour 4k Buy me a coffee ☕ https://bit.ly/3V5hls5,[],1,02092026
27,i0S6wxOuX88,"NEW YORK CITY WALKING TOUR MANHATTAN 8th Avenue, 34th Street, 7th Avenue, Broadway, Central Park, 4K",14082026,UCNuWCBM-4pn582kUg0BVexw,6044,"[Full Version] NEW YORK CITY TRAVEL 652 - WALKING TOUR MANHATTAN  8th Avenue, 34th Street, 7th Avenue, Penn Station, Broadway, 6th Avenue, Central Park and Brooklyn Bridge, New York City, Travel, USA, 4K #NewYork #Manhattan #SoHo #5thAvenue #Broadway #UnionSquare   Videography by THE TABLE Copyright ⓒ 2026 THE TABLE, All Rights Reserved.",[],1,02092026
28,27Pv4Cg4EV4,NEW YORK 🇺🇸 Full City Walk – 8 Hours of Exploration | 4K Walking Tour,17052026,UC20vyRWEaC2GIS8DkmeRQaA,169900,"This 4K New York walking tour is a full city walk through Manhattan, filmed over 8 hours in real time. Filmed with no music and no commentary, this New York city walk captures the true rhythm of the city from morning to evening, showing everyday life, long avenues, busy streets, and quieter neighborhoods across Manhattan.  This extended city walkthrough and street walkthrough takes you through multiple parts of Manhattan, offering an uninterrupted urban walk experience. From iconic city streets and dense urban areas to calmer waterfront paths and residential neighborhoods, this long New York walk shows how the city changes throughout the day with real city sounds and authentic street atmosphere.  🎥 Perfect for those searching for New York walking tour 4K, Manhattan city walk, New York city walkthrough, NYC street walkthrough, long walking tour, full day city walk, or virtual walking tours through New York City.  📍 Tour Highlights: 🏙️ Midtown Manhattan – Skyscrapers, long avenues, and nonstop city energy 🚶 Long City Walk – Continuous walking through multiple neighborhoods 🏘️ Local Streets – Everyday life beyond tourist areas 🌉 Waterfront Sections – Open views and calmer walking paths 🛍️ Shopping Streets – Busy sidewalks and classic New York scenes 🌇 Day to Evening Transition – How Manhattan changes over time  📌 About this New York city walk: New York City is one of the most dynamic cities in the world. This 8-hour 4K walking tour and city walkthrough is filmed without narration, music, or interruptions, allowing viewers to experience Manhattan naturally at walking speed. It’s ideal for exploration, relaxation, or background watching while working or studying.  🎬 Filming Info: 📍 Location: Manhattan, New York City, USA 🇺🇸 📽️ Format: 4K at 60fps 🎧 Audio: Real city sounds – no music, no commentary 🌞🌇 Time: Full day  Which part of this New York city walk would you enjoy most – the long uninterrupted walk, the changing neighborhoods, or experiencing Manhattan from morning to evening in real time?  🤝 Business Inquiries and Contact: walkingozmedia@gmail.com  ⚠️ My videos are copyrighted material owned by the channel Walking OZ. Any unauthorized use, including for personal or private purposes, is strictly prohibited. Walking OZ reserves the right to issue copyright strikes for infringement, and will not withdraw them once issued.",[],1,02092026
29,9atX_UfWXT4,"NEW YORK CITY WALKING TOUR MANHATTAN Broadway, 42nd Street, 6th Avenue, Lexington Avenue, 5th Avenue",08082026,UCNuWCBM-4pn582kUg0BVexw,7830,"[Full Version] NEW YORK CITY TRAVEL 646 - WALKING TOUR MANHATTAN  Broadway, 42nd Street, 6th Avenue, Lexington Avenue, 23rd Street, 5th Avenue, Union Square, SoHo and Madison Square, New York City, Travel, USA, 4K #NewYork #Manhattan #SoHo #5thAvenue #Broadway #UnionSquare   Videography by THE TABLE Copyright ⓒ 2026 THE TABLE, All Rights Reserved.",[],1,02092026
30,UHMLmdA_PYU,"NEW YORK CITY WALKING TOUR MANHATTAN Madison Avenue, 42nd Street, 6th Avenue, 7th Avenue, Broadway",02082026,UCNuWCBM-4pn582kUg0BVexw,7882,"[Full Version] NEW YORK CITY TRAVEL 640 - WALKING TOUR MANHATTAN  Madison Avenue, 42nd Street, 6th Avenue, 7th Avenue, Broadway, 8th Avenue, SoHo, Madison Square and 5th Avenue, New York City, Travel, USA, 4K #NewYork #Manhattan #SoHo #5thAvenue #Broadway #UnionSquare   Videography by THE TABLE Copyright ⓒ 2026 THE TABLE, All Rights Reserved.",[],1,02092026
31,4l9yOtmi_UQ,New York City Walking LIVE 4K,15082026,UCRODS6wub2VZ6nKON6PDwdQ,5578,"#nyc #newyork #newyorkcity  #manhattan #4k #travel #america   Welcome to New York Walks TV  New York is one giant stage where thousands of small stories unfold every single day.  There are no actors and no script. Just the real city and real people. Someone is rushing to work, someone is wandering with nowhere to be, someone is celebrating the best day of their life, and someone is simply trying to make it through another day.  On New York TV, we explore the city with no talking and no unnecessary commentary. We simply watch and experience New York as it happens.  From busy avenues and quiet side streets to famous landmarks and places most tourists never see, we capture the people, architecture, weather, light, sounds, and small details that make this city unique.  A millionaire, a tourist, a homeless person, a celebrity, or an ordinary New Yorker may pass in front of you at any moment. For a few seconds, their story becomes part of your walk. Live streams may include pre-recorded walking footage. If you’d like to support the channel:  ☕ Buy me a coffee: https://buymeacoffee.com/WalksX  Or you can click the Join button below to become a member and support the channel monthly.  Thanks for watching and supporting the channel!",[],1,02092026
32,q_Q4YTQkD2Y,"NEW YORK CITY WALKING TOUR MANHATTAN 5th Avenue, Broadway, 6th Avenue, Bryant Park, 42nd Street, 4K",13072026,UCNuWCBM-4pn582kUg0BVexw,7541,"[Full Version] NEW YORK CITY TRAVEL 620 - WALKING TOUR MANHATTAN  5th Avenue, Broadway, 6th Avenue, Bryant Park, 42nd Street, 7th Avenue, 23rd Street and 8th Avenue, New York City, Travel, USA, 4K #NewYork #Manhattan #SoHo #5thAvenue #Broadway #UnionSquare   Videography by THE TABLE Copyright ⓒ 2026 THE TABLE, All Rights Reserved.",[],1,02092026
33,ajKY8mNJmDw,Walking in Heavy Thunderstorm in NYC Flooded Manhattan Heavy Rain,07092025,UCnvLGayHxWh5YZjpJjZ6WRg,315451,Welcome to New York City! Appreciate you joining me in the storm! NYC never sleeps even in the rain 💙  Show your love for the channel 💗   Buy me a coffee ☕ https://buymeacoffee.com/walksandthecity Support on Patreon 🚀 https://www.patreon.com/c/WALKSandtheCITY,[],1,02092026
34,3jljJvpUMwg,"Chicago Nightlife Summer Walking Tour On Saturday | August 8, 2026 | 4K Video",09082026,UCZNi0qQIU-pZRsteKDHbUJg,49245,"Chicago Nightlife Summer Walking Tour On A Beautiful Saturday Night  Filmed in 4k 60fps. Date Recorded: August 8, 2026 - 11:30pm  Thank you for watching, Kindly Subscribe!  ⭐️ Help support my channel @  💳 paypal: https://paypal.me/thisgemini1  💵 Cash App: https://cash.app/$thisgemini1  ☕️ Buy Me a Coffee: https://ko-fi.com/thisgemini                                https://buymeacoffee.com/thisgemini  No part of this video may be used for personal or private use without written permission from This Gemini.",[],1,02092026
35,d3b5XetksD8,"Rainfall in Chicago Walking Tour ☔️ 4K Rain Walk on Thursday | August 13, 2026 | Umbrella Sounds",15082026,UCZNi0qQIU-pZRsteKDHbUJg,10326,"CHICAGO Walking in The Rain ☔️ 4K Rain Walk Ambience umbrella and city sounds for relaxation with isolated thunderstorm  Filmed in 4k 60fps. Date Recorded: August 13, 2026 - 5:46pm  Thank you for watching, Kindly Subscribe!  ⭐️ Help support my channel @  💳 paypal: https://paypal.me/thisgemini1  💵 Cash App: https://cash.app/$thisgemini1  ☕️ Buy Me a Coffee: https://ko-fi.com/thisgemini                                https://buymeacoffee.com/thisgemini  No part of this video may be used for personal or private use without written permission from This Gemini.",[],1,02092026
36,57KGmgkQOiM,31°C London Summer Heatwave Walk | 4K HDR Virtual Walking Tour around London Chelsea & Knightsbridge,09082026,UCfJKHk7lav13YHgCsYcvsHQ,4094,"Exploring Luxury London shopping streets in 31°C summer heatwave. London Summer walking Tour. Today we will be walking through the streets of Chelsea and Knightsbridge. We will walk from Sloane Square, King's Road, Knightsbridge, Brompton Road, Chelsea, Belgravia.  Walking London city, Watchint this walking tour video through London the capital of the United Kingdom. imagine yourself a real tourist and walk through the beautiful streets. Take a walk and experience the city life.You will see traditional red buses and streets and urban architecture.  I hope you enjoy the video. Please don't forget to subscribe to my channel, I have been uploading a lot of videos weekly. Let's walk and explore together!   Welcome to visit my other channels : 🦋🦋🦋:  1. The story of living in London:      https://www.youtube.com/@Story_Live.to.Eat8 2. China City Walk:      https://www.youtube.com/@WalkingChina8  Today Video:  London // England Summer // London Walk // Walking In London // London Walk // Walking Video // London Eye // England Walk // London big ben  //  Westminster Bridge  // London beautiful street // London walks // London summer Walk // London City Walk // London Walking tour  // London Walk 4K HDR // london best tourist  walk  // London walking tour  // London Walking // Virtual Walking Tour 4K // best london walking tour // west London walking tour //London Street walk  #London #LondonWalk #LondonWalkbyLondonsocialite #chelsea #Knightsbridge #Kensington #londoncitywalk  #londonview #walkingaround  #centrallondon  #londonwalkingtour  #walkingvideo  #londonstreets #walkingtour #Belgravia",[],1,02092026
37,i4KOQfEQSyQ,"Naples, Italy 4K Walking Tour 🇮🇹 | Beautiful Chaos & Street Life | The Most Vibrant City in Italy",01082026,UCGaLMzdEMwwjghJBSfZlEXQ,95489,"Experience Naples, Italy in stunning 4K HDR Walking Tour, filmed in summer 2026, as we explore the vibrant streets of Naples, the city of beautiful chaos, authentic street life, historic alleys, and the real soul of Southern Italy. Discover the energy of Naples Historic Center, Via Toledo, Quartieri Spagnoli, and the legendary Maradona murals in ultra high definition.  Walk with us through the heart of Naples, exploring the most iconic streets and neighborhoods, including Via dei Tribunali, Spaccanapoli, Quartieri Spagnoli, Via Toledo, and the colorful streets filled with local life, historic architecture, street art, and the passion of Napoli football culture.  📍 Location: Naples, Italy 🇮🇹 🌤 Date: JULY 2026 🌡 Weather: 33°C 🎥 Video Quality: 4K Ultra HD | HDR 🎧 Audio: Natural ambient sounds | No narration  👍 Like & Subscribe for more 4K walking tours, Italy travel experiences, European city walks, Mediterranean destinations, historic cities, and authentic street life journeys. http://www.youtube.com/@UCGaLMzdEMwwjghJBSfZlEXQ   ☕ Support the channel: buymeacoffee.com/duslintravels  🎥 WATCH NEXT — More Italy & Mediterranean Walks: 🇮🇹 Capri 4K Walking Tour https://youtu.be/NRlb4eJpacw 🇮🇹 Amalfi Coast 4K Walk https://youtu.be/iy17xouEiv0 🇮🇹 Positano 4K Walking Tour https://youtu.be/7cbivh7W1RE 🇮🇹 Sorrento 4K Walking Tour https://youtu.be/vDTNIngMPqw 🇮🇹 Rome 4K Walking Tour https://youtu.be/-sTY197l6YU 🇮🇹 Milan City Walk 4K https://youtu.be/3MxERbQnwGY 🇫🇷 Cannes Coastal Walk https://youtu.be/fibxR9c0YgI 🇲🇨 Monaco Luxury Walk https://youtu.be/JjdaVMflN9g  🎧 Best experienced in 4K with headphones for the full Naples atmosphere, natural sounds, and immersive walking experience.  © All video and audio content is copyrighted. Unauthorized use or reproduction is prohibited.  #italy #napoli #naples #4k #walkingtour",[],1,02092026
38,saRic7RKpdo,"Waikiki Beach, HAWAII Walking Tour | Honolulu BEACH WALK with Captions [4K/60fps]",14012025,UCV2_l3k3JuZwIhiY1H0kSxA,422934,"Immerse yourself in this stunning 4K, 60fps walking tour of Waikiki Beach, Honolulu, Hawaii 🎧 Best with headphones for an immersive experience (ASMR - Binaural City Sound). ⬇ LINKS to the full videos, chapters, etc. ⬇ Waikiki, located in the heart of Honolulu, is a vibrant, world-renowned destination known for its golden beaches, crystal-clear waters, and lively atmosphere. Offering a perfect blend of relaxation and adventure, visitors can enjoy surfing on the iconic waves, explore the bustling shops and restaurants, or immerse themselves in the rich cultural heritage of Oahu [Filmed in December 2024].  🗺 Google Maps of this tour 👉  https://hpst.me/HonoluluWT  ℹ️💁‍♂️ Turn ON the Closed Captions to discover information on attractions, historical facts, and more (Open CC for subtitles). Enjoy!  Watch also: • MIAMI, Florida Walking Tour 👉 https://youtu.be/7qz13Chz_84?si=h-oyzTdJYBEfNU07  • AMALFI Coast & Bay of NAPLES Walking Tour 👉 https://youtu.be/8DgYH9OXARI?si=TT-grt2d2ikWrdOC  • MYKONOS, Greece Walking Tour 👉 https://youtu.be/RH052bZ6J1k?si=KGljMS_O4-77sZ7O  • EUROPE Walking Tour Playlist (Paris, Rome, Barcelona, etc.) 👉 https://www.youtube.com/playlist?list=PL-uSE59HVj4Ah5kaHKApFBm_Wh2mZ_KWd  • ASIA Walking Tour Playlist (Bali, Tokyo, Bangkok, etc.) 👉 https://www.youtube.com/playlist?list=PL-uSE59HVj4A2IB8EOMXH6AoGVXoRWVHo  • USA Walking Tour Playlist (Miami, Los Angeles, Las Vegas, NYC, etc.) 👉 https://www.youtube.com/playlist?list=PL-uSE59HVj4BUOcpV1xQ_-zNYCA0_CApB   CHAPTERS: 0:00:00 Intro | Preview  PART I: From Waikiki Beach to Fort DeRussy Beach  0:00:23 Waikiki Beach 0:01:43 History of Waikiki and Hawaii (Open CC for subtitles/description) 0:19:32 Kalākaua Avenue 0:23:51 International Market Place 0:35:48 Royal Hawaiian Center 0:54:51 Diamond Head 1:09:33 Fort DeRussy Beach 1:18:21 Hilton Lagoon  1:20:04 PART II: Ala Moana Beach   👍 If you enjoyed this video, please like this video and subscribe to our channel for more awesome content 😊 ♡ THANKS FOR WATCHING ♡  #waikiki #hawaii #walkingtours ________ No part of this video may be used or reproduced without our written permission.","[{'title': 'Intro | Preview', 'timestamp': '0:00:00'}, {'title': 'Waikiki Beach', 'timestamp': '0:00:23'}, {'title': 'History of Waikiki and Hawaii (Open CC for subtitles/description)', 'timestamp': '0:01:43'}, {'title': 'Kalākaua Avenue', 'timestamp': '0:19:32'}, {'title': 'International Market Place', 'timestamp': '0:23:51'}, {'title': 'Royal Hawaiian Center', 'timestamp': '0:35:48'}, {'title': 'Diamond Head', 'timestamp': '0:54:51'}, {'title': 'Fort DeRussy Beach', 'timestamp': '1:09:33'}, {'title': 'Hilton Lagoon', 'timestamp': '1:18:21'}, {'title': 'PART II: Ala Moana Beach', 'timestamp': '1:20:04'}]",1,04092026
39,SDrqloSJDCo,"Secret Corners of Málaga, Spain | Beautiful Walking Tour 4k",02082025,UCOlx478DxwYAwkLnz9ELNIQ,767039,"🏙️ Málaga, Spain Walking Tour in 4K | Scenic Views, Majestic Church, Stylish Waterfront & Vibrant Port Take a relaxing 4K walking tour through Málaga, one of the most beautiful cities in southern Spain. This cinematic walk with no commentary lets you discover the true atmosphere of the city — from peaceful streets to vibrant plazas.  🎥 In this video, you’ll see:  • Scenic views from the highest point of the city • A majestic cathedral that towers over the historic center • A stylish waterfront promenade (Palmeral de las Sorpresas) • The lively port of Málaga with boats, cafes, and locals • Secret alleys, traditional patios, and noisy public squares full of energy  Filmed with smooth stabilization and real natural sounds, this video is perfect for virtual travel, ambiance, background viewing, or inspiration for your next trip to Spain.  🌍 No commentary – just immersive audio 📽️ 4K quality  🔔 Don’t forget to subscribe for more walking tours across Europe every week!  Timeline 0:00 - Intro 1:43 - road to Malaga  3:56 - The beginning of the walk — the city streets 14:28 - Teatro Romano de Málaga 26:43 - Plaza del Obispo 32:23 - Mercado Central de Atarazanas 57:53 - Santa Iglesia Catedral Basílica de la Encarnación de Málaga 1:26:36 - Palmeral de las Sorpresas 1:38:21 - Centre Pompidou Málaga 1:54:15 - Alcazaba Fortress ------------------------------------------------------------------------------------ Video Duration: 2:04:24  📍Location: Spain | Malaga  Shooting time: May 9, 12:53, Friday Weather: 23°C | 73,4 °F  Watch My Previous Videos ------------------------------------------------------------------------------------ ▶️ Could This Be the One Place on Lake Como You’ll Never Forget? Walking Through Varenna in 4K https://youtu.be/m-nWkSk6-XU  ▶️ Madrid Is Spain’s Most Majestic City | More Beautiful Than Barcelona? https://youtu.be/0zLSkDJ6yJo  ▶️ Too Beautiful Not to Film | Discovering Villa Carlotta in Italy https://youtu.be/_QfU8feJe_g  ▶️ Is This the Most Mysterious City in Europe or Asia? Istanbul Walking Tour https://youtu.be/OdJILdx2Q_E ---------------------------------------------------------------------------------------- 🔸I'm Denis, a travel enthusiast and professional videographer. I’ve combined my two passions, and now I'm thrilled to share the most beautiful and fascinating places from my travels with you. Step into a world of exploration with me as we embark on captivating walking tours around the globe.  New Video Uploaded Every Week  Don't forget to tell us your opinion in the comments below.  Be sure to share your thoughts in the comments! Your feedback is so important for the growth of my channel. Thank you!  You Can Follow Me On Social Media Links:  ---------------------------------------------------------------------------------------- https://www.instagram.com/raevdenis.paris  For business inquiries and cooperation my contacts are in the channel description.","[{'title': 'Intro', 'timestamp': '0:00:00'}, {'title': 'road to Malaga', 'timestamp': '0:01:43'}, {'title': 'The beginning of the walk — the city streets', 'timestamp': '0:03:56'}, {'title': 'Teatro Romano de Málaga', 'timestamp': '0:14:28'}, {'title': 'Plaza del Obispo', 'timestamp': '0:26:43'}, {'title': 'Mercado Central de Atarazanas', 'timestamp': '0:32:23'}, {'title': 'Santa Iglesia Catedral Basílica de la Encarnación de Málaga', 'timestamp': '0:57:53'}, {'title': 'Palmeral de las Sorpresas', 'timestamp': '1:26:36'}, {'title': 'Centre Pompidou Málaga', 'timestamp': '1:38:21'}, {'title': 'Alcazaba Fortress', 'timestamp': '1:54:15'}]",1,04092026
40,hvPgyoA6x5c,"Peschiera del Garda, Italy | Walking Tour 4K | It's going to make you want to travel 🇮🇹",15082026,UC9S8HtK0MtJkRYzC2gPafUA,21025,"🇮🇹 Welcome to Peschiera del Garda, one of the most beautiful and surprising towns on Lake Garda, in northern Italy. In this 4K Walking Tour we will tour at sunset the historic walls, canals, bridges, squares and streets full of atmosphere of this spectacular fortified city declared a World Heritage Site by UNESCO 🌅🏰🌊  📍Peschiera del Garda is located in the Veneto region, near Verona, Sirmione, Lazise and Gardaland, being one of the most visited destinations on Lake Garda in Italy.  🎥 If you like travel, walking tours, Italian towns, historic cities, relaxing videos, ambient walking, slow travel and discovering authentic places in Europe, this video is for you.  ❤️ Thank you to everyone who supports the channel every week by watching, commenting, sharing and subscribing. We are already a huge traveling community and we continue to discover the world together step by step 🌍 🔔 Subscribe for more 4K walking tours around Italy and Europe. #PeschieraDelGarda #Italy #Italia #WalkingTour #LagoDiGarda #LakeGarda #Italia4K #WalkingTour4K #Travel #SlowTravel #Peschiera #Veneto #Verona #ItalianVillage #ItalyTravel #TravelItaly #4KWalk #AmbientWalk #RelaxingWalk #UNESCO #ItalyWalkingTour #PonteDeiVoltoni #LagoGarda #VisitItaly #EuropeanTravel #ItalianTown #SunsetWalk #Italy2026 #VirtualWalk",[],1,02092026
41,FLNTNoVFFNg,6 August 2026 PARIS 🇫🇷 FRANCE STREET WALK TOUR PARIS HIDDEN CORNER WALK TOUR THROUGH 6TH ARRONDISSEM,07082026,UChoRNJ8IPEHwqYNxgvXMLlA,88396,"🇫🇷 Paris, France Street Walking Tour 2026 | Beautiful Summer Walk | Hidden Streets, Parisian Food & Local Life | 4K HDR  Experience the magic of Paris, France on a beautiful August day in this relaxing 4K HDR walking tour. Stroll through charming Parisian streets, discover hidden alleys, admire historic architecture, and enjoy the authentic atmosphere of one of the world’s most beautiful cities.  Along the way, you’ll see traditional French restaurants, cozy cafés, local food, stylish Parisian fashion, unique boutiques, vintage shops, and everyday life in the heart of Paris. Watch people enjoying the summer weather while exploring beautiful streets filled with history and timeless Parisian charm.  If you love travel, walking tours, French culture, and authentic city experiences, this video is perfect for you. Sit back, relax, and enjoy the real sights and sounds of Paris.  📍 Location: Paris, France 📅 Filmed: August 2026 🎥 Quality: 4K HDR Walking Tour 🚶 No Commentary – Real City Sounds  👍 If you enjoyed this walk, please Like, Comment, and Subscribe for more beautiful Paris walking tours and travel videos from France.  #Paris #ParisWalk #France #WalkingTour #ParisFrance #SummerInParis #Travel #CityWalk #FrenchCulture #ParisFood #HiddenStreets #Paris2026 #4KHDR #TravelFrance #ParisianLife",[],1,02092026
42,1fGa0rZRQj0,Tuscany's Best-Kept Secret? 🇮🇹 | Italy Walking Tour 4K,08082026,UCOlx478DxwYAwkLnz9ELNIQ,6949,"I didn't expect much from Arezzo, but this beautiful Tuscan city completely surprised me.  The more I explored, the more I fell in love with it. Charming medieval streets, stunning architecture, and a peaceful atmosphere make Arezzo one of Tuscany's hidden gems. With far fewer tourists than Florence or Siena, it offers a chance to experience the real Italy.   If you're looking for an authentic Tuscany walking tour, I hope you'll enjoy this journey with me!  Sit back, relax, and enjoy this walking tour in 4K!  🔸I'm Denis, a travel enthusiast and professional videographer. I’ve combined my two passions, and now I'm thrilled to share the most beautiful and fascinating places from my travels with you!  👍 Don’t forget to like, comment, and share if you enjoyed the walk!  Video Duration: 1:10:40  📍Location: Arezzo | Italy  Shooting time: September 15 | 14:11, Monday Weather: 27°C | 81 °F  Timeline 0:00 - Intro 6:32 - Church of Sant'Agostino 15:41 - Church of Saints Michele and Adriano 24:15 - Piazza Grande 36:00 - The medieval streets 51:16 - Cathedral of Saints Peter and Donatus 1:06:47 - View of the valley  Watch My Previous Videos ------------------------------------------------------------------------------------ ▶️ Spain's Most Underrated City? 🇪🇸 | Oviedo Walking Tour 4K https://youtu.be/4dSnl8T6Bhs  ▶️ The Kind of Place We All Need | Montepulciano, Italy Walking Tour 4K https://youtu.be/La3IRzMwkCI  ▶️ More Bridges Than Venice? Welcome to Hamburg | Germany Walking Tour 4K 🇩🇪 https://youtu.be/bJ8v2BHKr3w  ▶️ This Was Once the Capital of Spain 🇪🇸 | Toledo Walking Tour 4K https://youtu.be/bJ8v2BHKr3w ---------------------------------------------------------------------------------------- New Video Uploaded Every Week  Don't forget to tell us your opinion in the comments below.  Be sure to share your thoughts in the comments! Your feedback is so important for the growth of my channel. Thank you!  For business inquiries and cooperation my contacts are in the channel description.","[{'title': 'Intro', 'timestamp': '0:00:00'}, {'title': ""Church of Sant'Agostino"", 'timestamp': '0:06:32'}, {'title': 'Church of Saints Michele and Adriano', 'timestamp': '0:15:41'}, {'title': 'Piazza Grande', 'timestamp': '0:24:15'}, {'title': 'The medieval streets', 'timestamp': '0:36:00'}, {'title': 'Cathedral of Saints Peter and Donatus', 'timestamp': '0:51:16'}, {'title': 'View of the valley', 'timestamp': '1:06:47'}]",1,04092026
43,hQVJf95u7Yg,"French Summer in Nice 🇫🇷, Walking Tour 4K 60 FPS",12082026,UCP9ppOVBnkMvO09sd-SavSw,5839,"Experience Nice, France in summer with this immersive 4K walking tour through one of the most beautiful cities on the French Riviera. 🇫🇷☀️  Summer in Nice is at its peak: the Mediterranean is sparkling, the streets are full of life, and the city has that unmistakable Côte d’Azur atmosphere. This walk also captures Nice during the Tour de France, with cyclists, spectators and a fantastic sporting spirit adding even more energy to the city.  Walk with me through the heart of Nice, from its elegant streets and colorful old town to the iconic Promenade des Anglais, lively squares, cafés, palm trees and beautiful Mediterranean coastline. You’ll see what Nice really feels like in August: warm, vibrant, festive and full of that relaxed French Riviera lifestyle.  Whether you’re planning a trip to Nice and the Côte d’Azur, missing the South of France, or simply looking for a relaxing virtual walk, this video gives you a real-life look at Nice right now in stunning 4K.  📍 Nice, French Riviera, France 🌡️ Around 25°C / 77°F 🕔 Filmed around 5–6 PM ☀️ Summer on the Côte d’Azur 🚴 Tour de France atmosphere 🎥 4K UHD Walking Tour  Enjoy the walk and experience Nice, France right now.  00:00 Intro 00:30 Train Station 04:40 Avenue Jean Medecin 17:30 Massena Square 22:40 Tour de France 24:50 Promenade du Paillon 35:15 Old Town 38:55 Promenade des Anglais 45:45 Cours Salaya 55:30 Castle Hill   #nice  #france  #nicefrance  #frenchriviera  #cotedazur  #walkingtour  #4kwalkingtour  #tourdefrance  #francetravel  #summerinfrance  #promenadedesanglais  #virtualwalk #travelfrance #cotedazurfrance #ницца #франция #прогулка #نيسان #尼斯 #niza","[{'title': 'Intro', 'timestamp': '0:00:00'}, {'title': 'Train Station', 'timestamp': '0:00:30'}, {'title': 'Avenue Jean Medecin', 'timestamp': '0:04:40'}, {'title': 'Massena Square', 'timestamp': '0:17:30'}, {'title': 'Tour de France', 'timestamp': '0:22:40'}, {'title': 'Promenade du Paillon', 'timestamp': '0:24:50'}, {'title': 'Old Town', 'timestamp': '0:35:15'}, {'title': 'Promenade des Anglais', 'timestamp': '0:38:55'}, {'title': 'Cours Salaya', 'timestamp': '0:45:45'}, {'title': 'Castle Hill', 'timestamp': '0:55:30'}]",1,04092026
44,SVXruCljW3E,"LISBON, Portugal 🇵🇹 Exploring Europe’s Most Beautiful Labyrinth | 4K Walking Tour",16082026,UC20vyRWEaC2GIS8DkmeRQaA,29285,"This 4K Lisbon walking tour takes you through the historic streets of Lisbon, Portugal, capturing elegant squares, lively shopping streets, old city architecture, scenic viewpoints, cultural landmarks, and the warm atmosphere of one of Europe’s most beautiful capitals.  In this video, I show you the feeling of walking through central Lisbon, from the Restauradores and Rossio area to the famous Baixa District, Rua Augusta, Rua do Carmo, and the historic streets around the Santa Justa Lift and Carmo Convent. The walk captures Lisbon’s classic city life with tiled buildings, cafés, shops, side streets, public squares, and the unique charm of Portugal’s capital.  Later, the tour continues to Belém, one of Lisbon’s most important historic districts, with famous landmarks, open spaces, riverside atmosphere, and cultural monuments. This Lisbon 4K walking tour is perfect for anyone who wants to experience the real atmosphere of Lisbon — sunny, historic, scenic, lively, and full of Portuguese city charm.  🎥 Perfect for those searching for: Lisbon walking tour 4K, Lisbon Portugal walk, Lisbon city walk, Lisbon city center walk, Lisbon Baixa walking tour, Rua Augusta Lisbon, Rossio Square Lisbon, Santa Justa Lift Lisbon, Rua do Carmo Lisbon, Carmo Convent Lisbon, Belém Lisbon walk, Jerónimos Monastery, Monument to the Discoveries, Portugal walking tour, Lisbon virtual walking tour, Lisbon travel video.  📍 Tour Highlights: 🚶 Lisbon Walking Tour – Real streets and everyday city life 🏛️ Rossio Square – Famous square in central Lisbon 🏙️ Baixa District – Historic downtown atmosphere 🛍️ Rua Augusta & Rua do Carmo – Shopping streets and city movement 🚡 Santa Justa Lift – Iconic Lisbon landmark ⛪ Carmo Convent Ruins – Historic ruins in the city center 🌊 Belém District – Famous riverside area with monuments ⛪ Jerónimos Monastery – One of Lisbon’s most important landmarks 🗺️ Monument to the Discoveries – Iconic monument by the river ✨ Portuguese City Vibes – Historic, sunny, scenic, and immersive  🕒 Chapters: 0:00 Restauradores & Rossio Area 3:03 Rossio Square & Praça Dom Pedro IV 11:00 Rua Augusta & Baixa District 38:55 Santa Justa Lift 42:39 Rua do Carmo & Shopping Streets 48:09 Carmo Convent Ruins 50:20 Walking down beautiful streets 54:53 Praça Dom Pedro IV 1:01:37 Famous Monument to the Discoveries 1:07:03 Jerónimos Monastery & Belém Park 1:14:22 Belém District  🎬 Filming Info: 📍 Location: Lisbon, Portugal 🇵🇹 📽️ Format: 4K Ultra HD at 60fps 🎧 Audio: Real city sounds – no music, no commentary ☀️ Time: Daytime  🤝 Business Inquiries and Contact: walkingozmedia@gmail.com  ⚠️ My videos are copyrighted material owned by the channel Walking OZ. Any unauthorized use, including for personal or private purposes, is strictly prohibited. Walking OZ reserves the right to issue copyright strikes for infringement, and will not withdraw them once issued.","[{'title': 'Restauradores & Rossio Area', 'timestamp': '0:00:00'}, {'title': 'Rossio Square & Praça Dom Pedro IV', 'timestamp': '0:03:03'}, {'title': 'Rua Augusta & Baixa District', 'timestamp': '0:11:00'}, {'title': 'Santa Justa Lift', 'timestamp': '0:38:55'}, {'title': 'Rua do Carmo & Shopping Streets', 'timestamp': '0:42:39'}, {'title': 'Carmo Convent Ruins', 'timestamp': '0:48:09'}, {'title': 'Walking down beautiful streets', 'timestamp': '0:50:20'}, {'title': 'Praça Dom Pedro IV', 'timestamp': '0:54:53'}, {'title': 'Famous Monument to the Discoveries', 'timestamp': '1:01:37'}, {'title': 'Jerónimos Monastery & Belém Park', 'timestamp': '1:07:03'}, {'title': 'Belém District', 'timestamp': '1:14:22'}]",1,04092026
45,ETppPmu76ls,[4K]🇫🇷 Versailles: World's Most Luxurious Palace Full Walking Tour 👑,31032026,UCiVSJutRI7WdDuXV93fRWvA,429971,"Take a complete 4K walking tour through the magnificent estate of Versailles. Walk with me from the breathtaking halls of the Palace, through the endless Gardens, to the peaceful Trianon estate. Witness the pinnacle of French royalty, step by step.  00:00 Highlights 01:55 Intro 02:08 Palace Entrance & Royal Gate 09:22 Inside the Palace of Versailles 15:42 Grands Appartements 26:44 Galerie des Glaces(Hall of Mirrors) 30:43 The King's Bedchamber 31:27 The Queen's Bedchamber 34:20 The Royal Gardens & Fountains 01:01:10 La Flottille 01:03:28 Grand Canal de Versailles 01:06:37 Le Grand Trianon 01:11:46 Jardin du Roi 01:16:41 Petit Trianon 01:24:17 Temple de l'Amour(The Temple of Love)  01:25:18 Hameau de la Reine(The Queen’s Hamlet)  Route on Google maps: https://maps.app.goo.gl/CmKZRWQftiT7LmoT8  map1      https://maps.app.goo.gl/UexXNvTSA1z6Ahar9  map2 https://maps.app.goo.gl/5gsdPNtctkKMMDA89  map3  For supporting my channel: 😍☕🧆💖  https://ko-fi.com/walkingalice https://www.patreon.com/walkingalice   #versailles #versaillespalace #france   Follow me on Instagram: https://www.instagram.com/walkingaliceny Facebook : https://www.facebook.com/walking.alice.92  🎈🎈🎈🎈🎈🎈🎈🎈🎈🎈🎈🎈🎈🎈🎈🎈🎈🎈🎈🎈🎈🎈🎈🎈🎈🎈🎈🎈🎈🎈🎈 🎥 Gear & Equipment ⚠️ Affiliate Disclaimer: If you make a purchase via links, I may earn a small commission at no extra cost to you. As an Amazon Associate, I earn from qualifying purchases.  📸Cameras: iPhone 17 Pro : https://amzn.to/4qlzyQM GoPro HERO13 Black : https://amzn.to/4bq3JlS DJI Mini 4 Pro : https://amzn.to/4tc6AFw DJI Osmo Pocket 3 : https://amzn.to/49SR4a1  🖥️Camera Equipment,  Accessories, Mics.: Osmo Mobile 8 Gimbal Stabilizer : https://amzn.to/3NOfd8Z Zoom iQ6 Stereo X/Y Microphone for iPhone/iPad : https://amzn.to/4taMOdj Manfrotto MTPIXI-B PIXI Mini Tripod, Black : https://amzn.to/4tc6JZA Amazon eero 6+ mesh wifi router : https://amzn.to/4bul6SE Amazon Basics Rectangular 8-Outlet Power Strip Surge Protector : https://amzn.to/4qQMPSa ZETIY Updated Computer Speaker : https://amzn.to/3NQ653N INIU 27000mAh Power Bank : https://amzn.to/45Js0Q9 FNTCASE for iPhone 17 Case Clear : https://amzn.to/4bNmYWT Seagate Expansion 8TB External Hard Drive HDD : https://amzn.to/49SlVDE Phone umbrella : https://amzn.to/3Z6QC1E Crucial X9 1TB Portable SSD : https://amzn.to/3ZaE2yo Seagate Portable 2TB External Hard Drive HDD : https://amzn.to/4rpyCf1 Sensyne 67"" Phone-Tripod & Selfie Stick : https://amzn.to/4qgqM6p  👟👗Clothing & Accessories: FanVince Winter Gloves Touch Screen Water Resistant Windproof : https://amzn.to/4riyUnM SOREL Women's Tivoli V Tall Waterproof Boot : https://amzn.to/3NI6DJ0 REPEL Windproof Travel Umbrella  : https://amzn.to/4tc7K3A PTEROMY Hooded Rain Poncho : https://amzn.to/4aojecW","[{'title': 'Highlights', 'timestamp': '0:00:00'}, {'title': 'Intro', 'timestamp': '0:01:55'}, {'title': 'Palace Entrance & Royal Gate', 'timestamp': '0:02:08'}, {'title': 'Inside the Palace of Versailles', 'timestamp': '0:09:22'}, {'title': 'Grands Appartements', 'timestamp': '0:15:42'}, {'title': 'Galerie des Glaces(Hall of Mirrors)', 'timestamp': '0:26:44'}, {'title': ""The King's Bedchamber"", 'timestamp': '0:30:43'}, {'title': ""The Queen's Bedchamber"", 'timestamp': '0:31:27'}, {'title': 'The Royal Gardens & Fountains', 'timestamp': '0:34:20'}, {'title': 'La Flottille', 'timestamp': '1:01:10'}, {'title': 'Grand Canal de Versailles', 'timestamp': '1:03:28'}, {'title': 'Le Grand Trianon', 'timestamp': '1:06:37'}, {'title': 'Jardin du Roi', 'timestamp': '1:11:46'}, {'title': 'Petit Trianon', 'timestamp': '1:16:41'}, {'title': ""Temple de l'Amour(The Temple of Love)"", 'timestamp': '1:24:17'}, {'title': 'Hameau de la Reine(The Queen’s Hamlet)', 'timestamp': '1:25:18'}]",1,04092026
46,G3Yvn__8k10,"Melbourne Australia in August Winter Season 2026, City Walking Tour",13082026,UC-OkQ5JhnX5wCAgYJRxi6bw,21043,"City: Melbourne State: Victoria Country: Australia Video Filmed: 8 August 2-026 Time: 4:43 pm to 5:47 pm Day: Saturday Temperature: 12℃/53.6℉ Season: Winter  Melbourne Australia City Walking Tour in August, Winter Season 2026.  Experience the City of Melbourne in August. Winter Season. Walking Tour in Melbourne. Explore Melbourne. Discover Melbourne. Visit Melbourne. Melbourne Walking Tour. Melbourne Virtual Tour. Melbourne Walks. Melbourne Walkthrough. What’s on Melbourne. Melbourne Laneways. Streets of Melbourne. Melbourne Views. About Melbourne. Travel Melbourne.  Melbourne is the coastal capital of the southeastern Australian state of Victoria. At the city's centre is the modern Federation Square development, with plazas, bars, and restaurants by the Yarra River. In the Southbank area, the Melbourne Arts Precinct is the site of Arts Centre Melbourne – a performing arts complex – and the National Gallery of Victoria, with Australian and indigenous art.  Thanks for watching!  #melbourne #australia #melbournecity #melbourneaustralia #visitmelbourne #travelmelbourne #CityofMelbourne #CityWalk #MelbourneStreetWalk #MelbourneVirtualTour #MelbourneWalkingTour #StreetsOfMelbourne #MelbourneEvent #Melbourne #Australia #MelbourneCity #MelbourneAustralia #VisitMelbourne #TravelMelbourne #soundsofmelbourne #melbournelaneway #melbournestreetart #MelbourneStreetFood #queenvictoriamarket #MelbourneCBD #MelbourneMarket #MelbourneStreetTour #whatsonmelbourne #DiscoverMelbourne",[],1,02092026
47,vDTNIngMPqw,"Sorrento, Italy 4K Walking Tour 🇮🇹 | Lemon Town & Sea Views | Amalfi Coast Gateway",25072026,UCGaLMzdEMwwjghJBSfZlEXQ,159546,"Experience Sorrento, Italy in stunning 4K HDR Walking Tour, filmed on summer 2026, as we explore the beautiful Lemon Town with breathtaking Sea Views and the Amalfi Coast Gateway atmosphere. Discover charming streets, coastal scenery, and authentic Mediterranean vibes in one of Italy’s most iconic destinations.  Walk with us through the heart of Sorrento, including Piazza Tasso, Corso Italia, Marina Grande, Marina Piccola, and the scenic seaside areas that showcase the beauty of the Sorrento Peninsula.  📍 Location: Sorrento, Italy 🇮🇹 🌤 Date: JULY 2026 🌡 Weather: 32°C 🎥 Video Quality: 4K Ultra HD | HDR 🎧 Audio: Natural ambient sounds | No narration  👍 Like & Subscribe for more 4K walking tours, Italy travel experiences, Mediterranean destinations, coastal towns, and European city walks. 🔗 http://www.youtube.com/@UCGaLMzdEMwwjghJBSfZlEXQ   ☕ Support the channel: buymeacoffee.com/duslintravels  🎥 WATCH NEXT — More Italy & Mediterranean Walks: 🇮🇹 Capri 4K Walking Tour https://youtu.be/NRlb4eJpacw 🇮🇹 Amalfi Coast 4K Walk https://youtu.be/iy17xouEiv0 🇮🇹 Positano 4K Walking Tour https://youtu.be/7cbivh7W1RE 🇮🇹 Rome 4K Walking Tour https://youtu.be/-sTY197l6YU 🇮🇹 Milan City Walk 4K https://youtu.be/3MxERbQnwGY 🇫🇷 Cannes Coastal Walk https://youtu.be/fibxR9c0YgI 🇲🇨 Monaco Luxury Walk https://youtu.be/JjdaVMflN9g  🎧 Best experienced in 4K with headphones for the full Mediterranean atmosphere.  © All video and audio content is copyrighted. Unauthorized use or reproduction is prohibited.  #sorrento #italy #amalficoast #4k #walkingtour",[],1,02092026
48,SQNC4ggjXBs,Exploring London in Light Rain: A Peaceful Walk Through the City | 4K HDR Walking Tour,07082026,UCTO_5Tth4CmjW4UyPfy90Hg,65734,"Experience the calm, beautiful atmosphere of London during a refreshing light drizzle. 🌧️ At 12°C, the city colors are vibrant, creating the perfect setting for a peaceful, meditative walking tour. Join me as we stroll through the quiet, cozy streets of the City, starting from Aldgate Square and ending at the Royal Exchange.  Timestamps: 00:00 Intro 01:00 Aldgate Square 04:00 Dukes Pl 09:31 Bishopgate 10:50 St Helens Pl 11:00 Bishopgate 11:58 St Helens Church Compound 16:09 Great Winchester St 19:01 Augistine Fairs 21:09 Throgmorton St 25:28 The Royal Exchange Avenue 25:54 Cornhill 27:00 The Royal Exchaneg Mall  #londonwalk #walkingtour #rainyday #londonrain #citywalk #calm  📍 Plan your Trip to London with Tralendr:  https://tralendr.com   🗺️ Route Map: https://maps.app.goo.gl/hgRNR5Vmm76fpSjaA   🎥 Filming Gear I Use:  https://www.amazon.co.uk/shop/thewalkinglondon   ✨ Join The Walking London for Exclusive Perks:  https://www.youtube.com/@thewalkinglondon/join   🌐 Visit The Walking London website:  https://www.thewalkinglondon.com  Music Attribution:  Music: https://www.bensound.com/free-music-for-videos License code: RFWCIGA1RMTTWTKM Artist: : Aventure  Royalty Free Music: Bensound.com Artist: Benjamin Tissot License code: ZM9WIARDHEKJ6TFL","[{'title': 'Intro', 'timestamp': '0:00:00'}, {'title': 'Aldgate Square', 'timestamp': '0:01:00'}, {'title': 'Dukes Pl', 'timestamp': '0:04:00'}, {'title': 'Bishopgate', 'timestamp': '0:09:31'}, {'title': 'St Helens Pl', 'timestamp': '0:10:50'}, {'title': 'Bishopgate', 'timestamp': '0:11:00'}, {'title': 'St Helens Church Compound', 'timestamp': '0:11:58'}, {'title': 'Great Winchester St', 'timestamp': '0:16:09'}, {'title': 'Augistine Fairs', 'timestamp': '0:19:01'}, {'title': 'Throgmorton St', 'timestamp': '0:21:09'}, {'title': 'The Royal Exchange Avenue', 'timestamp': '0:25:28'}, {'title': 'Cornhill', 'timestamp': '0:25:54'}, {'title': 'The Royal Exchaneg Mall', 'timestamp': '0:27:00'}]",1,04092026
49,axewALA2s_E,"🇯🇵 OSAKA, JAPAN 4K WALKING TOUR - Dotonbori & Amerikamura Shopping Distrct | 4K HDR - 60 fps",09012026,UCiVH7ncT6ghUKvSpY_e0DNQ,463802,"Osaka Walking Tour in 4K HDR  Experience Amerikamura Osaka in 4K on this immersive 4K walking tour through Japan’s coolest fashion street and the famous Dotonbori cosplay scene.  This Amerikamura Osaka 4K walk starts in the heart of Osaka’s America-themed vintage fashion district, where narrow streets are packed with vintage shops, thrift stores, coffee cafés, pizza restaurants, murals, graffiti art, and bold Japanese street fashion.  This real-time Osaka walking tour in 4K Ultra HD captures Lolita fashion, Harajuku-style outfits, retro Americana clothing, and trend-setting Osaka youth culture.  We finish in Dotonbori’s cosplay scene, filled with anime costumes, creative streetwear, and Japanese pop-culture fashion, making this one of the most immersive Japan 4K walking tours available. ---  Chapters: 0:00 Intro 5:00 Amerikamura Fashion Street 1:06:00 Dotonbori Cosplay Scene  Explore the vibrant heart of Tokyo in this immersive virtual walking tour. Experience the dynamic citylife as we navigate through bustling streets and quiet alleys. From the iconic energy of Shinjuku to the famous Shibuya, this captures the essence of Japan's capital.  #walkthrough #streetlife #citywalk #japan #osaka #citywalk #walkingtour",[],1,04092026
50,TgMWwmsrTuc,"Rome Italy, Here's the situation in Rome, August 2026, Colosseum Trevi Fountain Rome Walking Tour",08082026,UCI8AqWwOld45OeIIwIr6IZA,38574,"Welcome to my Rome Walking Tours channel! Explore the beauty, history, and everyday life of Rome through immersive walking tour videos. Stroll through iconic landmarks, charming streets, hidden gems, and vibrant neighborhoods while experiencing the authentic atmosphere of the Eternal City. Join me on every walk and discover Rome one step at a time.",[],1,02092026
51,-0PKZALTqrI,"ROME, Italy 4K ✅ WALKING TOUR with SUBTITLED STORY  - walk around Italy",18082023,UC9S8HtK0MtJkRYzC2gPafUA,2153747,"Hello! Today we are going to walk through the capital of Italy, ROME, the eternal city! Through this tour you will be able to learn about the history of Rome and the Roman Empire while you get to know the whole city. And we will see the following points: Coliseum Sacred Way Arch of Constantine Basilica of Saints Cosmas and Damien Roman Forum Nerva Forum Augustus Forum Trajan Forum Trajan's Column Monument to Vittorio Emanuele II Basilica of Santa Maria in ara coeli The Capitoline Cordonata Campidoglio square Capitoline magnifying glass Marcello Theater Capitoline Museum Temple of Apollo Sosiano Jewish Ghetto of Rome Via Giubbonari market piaza di fiori navona square Church of San Luigi dei Francesi Pantheon Obelisk of Minerva Basilica of S.Maria de Minerva Temple of Hadrian Marcus Aurelius Column Fontana di Trevi Spain Square",[],1,02092026
52,X6e9deGEKgM,"Kabul, Afghanistan 4K Walking Tour 2026 | Real Streets & City Life [FULL WALK]",10082026,UC4q-WPF8HFipy4QmuMI3WWw,60271,"Kabul, Afghanistan 4K Walking Tour 2026 | Real Streets & City Life [FULL WALK]  Step into the streets of Kabul, the capital of Afghanistan, in this immersive 4K walking tour filmed in 2026. Walk through busy markets, quiet neighborhoods, and the everyday rhythm of the city — no narration, just real ambient sound and natural city life. This full walk gives you an authentic look at what Kabul really looks like today, far from what you see in the news.  Whether you're interested in Afghan culture, virtual travel, ASMR city walks, or you're simply curious about daily life in Kabul in 2026, this video takes you there in stunning Ultra HD quality. 🎥 Filmed in: Kabul, Afghanistan 📅 Filming Date: 2026 📷 Video Quality: 4K UHD 🚶 Style: Real-time walking tour, no cuts, no narration  What you'll see in this video: 00:00 – Introduction 00:38 – Walking through the main streets 05:00 – Local shops and markets 10:00 – Everyday life and people  If you enjoyed this walk through Kabul, don't forget to like, comment, and subscribe for more city walking tours from Afghanistan and around the world. Let me know in the comments which city you'd like to see next!  📌 More Walking Tours: https://youtu.be/VClc7sgGVL8?si=zs_my5wmTGutedH_ https://youtu.be/mvsLsg-svxg?si=SIAIQA-8fpgrpRoD https://youtu.be/5HzA8LMbPyU?si=gVXq2JEz74KOZXU_  🔔 Subscribe for weekly 4K walking tours: [https://youtube.com/@SilentTravel2?si=j_BaFdjCviJbElLG]  #Kabul #Afghanistan #WalkingTour #4K #CityWalk #VirtualTravel #KabulAfghanistan #TravelVlog #4KWalk #ASMRWalk #KabulCity #AfghanistanTravel #FullWalk #RealLife #StreetWalk","[{'title': 'Introduction', 'timestamp': '0:00:00'}, {'title': 'Walking through the main streets', 'timestamp': '0:00:38'}, {'title': 'Local shops and markets', 'timestamp': '0:05:00'}, {'title': 'Everyday life and people', 'timestamp': '0:10:00'}]",1,04092026
53,Yl-cKxLuuqo,"Rome, Italy - A Hidden Side of Rome Most Tourists Miss | Roma Walks",15082026,UCcllQnmB4x4OPhcXbCwA6dA,6977,"Rome Walking Tour 4K HDR | Real-Time City Walk  Planning a trip to Rome?  Skip hours of research! I've created ready-to-use walking tours, interactive maps, local restaurant recommendations, hidden gems and premium travel guides to help you experience Rome like a local.  👉 Start planning your trip: 🌐 https://romawalks.com  ✨ Looking for a complete Rome itinerary? My website includes exclusive walking tours, interactive maps, restaurant recommendations and premium travel guides—many of which aren't available here on YouTube.  ▬▬▬▬▬▬▬▬▬▬▬▬▬▬▬▬▬▬▬▬  🚶‍♂️ Walk through Rome in real time — no cuts, no commentary. Just the city as it feels when you walk it.  👋 I'm Luca, born and raised in Rome. This walk follows streets locals cross every day, not just the ones tourists search for.  🔎 No voice, no interruptions. If you turn on subtitles, Rome starts speaking — quietly — with stories, details and history most people never notice.  ▬▬▬▬▬▬▬▬▬▬▬▬▬▬▬▬▬▬▬▬  📍 TOUR DETAILS  • Location: Rome, Italy • Area covered: Ripa • Recorded: June 2026 • Weather: 35°C \ 96°F • Distance: 2,7 km \ 1,6 mi   ▬▬▬▬▬▬▬▬▬▬▬▬▬▬▬▬▬▬▬▬  🗺️ MAP OF THE WALK  https://www.google.com/maps/d/u/1/edit?mid=16YV0LFzvLd9jScANr2klSfbnu4Cb-AA&usp=sharing  ▬▬▬▬▬▬▬▬▬▬▬▬▬▬▬▬▬▬▬▬  🏛️ HIGHLIGHTS  • Giardino degli Aranci  • Basilica di Santa Sabina all'Aventino • La Pietra del Diavolo • Piazza dei Cavalieri di Malta • Roseto Comunale  ▬▬▬▬▬▬▬▬▬▬▬▬▬▬▬▬▬▬▬▬  💝 SUPPORT THE CHANNEL  🔔 Subscribe so you don’t miss the next walk: https://www.youtube.com/@RomaWalkingTour?sub_confirmation=1  ☕ Become a member and support more walking tours: https://www.youtube.com/channel/UCcllQnmB4x4OPhcXbCwA6dA/join  📢 Share this tour with fellow Rome lovers!  ▬▬▬▬▬▬▬▬▬▬▬▬▬▬▬▬▬▬▬▬  🌐 CONNECT WITH ME  Instagram: @RomaWalks TikTok: @RomaWalking.Tour Facebook: RomaWalks E-mail: romawalkingtour@gmail.com  ▬▬▬▬▬▬▬▬▬▬▬▬▬▬▬▬▬▬▬▬  🔍 CHAPTERS  00:00 Intro 0:50 Clivo di Rocca Savella 5:15 Via di Santa Sabina 7:10 Orange Garden  15:35 Basilica of Santa Sabina on the Aventine Hill 23:45 Devil's Stone 27:45 Via di Santa Sabina 29:10 Garden of Sant'Alessio 31:15 Belvedere Viewpoint 34:45 Basilica of Saints Boniface and Alexius 46:40 Via di Santa Sabina 47:18 Piazza dei Cavalieri di Malta 48:45 Church of Sant'Anselmo on the Aventine Hill 57:30 Via di Porta Lavernale 58:40 Piazza Sant'Anselmo 1:00:00 Via di Sant'Anselmo 1:04:10 Viale Icilio 1:05:40 Via Oddone di Cluny 1:07:25 Viale Manlio Gelsomini 1:09:15 Piazza Albania 1:10:00 Servian Wall Section 1:12:20 Via dei Decii 1:13:00 Piazza Albina 1:15:05 Via Marcella 1:16:25 Piazza del Tempio di Diana 1:17:25 Via del Tempio di Diana 1:18:35 Piazza di Santa Prisca 1:19:30 Church of Saint Prisca 1:27:50 Largo Arrigo VII 1:29:30 Clivo dei Pubblicii 1:31:30 Via di Valle Murcia 1:31:35 Municipal Rose Garden 1:33:20 Piazzale Ugo La Malfa 1:33:50 Monument to Giuseppe Mazzini 1:35:20 Via del Circo Massimo  ▬▬▬▬▬▬▬▬▬▬▬▬▬▬▬▬▬▬▬▬  #RomeWalkingTour #Rome4K #VirtualTour #CityWalk #ItalyTravel #RomaWalkingTour","[{'title': 'Intro', 'timestamp': '0:00:00'}, {'title': 'Clivo di Rocca Savella', 'timestamp': '0:00:50'}, {'title': 'Via di Santa Sabina', 'timestamp': '0:05:15'}, {'title': 'Orange Garden', 'timestamp': '0:07:10'}, {'title': 'Basilica of Santa Sabina on the Aventine Hill', 'timestamp': '0:15:35'}, {'title': ""Devil's Stone"", 'timestamp': '0:23:45'}, {'title': 'Via di Santa Sabina', 'timestamp': '0:27:45'}, {'title': ""Garden of Sant'Alessio"", 'timestamp': '0:29:10'}, {'title': 'Belvedere Viewpoint', 'timestamp': '0:31:15'}, {'title': 'Basilica of Saints Boniface and Alexius', 'timestamp': '0:34:45'}, {'title': 'Via di Santa Sabina', 'timestamp': '0:46:40'}, {'title': 'Piazza dei Cavalieri di Malta', 'timestamp': '0:47:18'}, {'title': ""Church of Sant'Anselmo on the Aventine Hill"", 'timestamp': '0:48:45'}, {'title': 'Via di Porta Lavernale', 'timestamp': '0:57:30'}, {'title': ""Piazza Sant'Anselmo"", 'timestamp': '0:58:40'}, {'title': ""Via di Sant'Anselmo"", 'timestamp': '1:00:00'}, {'title': 'Viale Icilio', 'timestamp': '1:04:10'}, {'title': 'Via Oddone di Cluny', 'timestamp': '1:05:40'}, {'title': 'Viale Manlio Gelsomini', 'timestamp': '1:07:25'}, {'title': 'Piazza Albania', 'timestamp': '1:09:15'}, {'title': 'Servian Wall Section', 'timestamp': '1:10:00'}, {'title': 'Via dei Decii', 'timestamp': '1:12:20'}, {'title': 'Piazza Albina', 'timestamp': '1:13:00'}, {'title': 'Via Marcella', 'timestamp': '1:15:05'}, {'title': 'Piazza del Tempio di Diana', 'timestamp': '1:16:25'}, {'title': 'Via del Tempio di Diana', 'timestamp': '1:17:25'}, {'title': 'Piazza di Santa Prisca', 'timestamp': '1:18:35'}, {'title': 'Church of Saint Prisca', 'timestamp': '1:19:30'}, {'title': 'Largo Arrigo VII', 'timestamp': '1:27:50'}, {'title': 'Clivo dei Pubblicii', 'timestamp': '1:29:30'}, {'title': 'Via di Valle Murcia', 'timestamp': '1:31:30'}, {'title': 'Municipal Rose Garden', 'timestamp': '1:31:35'}, {'title': 'Piazzale Ugo La Malfa', 'timestamp': '1:33:20'}, {'title': 'Monument to Giuseppe Mazzini', 'timestamp': '1:33:50'}, {'title': 'Via del Circo Massimo', 'timestamp': '1:35:20'}]",1,04092026
54,uoEW2-pdux4,"Bellagio, Italy 4K Walking Tour 🇮🇹 The Pearl of Lake Como | Scenic Lake Views & Colorful Streets",08082026,UCGaLMzdEMwwjghJBSfZlEXQ,20121,"Explore Bellagio, Italy in stunning 4K HDR, a relaxing walking tour through the most beautiful village on Lake Como, filmed in Summer 2026 with real natural ambient sounds. In this video, I walk through Bellagio's charming streets, the scenic lakeside promenade, colorful alleys, historic piazzas, breathtaking Lake Como viewpoints, and hidden corners, exploring one of Northern Italy's most beautiful destinations.  Experience Bellagio at a slow, natural pace as we explore its picturesque old town, elegant waterfront, famous stone stairways, local cafés, boutiques, and unforgettable lake views. From Piazza della Chiesa and the Basilica of St. Giacomo to the beautiful waterfront and Punta Spartivento, every step reveals why Bellagio is known as the Pearl of Lake Como.  📍 Location: Bellagio, Lake Como, Italy 🇮🇹 📅 Date: July 2026 🌡️ Weather: 32°C (89.6°F) 🎥 Video Quality: 4K Ultra HD • HDR 🎧 Audio: Natural Ambient Sounds • No Narration  Walking Route • Lungolago Europa • Via Lungo Lario Manzoni • Salita Serbelloni • Via Giuseppe Garibaldi • Piazza della Chiesa • Basilica of St. Giacomo • Via Eugenio Vitali • Parchetto della Punta  👍 Like & Subscribe for more 4K walking tours, Italy travel experiences, European city walks, Mediterranean destinations, historic cities, and authentic street life journeys. http://www.youtube.com/@UCGaLMzdEMwwjghJBSfZlEXQ   ☕ Support the channel: buymeacoffee.com/duslintravels  🎥 WATCH NEXT — More Italy & Mediterranean Walks: 🇮🇹 Capri 4K Walking Tour https://youtu.be/NRlb4eJpacw 🇮🇹 Amalfi Coast 4K Walk https://youtu.be/iy17xouEiv0 🇮🇹 Positano 4K Walking Tour https://youtu.be/7cbivh7W1RE 🇮🇹 Sorrento 4K Walking Tour https://youtu.be/vDTNIngMPqw 🇮🇹 Rome 4K Walking Tour https://youtu.be/-sTY197l6YU 🇮🇹 Milan City Walk 4K https://youtu.be/3MxERbQnwGY 🇫🇷 Cannes Coastal Walk https://youtu.be/fibxR9c0YgI 🇲🇨 Monaco Luxury Walk https://youtu.be/JjdaVMflN9g  🎧 For the best experience, watch in 4K with headphones and enjoy the authentic sounds and peaceful atmosphere of Bellagio and Lake Como.  © All video and audio content is copyrighted. Unauthorized use or reproduction is prohibited.  #lakecomo #italy #bellagio #4k #walkingtour",[],1,02092026
55,D9Ftx1VYnaI,"🇮🇹 Sirmione, Lake Garda Italy: The Town That Made Me Forget Everything Else!",15082026,UC7M0L-ZU-TzS6ZoRXz-iRWg,16624,"Beneath this tiny Italian town, 70°C Roman springs still flow — and opera legend Maria Callas once called it home.  Join me on a walk through Sirmione, one of the most charming towns on Lake Garda — Italy's largest lake. We'll cross the drawbridge into the medieval Castello Scaligero, wander the narrow pedestrianised streets lined with cafés and flowers, cool off by the water, and soak up centuries of Roman and medieval history packed into this tiny peninsula.  🏰 A few facts about Sirmione: Sirmione sits on a narrow, 4 km peninsula jutting into Lake Garda — some say its name comes from the Greek word ""syrma,"" meaning ""tail,"" a nod to its elongated shape. The Castello Scaligero was built in the 13th–14th century by the Della Scala family, who ruled Verona for over a century, and it's the only medieval castle in Italy with its own harbour still enclosed within the walls. Beneath the town, sulphurous thermal springs rise from the lake bed at around 70°C — the same waters the Romans once used, and which still feed Sirmione's spas today. The town was also home to the legendary opera singer Maria Callas, and its historic centre is entirely pedestrianised, so the only way to see it properly is on foot — exactly what we're doing today.   🎬 Filming Info: 📍 Location: Sirmione, Italy 🇮🇹 📽️ Format: 4K HDR at 60fps 🎧 Audio: Real city sounds – no music, no commentary ☀️ Time: Daytime  👉 If you enjoyed this walk through Sirmione, please like and subscribe for more relaxing 4K walking tours from beautiful destinations across Italy and beyond. 💬 Which spot would you visit first — the castle, the cafés, or the lake? Let me know in the comments below!  All footage in this video is original and filmed by me on location. This video captures the real atmosphere, everyday life, and unique character of each destination through authentic walking experiences. Copyright © George Walking Tours. All Rights Reserved. #Sirmione #LakeGarda #Italy #ItalyTravel #GardaLake #ItalianTown",[],1,02092026
56,r5V08HF7eRE,Heavy Rain in Zurich: Dramatic Walking Tour 🇨🇭⛈️,27072026,UC3riFUL-NCNBQWAwR98fq4A,73937,"#Switzerland #WalkingTour🇨🇭 #swisstravel Heavy Rain in Zurich: Dramatic Walking Tour 🇨🇭⛈️ ☕ Support Swiss Walker – Keep the Journeys Alive! Hello wonderful wanderers! 🌍✨  I’m Swiss Walker, your guide to breathtaking landscapes, vibrant cities, and hidden gems—all through the simple joy of walking. Every step I take is to share the beauty of this world with you, and your support means the world to me!  If my videos bring you peace, inspiration, or a virtual escape, consider buying me a coffee ☕. Your kindness helps fuel new adventures, better gear, and more stunning walks for you to enjoy.  💛 Say thanks with a coffee: buymeacoffee.com/swisswalker 📌 Or simply Sub & Like—it all helps! Merci, thank you, danke! Your support keeps me walking. 🚶‍♂️💙 Happy exploring! 🎥🌳  Thanks for watching! 🎥✨ Walk through Zurich exploring the pure magic of winter Walking Tour Switzerland🇨🇭 https://youtu.be/VItQsggtEzU?si=1H01FkdOSMUXmoZf  Geneva is a city of timeless beauty walking through the Heart of Switzerland 🇨🇭 https://youtu.be/aQQRAM4p44Q?si=aZUoK_-Yu5X0HXdL  Exploring Zurich's Charm on a Gorgeous Day: Walking Through the City's Beauty! 🇨🇭 https://youtu.be/o1AKz1Ll6A8?si=FB6g731ThlgnYCHK  LUCERNE, SWITZERLAND 🇨🇭 Enjoy a Relaxing Walking Tour https://youtu.be/vP-0tAvsx9I?si=Q5ZhzEJEZaZbUbFg  Pleas Like and Sub.  ✳️Follow me  on Instagram : https://www.instagram.com/svisswalk3r/?utm_source=qr ✳️Follow me on Facebook :  https://www.facebook.com/profile.php?id=61554040276779",[],1,02092026
57,kIpc6pQJ9-Q,"IZMIR TURKEY 2026 4K WALKING TOUR | Kemeraltı Bazaar, Street Food & Shopping",16082026,UCFzssulsGA5-IeD75IFJJ9g,31858,"Explore İzmir, Turkey in 2026 with a relaxing 4K walking tour through Kemeraltı Bazaar, one of the city’s most atmospheric historic shopping districts. Walk through its colorful streets filled with traditional shops, local cafés, Turkish coffee, street food, spices, textiles, souvenirs, ceramics, and everyday life in the heart of İzmir.  Located close to Konak Square and the İzmir Clock Tower, Kemeraltı is one of the best places to experience authentic İzmir. This walking tour takes you through busy bazaar lanes, traditional coffee shops, hidden courtyards and lively shopping streets where locals and visitors come together throughout the day.  Along the way, discover the flavors of İzmir and Turkish street food, including simit, boyoz, pastries, Turkish coffee, local snacks and traditional dishes. Kemeraltı is also a great destination for shopping, with everything from clothing, jewelry and leather goods to spices, sweets, handmade products and colorful Turkish ceramics.  If you are planning a trip to İzmir and searching for things to do in İzmir, Kemeraltı Bazaar, İzmir street food, İzmir shopping, Konak, İzmir Old Town or Turkey walking tours, this video gives you an immersive look at the city without narration—just the natural sounds, crowds and atmosphere of a hot summer day.  Kemeraltı is easily reached from Konak, Alsancak and İzmir city center by tram, metro, bus or ferry connections. Nearby attractions include Konak Square, İzmir Clock Tower, Hisar Mosque, Kızlarağası Hanı, Agora of Smyrna and the İzmir waterfront, making this historic market area one of the essential places to explore when visiting the city.  Enjoy this IZMIR TURKEY 2026 4K WALKING TOUR and experience the sights, sounds, food, shopping and real-life atmosphere of Kemeraltı Bazaar as if you were walking through İzmir yourself.  #Izmir #Turkey #Kemeraltı #KemeraltıBazaar #IzmirTurkey #IzmirWalkingTour #TurkeyWalkingTour #4KWalkingTour #Izmir2026 #TurkishStreetFood #IzmirStreetFood #Konak #TurkeyTravel #IzmirTravel #TurkishBazaar   IZMIR TURKEY 2026 4K WALKING TOUR | Kemeraltı Bazaar, Street Food & Shopping   Behind every video there are hours of walking, filming, batteries, memory cards, and late-night edits. If my content adds value to your day, consider tipping a coffee: Buy Me a Coffee  ☕️ Your support directly funds new routes, better audio, and upgraded lenses. Thank you for helping this channel grow! 🌍🎥  http://bit.ly/3WO8jle  🚷If you appear in this video and wish to have your image removed, please contact me via email, and I will make every effort to accommodate your request. recording in 4K UHD 60FPS by DJI OSMO ACTION 5 PRO @DJI RECORDING Date : 7 August  2026 Climatic Condition :  Sunny DAY  Temperature:  35°C/95°F 🌡 Copyright © 2026 All Rights Reserved To my delicious trips youtube channel ```````````````````````````````````````````````````````````````````````````````````````````````````` its a travel guide Channel: ‘Don't forget to like, share and subscribe on my channel: https://www.youtube.com/channel/UCFzssulsGA5-IeD75IFJJ9g ````````````````````````````````````````````````````````````````````````````````````````````````````` https://www.patreon.com/mydelicioustrips https://www.instagram.com/mydelicioustrips https://facebook.com/mydelicioustrips ``````````````````````````````````````````````````````````````````````````````````````````````````````",[],1,04092026
58,DFQO7Zn-KM4,"The REAL Mumbai, India | Walking Tour INDIA 4K Walk",24042023,UCU29V2Jl2unpcOxm1kPDqmw,812103,"This walking tour of Mumbai, India was filmed in 4K HDR. In this Ultimate Bombay walking your we will explore most of the city.  *TIP MY WALK* *PayPal Donations* : http://bit.ly/LADmob-Donate  *Facebook* : https://facebook.com/UNSEENwalks/ *Twitter* : https://twitter.com/unseenwalks *Instagram* : https://www.instagram.com/unseenwalks/  Video Type: India Walking Tours Location: Mumbai, India Streets",[],1,04092026
59,azLFLAi-9e4,I Try India's FIRST EVER 5 Star Hotel!,17052026,UCds9ox_aTIGDCpB6rODmS7w,1258782,"Get started with Odoo for free today 👉https://www.odoo.com/r/w3V  I’m staying at The Taj Mahal Palace in Mumbai — widely recognised as India’s first luxury 5-star hotel and one of the country’s most iconic landmarks. Opened in 1903, this historic hotel has welcomed royalty, celebrities, world leaders and some of the richest people on the planet. But what’s it REALLY like to stay here today? From the famous red dome and incredible sea views overlooking the Gateway of India… to the luxury rooms, fine dining, hidden history and jaw-dropping interiors — this is a full experience inside one of India’s most famous hotels.  SUPPORT ME  Become a Channel Member 👉 https://bit.ly/3mZaYYd Patreon 👉 https://www.patreon.com/user?u=34567902 PayPal 👉 https://paypal.me/walkwithmetim?local...  FOLLOW ME ON SOCIAL MEDIA Instagram - https://www.instagram.com/walkwithmetim/ Facebook - Search Walk With Me Tim TikTok - @walkwithmetimofficial",[],1,02092026
60,Dg43DBs32Eo,"The BEST of MANILA CITY | Intramuros Walking Tour & Street Food | Manila, Philippines",19052025,UCwivAqc3tPrvbionZl5SjJQ,52798,"The BEST of MANILA CITY | Intramuros Walking Tour & Street Food | Manila, Philippines  We spent an hour walking around Intramuros, Manila’s oldest district, exploring the iconic Spanish-era walls, centuries-old cobblestone streets, and historic Catholic churches including San Agustin Church—a UNESCO World Heritage Site. 🕍  📍 We also checked out the weekend street food bazaar along General Luna Street, just steps away from San Agustin Church, where locals and tourists gather to enjoy Filipino street food favorites!  👉 What is Intramuros? Intramuros, meaning “within the walls,” was the original walled city built by the Spanish during their colonial rule in the Philippines. It’s known for its preserved architecture, horse-drawn carriages, and cultural landmarks that give you a real glimpse into Old Manila’s colonial history.  Chapters: 00:00 Preview 01:55 Soriano Avenue 02:25 Plaza de Roma 03:25 Manila Cathedral 05:15 Cabildo Street 07:39 Anda Street 08:18 Plazuela de Santa Isabel 09:28 General Luna St & Weekend Food Bazaar 15:02 San Agustin Church 16:18 Plaza San Luis Complex 22:27 General Luna Street 25:01 Sta. Potencia Street 26:18 Cabildo Street 28:29 Real Street 32:59 Muralla Street 33:42 Intramuros Walls 36:40 Baluarte de San Francisco de Dilao 40:43 Muralla Street 41:30 Victoria Street 47:00 Cabildo Street 48:46 San Jose Street 49:47 General Luna Street 01:03:11 Manila Cathedral  If you love Philippine history, local street food, and urban walking tours, this video is for you!  🔔 Don’t forget to LIKE, COMMENT, and SUBSCRIBE for more walking tours and street food videos across the Philippines!  #Intramuros","[{'title': 'Preview', 'timestamp': '0:00:00'}, {'title': 'Soriano Avenue', 'timestamp': '0:01:55'}, {'title': 'Plaza de Roma', 'timestamp': '0:02:25'}, {'title': 'Manila Cathedral', 'timestamp': '0:03:25'}, {'title': 'Cabildo Street', 'timestamp': '0:05:15'}, {'title': 'Anda Street', 'timestamp': '0:07:39'}, {'title': 'Plazuela de Santa Isabel', 'timestamp': '0:08:18'}, {'title': 'General Luna St & Weekend Food Bazaar', 'timestamp': '0:09:28'}, {'title': 'San Agustin Church', 'timestamp': '0:15:02'}, {'title': 'Plaza San Luis Complex', 'timestamp': '0:16:18'}, {'title': 'General Luna Street', 'timestamp': '0:22:27'}, {'title': 'Sta. Potencia Street', 'timestamp': '0:25:01'}, {'title': 'Cabildo Street', 'timestamp': '0:26:18'}, {'title': 'Real Street', 'timestamp': '0:28:29'}, {'title': 'Muralla Street', 'timestamp': '0:32:59'}, {'title': 'Intramuros Walls', 'timestamp': '0:33:42'}, {'title': 'Baluarte de San Francisco de Dilao', 'timestamp': '0:36:40'}, {'title': 'Muralla Street', 'timestamp': '0:40:43'}, {'title': 'Victoria Street', 'timestamp': '0:41:30'}, {'title': 'Cabildo Street', 'timestamp': '0:47:00'}, {'title': 'San Jose Street', 'timestamp': '0:48:46'}, {'title': 'General Luna Street', 'timestamp': '0:49:47'}, {'title': 'Manila Cathedral', 'timestamp': '1:03:11'}]",1,04092026
61,_ofEQYA2V58,4K Amalfi Italy 4K Walking Tour 🇮🇹 Amalfi Coast Italy,11062024,UCTRu4KWehF1sviOJtUV5Haw,1138070,"4K Amalfi Italy 4K Walking Tour! Walk on Amalfi town, Amalfi coast, Italy with me on this 4K walking tour. Join me on this virtual walking tour! Perfect for treadmill walks or simply watching from your sofa. Experience the sights and sounds of Amalfi right from your home. Don't forget to like, and subscribe for more travel adventures on YouTube! 💗  🗺️📍Google map Route: https://maps.app.goo.gl/hatzV2R3bXAETy4r7  🏩 Hotel recommendations:   Amalfi town 👉 https://expedia.com/affiliates/hotel-search-hotel-marina-riviera.mGeyNjg Sorrento 👉 https://www.hotels.com/affiliate/9zefXMX   ⏱️ Timestamps: 00:00 Preview & Map  00:56 Amalfi Drive Road (Via Repubblica Marinae, 201) 02:31 Tonino's Beach Amalfi Coast 06:00 Mandingo Beach 09:24 Piazza Duomo 10:03 Duomo di Amalfi (Amalfi Cathedral) 14:31 Ristorante Piazza Duomo (Piazza Duomo Restaurant) 16:54 Via Lorenzo D'Amalfi (Lorenzo d'Amalfi Street) 24:23 La Fontana De Cape E Ciucci   About Me 👩 I'm Ellie, a girl living in New York City who loves to walk, discover new places and film!   Follow me on Instagram:   https://www.instagram.com/ellie.walkss/  ~-~~-~~~-~~-~ Watch Next:  ~-~~-~~~-~~-~ Sorrento, Italy | 4K Walking Tour 🇮🇹 🍷🍕   https://www.youtube.com/watch?v=Dn6JIK-ZPoY ~-~~-~~~-~~-~  #elliewalks #amalfi  #walkingtour #italy #amalficoast   🔗 Disclaimer: Some of the links above are affiliate links, which means I may earn a small commission if you book through them , at no extra cost to you. Thanks for supporting the channel!","[{'title': 'Preview & Map', 'timestamp': '0:00:00'}, {'title': 'Amalfi Drive Road (Via Repubblica Marinae, 201)', 'timestamp': '0:00:56'}, {'title': ""Tonino's Beach Amalfi Coast"", 'timestamp': '0:02:31'}, {'title': 'Mandingo Beach', 'timestamp': '0:06:00'}, {'title': 'Piazza Duomo', 'timestamp': '0:09:24'}, {'title': 'Duomo di Amalfi (Amalfi Cathedral)', 'timestamp': '0:10:03'}, {'title': 'Ristorante Piazza Duomo (Piazza Duomo Restaurant)', 'timestamp': '0:14:31'}, {'title': ""Via Lorenzo D'Amalfi (Lorenzo d'Amalfi Street)"", 'timestamp': '0:16:54'}, {'title': 'La Fontana De Cape E Ciucci', 'timestamp': '0:24:23'}]",1,04092026
62,Y__fRvziRko,🇮🇹 4K Herculaneum Walking Tour (2025) – The Ancient City Buried by Mt. Vesuvius,03082025,UCNzul4dnciIlDg8BAcn5-cQ,204440,"Walking tour through the ancient Roman city of Herculaneum 📅 *Filmed on* Friday, June 6th, 2025 🌞 *Weather*  27°C | 81°F 🌡  🗺️ *Map of the Walk* https://www.google.com/maps/d/u/0/edit?mid=1xT2cc820lFPM0sZ9eb_XZ3wwXVy3aGo&usp=sharing   🗺️  🔻𝗩𝗶𝗱𝗲𝗼 𝗧𝗶𝗺𝗲𝗹𝗶𝗻𝗲 𝗟𝗶𝗻𝗸𝘀🔻 0:00 Entrance 1:09 Herculaneum Viewpoint 8:08 Ticket Office 13:50 House of Aristides 14:11 House of Argus  16:31 House of the Albergo 18:35 House of the Skeleton 22:20 Thermopolium 23:11 House of Galba *24:35 Men's Central Baths* 29:45 Workshop of Lanarius 31:48 House of the Two Atriums 33:46 House of the Tuscan Colonnade 36:14 Hall of the Augustales 39:23 Decumanus Maximus North 40:42 House of the Tuscan Colonnade 42:30 House of the Black Salon 47:05 House of the Bicentenary 53:15 House of Wooden Shrine 54:33 Bakery 55:26 Shop 56:04 Dye Workshop 56:37 Palestra 57:49 Palestra Swimming Pool 1:01:12 House of the Large Portal 1:05:39 House of Neptune and Amphitrite 1:08:19 House of the Beautiful Courtyard *1:13:29 Women's Central Baths* 1:15:57 Samnite House 1:19:01 House of the Wooden Screen 1:21:56 House of the Alcove 1:26:04 House of the Bronze Herm 1:28:13 Casa dell'Albergo 1:31:31 Bakery 1:34:26 House of the Relief of Telephus 1:35:26 House of the Deer 1:40:28 House of the Gem 1:44:08 Terrace of Marcus Nonius Balbus *1:45:54 Ancient Shoreline and Boatsheds* 1:51:59 Sacred Area 1:54:17 Cardo V 1:56:01 Decumanus Maximus 1:57:57 Cardo III  Explore the ancient Roman city of Herculaneum, buried by the eruption of Mount Vesuvius in 79 AD. This 2025 walking tour revisits the archaeological site in Ercolano, Italy, seven years after my original 2018 video, which reached over 1.7 million views.  Since then, the site has seen important updates, including the redesign of the ancient boat sheds, offering an even more immersive and moving experience where the remains of over 300 victims were discovered. Join me for a peaceful, uninterrupted walk through beautifully preserved Roman homes, bathhouses, shops, mosaics, and frescoes—ending at the newly enhanced shoreline.  ================================================================================ 🙏 Thank You to My VIP Passeggiata Patrons *Barb Stuhlemmer* • *David Miccolis* • *H Munro* •  *Maggie McCormick* • *Andrey Antsut* • *James Hatfield* • *Mikey Spumoni* 💛 Your support makes these videos possible! ➡️ Join here: https://www.patreon.com/Prowalktours ================================================================================  ▬▬▬▬▬▬▬▬▬▬▬▬▬▬▬▬▬▬▬▬ 📽 *MORE WALKING TOURS* 🎄Christmas Markets Playlist: (https://youtube.com/playlist?list=PLSOO4vYXpMCd2nqHyPaDtgxkf_BsAuQCt&si=0YU1zhv0tLbwm8u6) 🍕 Italy Playlist: (https://youtube.com/playlist?list=PLSOO4vYXpMCc6k7EuMhr764qCNeXDrxpj&si=aYfLAtNw1eGc560w) 🏛️ Greece Playlist: (https://youtube.com/playlist?list=PLSOO4vYXpMCf151n5M3j9IxxvvvZNK7TM&si=xW-ewBTs4pzb90a1) 🚴 Biking Tours Playlist: (https://youtube.com/playlist?list=PLSOO4vYXpMCe4SaQXMk9IMfpkl1w473Zz&si=1rFBHTnZtCMmykPA) 🐪 Egypt Playlist: (https://youtube.com/playlist?list=PLSOO4vYXpMCc_y7TUiJufW_N_QZod0M8d&si=XgIlOOZb0DLiPt9z) 🍣 Japan Playlist: (https://youtube.com/playlist?list=PLSOO4vYXpMCc69vi-SFMODDGKQf_7D-IK&si=hxZIpoG9x1Ypszyq) 🥁 Brazil Playlist: (https://youtube.com/playlist?list=PLSOO4vYXpMCcefbIXpStQK7fPRJBBiBAH&si=Zlji0Mfbp3sJlyjs) 🦘 Australia Playlist: (https://youtube.com/playlist?list=PLSOO4vYXpMCcuh1sGTbEtCldxhCA6grbV&si=tQ56vSTmsQKUNWjN) 🌍 Complete List of Walks: http://www.prowalks.com/videos  ▬▬▬▬▬▬▬▬▬▬▬▬▬▬▬▬▬▬▬▬  =============================================================================== 📢 *SUPPORT & CONNECT* 📢 🌍 Website: https://www.prowalktours.com 🔔 Subscribe for more immersive walks: https://www.youtube.com/@ProwalkTours 🟥 Become a Channel Member: https://www.youtube.com/channel/UCNzul4dnciIlDg8BAcn5-cQ/join 💛 Patreon: https://www.patreon.com/Prowalktours 💳 Donate: https://www.paypal.me/Prowalks 👕 Merchandise: https://teespring.com/stores/prowalk-tours ===============================================================================  ▬▬▬▬▬▬▬▬▬▬▬▬▬▬▬▬▬▬▬▬ 🎥 *My Filming Gear:* https://www.amazon.com/shop/prowalktours ▬▬▬▬▬▬▬▬▬▬▬▬▬▬▬▬▬▬▬▬  🚷 No portion of this video may be used without prior written consent from Prowalk Tours. If you appear in this video and wish to have your image removed, please contact me.  #Herculaneum  #walkingtours #prowalktours","[{'title': 'Entrance', 'timestamp': '0:00:00'}, {'title': 'Herculaneum Viewpoint', 'timestamp': '0:01:09'}, {'title': 'Ticket Office', 'timestamp': '0:08:08'}, {'title': 'House of Aristides', 'timestamp': '0:13:50'}, {'title': 'House of Argus', 'timestamp': '0:14:11'}, {'title': 'House of the Albergo', 'timestamp': '0:16:31'}, {'title': 'House of the Skeleton', 'timestamp': '0:18:35'}, {'title': 'Thermopolium', 'timestamp': '0:22:20'}, {'title': 'House of Galba', 'timestamp': '0:23:11'}, {'title': ""Men's Central Baths"", 'timestamp': '0:24:35'}, {'title': 'Workshop of Lanarius', 'timestamp': '0:29:45'}, {'title': 'House of the Two Atriums', 'timestamp': '0:31:48'}, {'title': 'House of the Tuscan Colonnade', 'timestamp': '0:33:46'}, {'title': 'Hall of the Augustales', 'timestamp': '0:36:14'}, {'title': 'Decumanus Maximus North', 'timestamp': '0:39:23'}, {'title': 'House of the Tuscan Colonnade', 'timestamp': '0:40:42'}, {'title': 'House of the Black Salon', 'timestamp': '0:42:30'}, {'title': 'House of the Bicentenary', 'timestamp': '0:47:05'}, {'title': 'House of Wooden Shrine', 'timestamp': '0:53:15'}, {'title': 'Bakery', 'timestamp': '0:54:33'}, {'title': 'Shop', 'timestamp': '0:55:26'}, {'title': 'Dye Workshop', 'timestamp': '0:56:04'}, {'title': 'Palestra', 'timestamp': '0:56:37'}, {'title': 'Palestra Swimming Pool', 'timestamp': '0:57:49'}, {'title': 'House of the Large Portal', 'timestamp': '1:01:12'}, {'title': 'House of Neptune and Amphitrite', 'timestamp': '1:05:39'}, {'title': 'House of the Beautiful Courtyard', 'timestamp': '1:08:19'}, {'title': ""Women's Central Baths"", 'timestamp': '1:13:29'}, {'title': 'Samnite House', 'timestamp': '1:15:57'}, {'title': 'House of the Wooden Screen', 'timestamp': '1:19:01'}, {'title': 'House of the Alcove', 'timestamp': '1:21:56'}, {'title': 'House of the Bronze Herm', 'timestamp': '1:26:04'}, {'title': ""Casa dell'Albergo"", 'timestamp': '1:28:13'}, {'title': 'Bakery', 'timestamp': '1:31:31'}, {'title': 'House of the Relief of Telephus', 'timestamp': '1:34:26'}, {'title': 'House of the Deer', 'timestamp': '1:35:26'}, {'title': 'House of the Gem', 'timestamp': '1:40:28'}, {'title': 'Terrace of Marcus Nonius Balbus', 'timestamp': '1:44:08'}, {'title': 'Ancient Shoreline and Boatsheds', 'timestamp': '1:45:54'}, {'title': 'Sacred Area', 'timestamp': '1:51:59'}, {'title': 'Cardo V', 'timestamp': '1:54:17'}, {'title': 'Decumanus Maximus', 'timestamp': '1:56:01'}, {'title': 'Cardo III', 'timestamp': '1:57:57'}]",1,04092026
63,3nYnfYJAkao,The Most Beautiful City in Switzerland? 🇨🇭Lucerne | Walking Tour with Stunning Views,05042025,UCOlx478DxwYAwkLnz9ELNIQ,774262,"Join us for a peaceful walking tour through Lucerne, one of the most charming and picturesque cities in the heart of Switzerland. From its iconic wooden bridge to stunning lake views and colorful old town streets — this video is your front-row seat to Lucerne’s timeless beauty.  🎥 What You’ll See in This Video: ✔️ Chapel Bridge (Kapellbrücke) and Water Tower ✔️ The vibrant Old Town with painted facades ✔️ Lake Lucerne with breathtaking mountain views ✔️ Cozy riverside cafés and quiet hidden corners ✔️ Swiss architecture, flowers, and relaxing city sounds  🧭 Filmed in 4K, with no talking — just natural ambient sounds and smooth camera movement for an immersive, relaxing experience.  Perfect for: 🌿 Virtual travel & slow tourism 🎧 Background ambiance 📍 Planning your trip to Lucerne  💬 Have you been to Lucerne? Let us know your thoughts or travel memories in the comments!  🔔 Don’t forget to like, subscribe, and hit the bell for more beautiful walking tours from across Europe.  Timeline 0:00 - Intro 1:35 - The drive to Lucerne 2:51 - The Lion Monument 7:15 - Church of St. Leodegar 26:16 - Lake Lucerne 1:01:33 - Old Town  1:12:06 - The Chapel Bridge ------------------------------------------------------------------------------------ Video Duration: 1:51:35  📍Location: Lucerne | Switzerland Shooting time: August 11, 11:32, Sunday Weather: 29°C | 84,2 °F  You can check the approximate route of my walk at the link: https://bit.ly/4cj1nn5  Watch My Previous Videos ------------------------------------------------------------------------------------ ▶️ Have You Heard of This Secret Italian Village Where Italians Vacation? https://youtu.be/OWEqxhBRmjQ  ▶️ What Makes This Island So Exclusive? Walking Through Italy’s Luxury Gem Capri https://youtu.be/bkK0EuIHmjo  ▶️ Where Do Millionaires Stroll? Walking Through Saint Tropez https://youtu.be/CRHzH8NuTjo  ▶️ Èze - A Hidden Gem with Heavenly Views of the French Riviera! https://youtu.be/euJWtC3LTAk ---------------------------------------------------------------------------------------- 🔸I'm Denis, a travel enthusiast and professional videographer. I’ve combined my two passions, and now I'm thrilled to share the most beautiful and fascinating places from my travels with you. Step into a world of exploration with me as we embark on captivating walking tours around the globe.  New Video Uploaded Every Week  Don't forget to tell us your opinion in the comments below.  Be sure to share your thoughts in the comments! Your feedback is so important for the growth of my channel. Thank you!  You Can Follow Me On Social Media Links:  ---------------------------------------------------------------------------------------- Instagram: https://www.instagram.com/raevdenis.film Website: https://raevdenis.com/  For Business Inquiries:  raev.production@gmail.com","[{'title': 'Intro', 'timestamp': '0:00:00'}, {'title': 'The drive to Lucerne', 'timestamp': '0:01:35'}, {'title': 'The Lion Monument', 'timestamp': '0:02:51'}, {'title': 'Church of St. Leodegar', 'timestamp': '0:07:15'}, {'title': 'Lake Lucerne', 'timestamp': '0:26:16'}, {'title': 'Old Town', 'timestamp': '1:01:33'}, {'title': 'The Chapel Bridge', 'timestamp': '1:12:06'}]",1,04092026
64,yNun-Rs-OU4,"🇨🇦 Toronto, Canada 4K Walking Tour: Downtown’s Iconic Landmarks & Streets [4K Ultra HDR/60fps]",07012023,UCiVH7ncT6ghUKvSpY_e0DNQ,1797174,"Join us on a 4k walk through the heart of Toronto's financial district. We'll start at the Royal York Hotel and make our way through the bustling streets, stopping at all five of the major bank headquarters along the way.   We'll also visit Union Station and City Hall, some of Toronto's most iconic landmarks. This is a great way to get a feel for the city's business centre and get a closer look at some of its most impressive skyscrapers.   The five major banks of Canada are some of the largest and most influential financial institutions in the country. They are known for their impressive skyscrapers, which are landmarks in the city of Toronto and symbolize the power and prosperity of Canada's financial industry.  Bank of Montreal Bank of Nova Scotia Canadian Imperial Bank of Commerce Royal Bank of Canada Toronto-Dominion Bank  Prepare to be awestruck by the towering skyscrapers that define the cityscape, serving as iconic symbols of Canada's thriving financial industry. These banks, namely Bank of Montreal, Bank of Nova Scotia, Canadian Imperial Bank of Commerce, Royal Bank of Canada, and Toronto-Dominion Bank, are not only prominent institutions but also architectural marvels.  This leisurely stroll will allow you to soak in the energy and ambiance of the district, while our high-quality 4k video recording ensures an immersive experience that transports you directly into the heart of Toronto.   Join us on this captivating journey and witness firsthand the captivating blend of business, history, and architectural grandeur that defines Toronto's financial district.  ----------------------------------------------------------------------------------------------------------- Chapters: 0:00 Preview 13:39 Royal York Hotel 15:30 Union Station 24:00 Fairmont Royal York  31:56 Royal Plaza Tower 33:00 Brookfield Place 38:45 Hockey Hall of Fame 43:00 Berczy Park Dog Fountain 52:00 Commerce Court Tower 58:42 Toronto Dominion Centre 1:07:33 BMO Tower 1:13:00 Scotia Plaza & Tower 1:28:24 Toronto City Hall 1:38:15 Osgoode Hall 1:44:00 Queen Street West 1:54:00 Grange Park OCAD AGO 2:03:15 AGO Art Gallery of Ontario 2:11:30 OCAD Ontario College of Art & Design 2:20:40 Queen Street 2:32:00 China Town  2:40:26 Kensington Market  -----------------------------------------------------------------------------------------------------------  Let's connect:  ►Subscribe: https://www.youtube.com/c/4KWanderings ►Facebook: https://www.facebook.com/4kWanderings ►Twitter: https://twitter.com/17NorthNE ►Instagram: https://instagram.com/17NNE ►TikTok: https://www.tiktok.com/@microwalks  Intro music produced by Ryan Booth at The JamBooth Recording Studio. https://thejambooth.wixsite.com/music https://facebook.com/JamBoothMusic/  #walkingtour #4kwalk #torontowalkingtour #toronto #citywalk","[{'title': 'Preview', 'timestamp': '0:00:00'}, {'title': 'Royal York Hotel', 'timestamp': '0:13:39'}, {'title': 'Union Station', 'timestamp': '0:15:30'}, {'title': 'Fairmont Royal York', 'timestamp': '0:24:00'}, {'title': 'Royal Plaza Tower', 'timestamp': '0:31:56'}, {'title': 'Brookfield Place', 'timestamp': '0:33:00'}, {'title': 'Hockey Hall of Fame', 'timestamp': '0:38:45'}, {'title': 'Berczy Park Dog Fountain', 'timestamp': '0:43:00'}, {'title': 'Commerce Court Tower', 'timestamp': '0:52:00'}, {'title': 'Toronto Dominion Centre', 'timestamp': '0:58:42'}, {'title': 'BMO Tower', 'timestamp': '1:07:33'}, {'title': 'Scotia Plaza & Tower', 'timestamp': '1:13:00'}, {'title': 'Toronto City Hall', 'timestamp': '1:28:24'}, {'title': 'Osgoode Hall', 'timestamp': '1:38:15'}, {'title': 'Queen Street West', 'timestamp': '1:44:00'}, {'title': 'Grange Park OCAD AGO', 'timestamp': '1:54:00'}, {'title': 'AGO Art Gallery of Ontario', 'timestamp': '2:03:15'}, {'title': 'OCAD Ontario College of Art & Design', 'timestamp': '2:11:30'}, {'title': 'Queen Street', 'timestamp': '2:20:40'}, {'title': 'China Town', 'timestamp': '2:32:00'}, {'title': 'Kensington Market', 'timestamp': '2:40:26'}]",1,04092026
65,GhAJUYwjkU8,Bangkok's CRAZIEST Night Markets - Chinatown Street Food Tour 4K,06042024,UCiVH7ncT6ghUKvSpY_e0DNQ,2195202,"Welcome to Bangkok, Thailand.  Step into the vibrant nightlife of Bangkok with our exhilarating 4K walking tour through its iconic night markets!   Begin your adventure at the bustling Weekend Market, where you'll find a mesmerizing variety of goods, from local crafts to exotic foods. As we make our way to CentralWorld, indulge in the best pop-up food market in town, brimming with mouthwatering delights. Next, immerse yourself in the electric atmosphere of Khao San Road, renowned for its wild energy and lively nightlife.  Then, journey through the enchanting chaos of Chinatown and Yaowarat Road, where vibrant colours and tantalizing aromas fill the air. Finally, conclude your tour at the dazzling Flower Market, where the beauty of blooms captivates the senses.   Sumama sa amin sa isang masarap na paglalakbay sa Kampung Roti night market! Ang video na ito ay isang tunay na **food video** na nagpapakita ng iba't ibang uri ng **street food** sa lugar. Bilang isang **filipino** na **food vlog**, ipinapakita namin ang makulay na **food** scene at ang masayang ambiance ng night market na ito. Halina't tikman ang mga paboritong pagkain at saksihan ang buhay na buhay na nightlife ng Kampung Roti.  Join us for an unforgettable exploration of Bangkok's vibrant night markets!   Chapters: 0:00 Food Tour Intro  2:39 Sunset Snack Market 22:43 CentralWorld Pop-Up Market 34:24 Khao San Road Night Market 58:05 Yaowarat Road Chinatown Street Food 1:30:34 Pak Khlong Talat (Flower Market)  ----------------------------------------------------------------------------------------------------------- Intro music produced by Ryan Booth at The JamBooth Recording Studio. https://thejambooth.wixsite.com/music​ https://facebook.com/JamBoothMusic/  #4kwalk #walkingtour #4kwalkingtour #travel #bangkok #thailandtravel #BangkokNightMarket","[{'title': 'Food Tour Intro', 'timestamp': '0:00:00'}, {'title': 'Sunset Snack Market', 'timestamp': '0:02:39'}, {'title': 'CentralWorld Pop-Up Market', 'timestamp': '0:22:43'}, {'title': 'Khao San Road Night Market', 'timestamp': '0:34:24'}, {'title': 'Yaowarat Road Chinatown Street Food', 'timestamp': '0:58:05'}, {'title': 'Pak Khlong Talat (Flower Market)', 'timestamp': '1:30:34'}]",1,04092026
66,OqYUd8OuI5Q,Beautiful Old Quebec City ❤️ Walking Tour Quebec city Attractions,07092024,UCssLZSqf3M3okxPdG6kt9_w,227241,"Beautiful Old Quebec City 4K Virtual Walking Tour 4K long video quebec city tour This 4K virtual walking tour invites you to stroll through Old Quebec city 2025 . This tour not only captures the architectural beauty and historical significance of Old Quebec but also immerses you in its European flair, making you feel as if you're walking through a piece of France in North America #quebeccity   Canadian Cities and Towns videos playlist https://www.youtube.com/watch?v=TVzepbZ5CBI&list=PL7g4Zhb4SG2_Bz1lvZ-J89yra8T0s5E1e   Quebec city attractions 02:25 - Petit Champlain 14:15 - Bd Champlain 18:08 - Rue du Cul-de-Sac 20:17 - Rue Notre-Dame 21:55 - Place Royale 24:24 - Quebec City Mural 26:05 - Cote de Montagne 31:58 - Rue de Buade 33:07 - Rue du Tresor - Paintings gallery 37:11 - Place de l'Hôtel de Ville 42:35 - City Hall Gardens 52:33 - Parliament Building 56:33 - Grande Allee O 57:26 - Voltigeurs de Québec Armoury 58:13 - Rue Saint-Louis 1:03:58 - Fountain Monument of Faith 1:05:35 - Fairmont Le Château Frontenac  Lvfree Adventures travel vlog",[],1,04092026
67,I9XB1gHvF74,"DUBAI WALKING TOUR — Tour of Burj Khalifa, Marina, Mall, Creek, Gold Souks with Captions [4K/60fps]",18032025,UCV2_l3k3JuZwIhiY1H0kSxA,629202,"Experience Dubai like never before in this stunning 4K walking tour! 🇦🇪✨ 🎧 Best with headphones for an immersive experience (ASMR - Binaural City Sound). ⬇ LINKS to the full videos, chapters, etc. ⬇ Dubai is a global metropolis known for its futuristic skyline, luxury shopping, and ambitious architectural marvels like the Burj Khalifa, the world's tallest building. Located in the United Arab Emirates, it blends modern innovation with rich Arabian culture, offering attractions such as artificial islands, vast deserts, and opulent hotels. A major business hub, Dubai thrives on tourism, finance, and trade, boasting a low-tax economy and world-class infrastructure. Despite its ultra-modern image, it maintains deep-rooted traditions, seen in its souks, dhow cruises, and vibrant festivals. Explore Dubai on foot and feel the energy of this futuristic city with its breathtaking skyscrapers, lively souks, and pristine walkways. Whether you’re planning a trip or just want to take a virtual tour of Dubai, this video is the perfect way to immerse yourself in the beauty of Dubai. [Filmed in February 2025]  🗺 Google Maps of this tour 👉  https://hpst.me/DubaiWT  ℹ️💁‍♂️ Turn ON the Closed Captions to discover information on attractions, historic facts and more (Open CC for subtitles). Enjoy!  Watch also: • DUBAI BY NIGHT Walking Tour 👉 https://youtu.be/mt6uleO1tEs?si=pyHNFV4pPCN1SSyK • ISTANBUL, Turkey Walking Tour 👉 https://youtu.be/npTBK0VmhxI?si=nPzy2DjlDGAAXKOa  • SYDNEY, Australia Walking Tour 👉 https://youtu.be/_9g4OLdUkvU?si=3Wh2F--oHzntFksw • ASIA Walking Tour Playlist (Bali, Tokyo, Bangkok, etc.) 👉 https://www.youtube.com/playlist?list=PL-uSE59HVj4A2IB8EOMXH6AoGVXoRWVHo  • EUROPE Walking Tour Playlist (Amalfi Coast, Paris, Rome, Barcelona, etc.) 👉 https://www.youtube.com/playlist?list=PL-uSE59HVj4Ah5kaHKApFBm_Wh2mZ_KWd  • USA Walking Tour Playlist (Miami, Los Angeles, Las Vegas, NYC, etc.) 👉 https://www.youtube.com/playlist?list=PL-uSE59HVj4BUOcpV1xQ_-zNYCA0_CApB   CHAPTERS: 0:00:00 Intro | Preview  PART I: DUBAI MALL, DUBAI FOUNTAIN, BURJ KHALIFA 0:00:25 The Dubai Mall Heart 0:00:59 Burj Khalifa  0:02:39 About Dubai | History of Dubai (Open CC for subtitles/description) 0:05:26 Fountain bridge 0:07:52 Souk Al Bahar (Sailor’s Market bazaar) 0:21:11 The Dubai Fountain  0:37:35 Dubai Mall Waterfalls, Dubai Mall 0:00:00 Dubai Aquarium, Dubai Mall 0:42:25 Dubai Ice Rink, Dubai Mall 0:55:23 Dubai Aquarium & Underwater Zoo, Dubai Mall 1:37:31 Dubai Opera 1:39:00 Burj Park 1:54:10 Burj Plaza by Emaar  PART II: DUBAI MARINA 1:55:58 Dubai Marina Walk  PART III: AL FAHIDI HISTORICAL NEIGHTBORHOOD 2:20:13 Al Fahidi (Al Bastakiya): Wall of Old Dubai, Sheikh Mohammed Centre for Cultural Understanding, etc. 2:35:48 Al Farooq Mosque  PART IV: DUBAI CREEK, SPICE SOUK, GOLDEN SOUK (Deira) 2:57:52 Abra Marina, Dubai Creek 3:02:16 Abra traditional wooden boat across the Dubai Creek 3:08:19 Old Baladiya Street (Deira): Dubai Spice Souk, Dubai Gold Souk, etc.   👍 If you enjoyed this video, please like this video and subscribe to our channel for more awesome content 😊 ♡ THANKS FOR WATCHING ♡  #dubai #UAE #walkingtours ________ No part of this video may be used or reproduced without our written permission.","[{'title': 'Dubai Aquarium, Dubai Mall', 'timestamp': '0:00:00'}, {'title': 'Dubai Ice Rink, Dubai Mall', 'timestamp': '0:42:25'}, {'title': 'Dubai Aquarium & Underwater Zoo, Dubai Mall', 'timestamp': '0:55:23'}, {'title': 'Dubai Opera', 'timestamp': '1:37:31'}, {'title': 'Burj Park', 'timestamp': '1:39:00'}, {'title': 'Burj Plaza by Emaar', 'timestamp': '1:54:10'}, {'title': 'Dubai Marina Walk', 'timestamp': '1:55:58'}, {'title': 'Al Fahidi (Al Bastakiya): Wall of Old Dubai, Sheikh Mohammed Centre for Cultural Understanding, etc.', 'timestamp': '2:20:13'}, {'title': 'Al Farooq Mosque', 'timestamp': '2:35:48'}, {'title': 'Abra Marina, Dubai Creek', 'timestamp': '2:57:52'}, {'title': 'Abra traditional wooden boat across the Dubai Creek', 'timestamp': '3:02:16'}, {'title': 'Old Baladiya Street (Deira): Dubai Spice Souk, Dubai Gold Souk, etc.', 'timestamp': '3:08:19'}]",1,04092026
68,VvBy52kYmAQ,BUDAPEST Walking Tour 2025 for Big TVs | Explore Hungary’s Capital [4K/60fps],09092025,UCV2_l3k3JuZwIhiY1H0kSxA,59177,"Stroll along the romantic banks of the Danube, cross the grand Chain Bridge and marvel at the stunning views from Buda Castle and Fishing Bastion on this relaxing Budapest city walk 🎧 Best with headphones for an immersive experience (ASMR - Binaural City Sound). ⬇ LINKS to the full videos, chapters, etc. ⬇   🔥📚 BUDAPEST Travel Guide 2025 👉 https://hpst.me/BudapestTG  Get our mobile-friendly Budapest travel guide with practical tips, must-see attractions, links to directly book tickets, Google maps, itinerary suggestions and more. Thank you for supporting our channel!   Budapest’s history stretches back to Roman times, when Aquincum stood as a key military outpost, later becoming home to Magyar tribes who founded the Hungarian Kingdom. Over the centuries, it flourished as a royal seat, endured Ottoman rule, and blossomed under the Austro-Hungarian Empire, when many of its grand landmarks were built. In 1873, Buda, Pest and Óbuda united to form modern Budapest, a city that has since survived wars, revolutions, and communist rule, emerging today as a vibrant European capital rich with culture, history and stunning architecture. Enjoy Budapest walking tour, especially designed for Big TVs [Filmed in August 2025]  🗺 Google Maps of this tour 👉 https://hpst.me/WT/Budapest  ℹ️💁‍♂️ Turn ON the Closed Captions to discover information on attractions, historical facts, and more (Open CC for subtitles). Enjoy!  Watch also: • ROME Walking Tour 👉 https://youtu.be/TAJUgB2Uc-A?si=phqJebnDEHBdlfRl  • ISTANBUL Walking Tour 👉 https://youtu.be/nnm6qsXOnEk?si=3ZRnWmT9NkZ9A_zj  • VENICE Walking Tour 👉 https://youtu.be/yfkawsGbt64?si=CPJV3X3hLQ45y9gK  • PARIS Walking Tour 👉 https://youtu.be/bCwUwTcvT2M?si=9DFdfLJ011VtIvHW  • EUROPE Walking Tour Playlist (Paris, Rome, Barcelona, etc.) 👉 https://www.youtube.com/playlist?list=PL-uSE59HVj4Ah5kaHKApFBm_Wh2mZ_KWd  • ASIA Walking Tour Playlist (Bali, Tokyo, Bangkok, etc.) 👉 https://www.youtube.com/playlist?list=PL-uSE59HVj4A2IB8EOMXH6AoGVXoRWVHo  • USA Walking Tour Playlist (Miami, Los Angeles, Las Vegas, NYC, etc.) 👉 https://www.youtube.com/playlist?list=PL-uSE59HVj4BUOcpV1xQ_-zNYCA0_CApB   CHAPTERS: 0:00:00 Intro | Preview 0:00:21 Our Budapest Travel Guide  PART I: Hungarian Parliament, Fisherman's Bastion, Buda Castle 0:00:47 Hungarian Parliament and tram passing by 0:07:51 HISTORY OF BUDAPEST | About Budapest (Open CC for subtitles/description) 0:26:56 Shoes on the Danube Bank 0:29:21 Danube promenade 0:31:02 Panoramic views towards Buda Castle and Fisherman's Bastion 0:39:29 Széchenyi Chain Bridge 0:48:13 Buda Castle Funicular 0:49:30 Riding a Buda Castle Funicular 0:57:29 Sándor Palace 1:02:54 Folk-art and Craft FESTIVAL Mesterségek Ünnepe 1:16:47 Fisherman's Bastion 1:18:11 PANORAMIC VIEWS from Fisherman's Bastion towards Budapest Parliament 1:35:41 Matthias Church 1:56:33 Buda Castle 2:12:27 PANORAMIC VIEWS from Buda Castle  2:22:32 Castle Garden Bazaar  PART II: St. Stephen's Basilica, Váci utca, Central Market Hall 2:26:04 St. Stephen's Basilica 2:39:04 Ferris Wheel of Budapest 2:46:42 Vörösmarty tér 2:51:07 Váci utca (Vaci Street) 2:58:27 IKONO Budapest 3:13:33 Central Market Hall Nagyvásárcsarnok  PART III: City Park (Heroes' Square, Vajdahunyad Castle, Széchenyi Baths) 3:20:54 City Park with lakes and City Park Ice Rink and Boating Bulding 3:24:25 Vajdahunyad Castle 3:41:14 Széchenyi Thermal Bath  👍 If you enjoyed this video, please like this video and subscribe to our channel for more awesome content 😊 ♡ THANKS FOR WATCHING ♡  #budapest #walkingtours #citywalks ________ No part of this video may be used or reproduced without our written permission.","[{'title': 'Intro | Preview', 'timestamp': '0:00:00'}, {'title': 'Our Budapest Travel Guide', 'timestamp': '0:00:21'}, {'title': 'Hungarian Parliament and tram passing by', 'timestamp': '0:00:47'}, {'title': 'HISTORY OF BUDAPEST | About Budapest (Open CC for subtitles/description)', 'timestamp': '0:07:51'}, {'title': 'Shoes on the Danube Bank', 'timestamp': '0:26:56'}, {'title': 'Danube promenade', 'timestamp': '0:29:21'}, {'title': ""Panoramic views towards Buda Castle and Fisherman's Bastion"", 'timestamp': '0:31:02'}, {'title': 'Széchenyi Chain Bridge', 'timestamp': '0:39:29'}, {'title': 'Buda Castle Funicular', 'timestamp': '0:48:13'}, {'title': 'Riding a Buda Castle Funicular', 'timestamp': '0:49:30'}, {'title': 'Sándor Palace', 'timestamp': '0:57:29'}, {'title': 'Folk-art and Craft FESTIVAL Mesterségek Ünnepe', 'timestamp': '1:02:54'}, {'title': ""Fisherman's Bastion"", 'timestamp': '1:16:47'}, {'title': ""PANORAMIC VIEWS from Fisherman's Bastion towards Budapest Parliament"", 'timestamp': '1:18:11'}, {'title': 'Matthias Church', 'timestamp': '1:35:41'}, {'title': 'Buda Castle', 'timestamp': '1:56:33'}, {'title': 'PANORAMIC VIEWS from Buda Castle', 'timestamp': '2:12:27'}, {'title': 'Castle Garden Bazaar', 'timestamp': '2:22:32'}, {'title': ""St. Stephen's Basilica"", 'timestamp': '2:26:04'}, {'title': 'Ferris Wheel of Budapest', 'timestamp': '2:39:04'}, {'title': 'Vörösmarty tér', 'timestamp': '2:46:42'}, {'title': 'Váci utca (Vaci Street)', 'timestamp': '2:51:07'}, {'title': 'IKONO Budapest', 'timestamp': '2:58:27'}, {'title': 'Central Market Hall Nagyvásárcsarnok', 'timestamp': '3:13:33'}, {'title': 'City Park with lakes and City Park Ice Rink and Boating Bulding', 'timestamp': '3:20:54'}, {'title': 'Vajdahunyad Castle', 'timestamp': '3:24:25'}, {'title': 'Széchenyi Thermal Bath', 'timestamp': '3:41:14'}]",1,04092026
69,yyDVVh6Achg,"MUNICH, Germany 🇩🇪 Luxury, History & Bavarian Pride | 4K Walking Tour",31082025,UC20vyRWEaC2GIS8DkmeRQaA,162686,"Explore Munich, the capital of Bavaria, in this real-time 4K walking tour. Known for its historic squares, beer culture, and elegant architecture, Munich is one of Europe’s most beautiful and livable cities.  This Munich walking tour begins at the central train station (Hauptbahnhof) before heading into the old town. We pass through Marienplatz with the world-famous Glockenspiel, stroll past the Viktualienmarkt food market, and continue along Maximilianstraße with its luxury boutiques. The walk also includes Odeonsplatz, a square surrounded by stunning baroque and neoclassical architecture, before finishing in Munich’s lively city streets.  🎥 Perfect for viewers searching for Munich walking tour 4K, Bavaria city walk, Marienplatz Munich, or virtual tours of Germany.  📍 Tour Highlights: 🚉 Hauptbahnhof – Munich’s central gateway 🏛️ Marienplatz – The historic heart of the city with the Glockenspiel 🛍️ Maximilianstraße – Luxury shopping street 🍻 Viktualienmarkt – Traditional Bavarian market with food & beer 🎶 Odeonsplatz – Iconic square with Theatinerkirche and Feldherrnhalle  📌 About Munich: Munich is Germany’s third-largest city and a cultural hub famous for Oktoberfest, beer gardens, art museums, and architecture. From medieval buildings in the Altstadt to modern boulevards, it combines Bavarian tradition with international flair, making it a must-see European destination.  🎬 Filming Info: 📍 Location: Munich, Germany 📽️ Format: 4K UHD at 60fps 🎧 Audio: Real ambient city sounds – no music, no commentary ☀️ Time: Daytime, summer  Would you rather explore Munich’s historic squares or spend your time in its lively beer gardens?  🤝 Business Inquiries and Contact: walkingozmedia@gmail.com  ⚠️ My videos are copyrighted material owned by the channel Walking OZ. Any unauthorized use, including for personal or private purposes, is strictly prohibited. Walking OZ reserves the right to issue copyright strikes for infringement, and will not withdraw them once issued.",[],1,04092026
70,6YZJ1J7Mk3A,"dubai [4K] Amazing JBR, Dubai Marina Walking Tour 🇦🇪",04082026,UCZf-CjRiqYrxkYGpE8oPUuw,10588,"JBR & Dubai Marina  Welcome to JBR (Jumeirah Beach Residence) & Dubai Marina, two of Dubai’s most iconic waterfront destinations. Combining beautiful beaches, luxury yachts, modern skyscrapers, restaurants, cafés, and vibrant nightlife, this area offers one of the best walking experiences in Dubai.  Join this immersive 4K walking tour as we explore the lively streets of JBR, including the famous The Walk at JBR and The Beach at JBR. Discover a beautiful beachfront atmosphere filled with outdoor dining, boutique shops, entertainment, and stunning views of the Arabian Gulf.  Relax along the golden sands of JBR Beach, enjoy the coastal scenery, and experience the energetic atmosphere that attracts visitors from around the world. The area is perfect for evening walks, photography, shopping, and enjoying Dubai’s modern beach lifestyle.  Continue the journey to Dubai Marina, one of the world’s most impressive waterfront communities. Surrounded by incredible skyscrapers, luxury residences, five-star hotels, and elegant restaurants, Dubai Marina offers breathtaking views at every corner.  Explore Dubai Marina Walk, a scenic waterfront promenade where you can watch luxury yachts, enjoy waterfront dining, and admire the spectacular skyline. During the evening, the marina becomes even more beautiful as the city lights reflect across the water, creating an unforgettable night atmosphere.  Located next to each other, JBR and Dubai Marina showcase the perfect combination of beach life, luxury, entertainment, and modern architecture. Whether you are visiting Dubai for the first time or exploring the city virtually, this walking tour captures the beauty and energy of one of Dubai’s most popular destinations.  #JBR #DubaiMarina #TheWalkJBR #MarinaWalk #DubaiBeach #Dubai #WalkingTour #Dubai4K #VisitDubai #TravelDubai #ExploreDubai #LuxuryYachts #UAE",[],1,04092026
71,8ozcWp5Bj4c,PORTO Walking Tour 2025 for Big TVs | Portugal City Walks with Captions [4K/60fps],19082025,UCV2_l3k3JuZwIhiY1H0kSxA,181514,"Discover the charm of Porto, Portugal, in this stunning 4K walking tour. Stroll through the colorful streets of Ribeira, along the scenic Douro River, and past historic landmarks in the heart of the city 🎧 Best with headphones for an immersive experience (ASMR - Binaural City Sound). ⬇ LINKS to the full videos, chapters, etc. ⬇   Porto, Portugal’s vibrant second city, is a captivating blend of old-world charm and lively modern culture. Famed for its terraced hillsides along the Douro River, colorful tiled façades, and the world-renowned Port wine, Porto offers winding cobblestone streets, historic churches, bustling markets and breathtaking riverfront views. This video is perfect for travel inspiration, virtual sightseeing or planning your next trip – especially great for Big TVs [Filmed in August 2025]  🗺 Google Maps of this tour 👉 https://hpst.me/WT/Porto   ℹ️💁‍♂️ Turn ON the Closed Captions to discover information on attractions, historical facts, and more (Open CC for subtitles). Enjoy!  Watch also: LISBON Walking Tour 👉 https://youtu.be/aqevs6jLdJI?si=8dNrnwYi7q52jJLL  BARCELONA Walking Tour 👉 https://youtu.be/Z8SuL0R8dGI?si=ufeaTb1n0ueBoJHH  MALTA Walking Tour 👉 https://youtu.be/MTkX0_htW-I?si=K83XxzXXj0CbmmXC MONACO (Monte Carlo) Sunset Walk 👉 https://youtu.be/CgyP8H1Wy7Q?si=TzMF1y9rxOGvn443  EUROPE Walking Tour Playlist (Paris, Rome, Barcelona, etc.) 👉 https://www.youtube.com/playlist?list=PL-uSE59HVj4Ah5kaHKApFBm_Wh2mZ_KWd  ASIA Walking Tour Playlist (Bali, Tokyo, Bangkok, etc.) 👉 https://www.youtube.com/playlist?list=PL-uSE59HVj4A2IB8EOMXH6AoGVXoRWVHo  USA Walking Tour Playlist (Miami, Los Angeles, Las Vegas, NYC, etc.) 👉 https://www.youtube.com/playlist?list=PL-uSE59HVj4BUOcpV1xQ_-zNYCA0_CApB   CHAPTERS: 0:00:00 Intro | Preview 0:00:26 Jardim do Morro  0:02:48 Miradouro do Jardim do Morro Panoramic Views 0:03:53 Monastery of Serra do Pilar 0:05:29 Miradouro da Ribeira Panoramic Views 0:11:07 HISTORY OF PORTO | About Porto (Open CC for subtitles/description) 0:18:38 Ribeira District 0:21:13 Porto Cathedral 0:23:12 Pillory of Porto & Panoramic Views from Porto Cathedral 0:27:08 Miradouro da Rua das Aldas 0:39:57 Sao Bento Station 0:48:57 Rua dos Clérigos 0:49:57 Clérigos Church 0:53:29 Livraria Lello 0:55:26 University of Porto 0:56:41 Igreja do Carmo 0:58:46 Jardim da Cordoaria 1:01:48 Torre dos Clérigos 1:02:22 Jardim das Oliveiras 1:16:21 Miradouro da Vitória 1:24:44 Jardim do Infante Dom Henrique, Palácio da Bolsa, etc. 1:26:15 Mercado Ferreira Borges Covered Market 1:35:17 Ribeira Square, Ribera de Oporto (Riverbank), etc. 1:41:13 Cais da Ribeira 1:46:40 Pilares da Ponte Pênsil 1:52:53 Funicular dos Guindais 1:59:24 Batalha Square 2:01:25 Church of Saint Ildefonso 2:12:46 Chapel of Souls 2:17:57 Mercado do Bolhão (Porto’s Historic Market) 2:32:01 Praça Dom João I 2:36:11 Porto City Hall  👍 If you enjoyed this video, please like this video and subscribe to our channel for more awesome content 😊 ♡ THANKS FOR WATCHING ♡  #walkingtours #porto #citywalks ________ No part of this video may be used or reproduced without our written permission.","[{'title': 'Intro | Preview', 'timestamp': '0:00:00'}, {'title': 'Jardim do Morro', 'timestamp': '0:00:26'}, {'title': 'Miradouro do Jardim do Morro Panoramic Views', 'timestamp': '0:02:48'}, {'title': 'Monastery of Serra do Pilar', 'timestamp': '0:03:53'}, {'title': 'Miradouro da Ribeira Panoramic Views', 'timestamp': '0:05:29'}, {'title': 'HISTORY OF PORTO | About Porto (Open CC for subtitles/description)', 'timestamp': '0:11:07'}, {'title': 'Ribeira District', 'timestamp': '0:18:38'}, {'title': 'Porto Cathedral', 'timestamp': '0:21:13'}, {'title': 'Pillory of Porto & Panoramic Views from Porto Cathedral', 'timestamp': '0:23:12'}, {'title': 'Miradouro da Rua das Aldas', 'timestamp': '0:27:08'}, {'title': 'Sao Bento Station', 'timestamp': '0:39:57'}, {'title': 'Rua dos Clérigos', 'timestamp': '0:48:57'}, {'title': 'Clérigos Church', 'timestamp': '0:49:57'}, {'title': 'Livraria Lello', 'timestamp': '0:53:29'}, {'title': 'University of Porto', 'timestamp': '0:55:26'}, {'title': 'Igreja do Carmo', 'timestamp': '0:56:41'}, {'title': 'Jardim da Cordoaria', 'timestamp': '0:58:46'}, {'title': 'Torre dos Clérigos', 'timestamp': '1:01:48'}, {'title': 'Jardim das Oliveiras', 'timestamp': '1:02:22'}, {'title': 'Miradouro da Vitória', 'timestamp': '1:16:21'}, {'title': 'Jardim do Infante Dom Henrique, Palácio da Bolsa, etc.', 'timestamp': '1:24:44'}, {'title': 'Mercado Ferreira Borges Covered Market', 'timestamp': '1:26:15'}, {'title': 'Ribeira Square, Ribera de Oporto (Riverbank), etc.', 'timestamp': '1:35:17'}, {'title': 'Cais da Ribeira', 'timestamp': '1:41:13'}, {'title': 'Pilares da Ponte Pênsil', 'timestamp': '1:46:40'}, {'title': 'Funicular dos Guindais', 'timestamp': '1:52:53'}, {'title': 'Batalha Square', 'timestamp': '1:59:24'}, {'title': 'Church of Saint Ildefonso', 'timestamp': '2:01:25'}, {'title': 'Chapel of Souls', 'timestamp': '2:12:46'}, {'title': 'Mercado do Bolhão (Porto’s Historic Market)', 'timestamp': '2:17:57'}, {'title': 'Praça Dom João I', 'timestamp': '2:32:01'}, {'title': 'Porto City Hall', 'timestamp': '2:36:11'}]",1,04092026
72,_9g4OLdUkvU,SYDNEY Walking Tour 2025 with BONDI BEACH Walk and Captions [4K/60fps],25022025,UCV2_l3k3JuZwIhiY1H0kSxA,164003,"Immerse yourself in this stunning 4K, 60fps walking tour of Sydney, Australia 🎧 Best with headphones for an immersive experience (ASMR - Binaural City Sound). ⬇ LINKS to the full videos, chapters, etc. ⬇ Sydney, Australia's largest city, is a vibrant metropolis known for its iconic landmarks, stunning harbor, and rich cultural scene. The Sydney Opera House and Harbour Bridge frame the picturesque waterfront, while Bondi Beach offers world-famous waves and a relaxed coastal vibe. With a mix of modern skyscrapers, historic neighborhoods like The Rocks, and lush parks such as the Royal Botanic Garden, Sydney seamlessly blends urban sophistication with natural beauty. The city also boasts a thriving food scene, diverse cultural festivals, and easy access to outdoor adventures, making it a must-visit destination. Perfect for treadmill walks, virtual travelers, or anyone dreaming of visiting Sydney, Australia! Whether you’re looking for a relaxing beach walk 4K or an exciting city walk, this 4K walking tour has it all. [Filmed in February 2025]  🗺 Google Maps of this tour 👉  https://hpst.me/WT/Sydney  ℹ️💁‍♂️ Turn ON the Closed Captions to discover information on attractions, historic facts, and more (Open CC for subtitles). Enjoy!  Watch also: SYDNEY, Australia for the Sunset Walking Tour 👉 https://youtu.be/ClarmAxEZGk?si=Xth6RMB1NLmWjHTi MELBOURNE, Australia Walking Tour 👉 https://youtu.be/Prz2VJOdtEE?si=nKHQNYuWydfEbEvn MIAMI, Florida Walking Tour 👉 https://youtu.be/7qz13Chz_84?si=h-oyzTdJYBEfNU07  HAWAII Walking Tour (Waikiki, Honolulu Beach Walk 👉 https://youtu.be/saRic7RKpdo?si=GY5gG7d0HZ8oHMZ4  EUROPE Walking Tour Playlist (Paris, Rome, Barcelona, etc.) 👉 https://www.youtube.com/playlist?list=PL-uSE59HVj4Ah5kaHKApFBm_Wh2mZ_KWd  ASIA Walking Tour Playlist (Bali, Tokyo, Bangkok, etc.) 👉 https://www.youtube.com/playlist?list=PL-uSE59HVj4A2IB8EOMXH6AoGVXoRWVHo  USA Walking Tour Playlist (Miami, Los Angeles, Las Vegas, NYC, etc.) 👉 https://www.youtube.com/playlist?list=PL-uSE59HVj4BUOcpV1xQ_-zNYCA0_CApB   CHAPTERS: 0:00:00 Intro | Preview  PART I: SYDNEY OPERA, ROYAL BOTANIC GARDEN SYDNEY, etc. 0:24:45 Campbells Cove, Circular Quay 0:02:45 ABOUT SYDNEY | History of Sydney (OPEN CC for subtitles/description) 0:13:32 Sydney Harbor Bridge 0:14:14 Sydney Opera 0:26:56 Royal Botanic Garden Sydney  PART II: SYDNEY TOWN HALL, QUEEN VICTORIA BUILDING, HYDE PARK, etc. 0:57:33 George Street Sydney  0:58:25 Sydney Town Hall 0:59:45 Queen Victoria Building Shopping Centre 1:11:57 Bird cages at Angel Place 1:15:25 Sydney Tower Eye 1:20:03 Hyde Park 1:21:32 Saint Mary's Cathedral  PART III: CHINATOWN, DARLING HARBOUR, BARANGAROO RESERVE 1:24:07 Chinatown 1:33:26 Darling Square 1:46:24 Darling Harbour 1:55:54 King Street Wharf 2:00:59 Barangaroo 2:09:54 Barangaroo Reserve   PART IV: LAVENDER BAY | North Shore of Sydney 2:21:46 Wendy Whiteley's Secret Garden 2:25:52 Lavender Bay 2:32:54 Luna Park Sydney 2:36:08 Sydney Harbour Bridge 2:38:22 Olympic Park with a view of the Sydney Opera House  PART V: BONDI BEACH | Sydney's Coastal Walk 2:40:25 Mackenzie’s Point Lookout | Bondi to Bronte Coastal Walk 2:48:52 Bondi Icebergs POOL 2:52:04 Panoramic view of Bondi Beach 2:53:51 Bondi Beach Walk  👍 If you enjoyed this video, please like this video and subscribe to our channel for more awesome content 😊 ♡ THANKS FOR WATCHING ♡  #sydney #australia #walkingtours ________ No part of this video may be used or reproduced without our written permission.","[{'title': 'Intro | Preview', 'timestamp': '0:00:00'}, {'title': 'Campbells Cove, Circular Quay', 'timestamp': '0:24:45'}, {'title': 'Royal Botanic Garden Sydney', 'timestamp': '0:26:56'}, {'title': 'George Street Sydney', 'timestamp': '0:57:33'}, {'title': 'Sydney Town Hall', 'timestamp': '0:58:25'}, {'title': 'Queen Victoria Building Shopping Centre', 'timestamp': '0:59:45'}, {'title': 'Bird cages at Angel Place', 'timestamp': '1:11:57'}, {'title': 'Sydney Tower Eye', 'timestamp': '1:15:25'}, {'title': 'Hyde Park', 'timestamp': '1:20:03'}, {'title': ""Saint Mary's Cathedral"", 'timestamp': '1:21:32'}, {'title': 'Chinatown', 'timestamp': '1:24:07'}, {'title': 'Darling Square', 'timestamp': '1:33:26'}, {'title': 'Darling Harbour', 'timestamp': '1:46:24'}, {'title': 'King Street Wharf', 'timestamp': '1:55:54'}, {'title': 'Barangaroo', 'timestamp': '2:00:59'}, {'title': 'Barangaroo Reserve', 'timestamp': '2:09:54'}, {'title': ""Wendy Whiteley's Secret Garden"", 'timestamp': '2:21:46'}, {'title': 'Lavender Bay', 'timestamp': '2:25:52'}, {'title': 'Luna Park Sydney', 'timestamp': '2:32:54'}, {'title': 'Sydney Harbour Bridge', 'timestamp': '2:36:08'}, {'title': 'Olympic Park with a view of the Sydney Opera House', 'timestamp': '2:38:22'}, {'title': 'Mackenzie’s Point Lookout | Bondi to Bronte Coastal Walk', 'timestamp': '2:40:25'}, {'title': 'Bondi Icebergs POOL', 'timestamp': '2:48:52'}, {'title': 'Panoramic view of Bondi Beach', 'timestamp': '2:52:04'}, {'title': 'Bondi Beach Walk', 'timestamp': '2:53:51'}]",1,04092026
73,1lSxebuhGgk,"Walking Florence Italy | Architecture, Art & City Life 4K Tour",14032026,UCnX4TNBFUxNjNSHu2IQB4Ew,322072,"#Florence #Italy #4KTour  Join us on a breathtaking 4K journey through the heart of Florence, Italy! In this video, we explore the city's stunning architecture, world-renowned art, and vibrant city life. Stroll along historic streets, marvel at iconic landmarks like the Duomo and Ponte Vecchio, and soak in the rich culture that makes Florence a must-visit destination. Whether you're planning a trip or simply dreaming of Italy, this immersive tour will inspire your wanderlust. Don't forget to like, comment, and subscribe for more adventures!  Discover the timeless beauty of Florence, Italy in this cinematic 4K walking tour through one of the most artistic cities in the world. From historic Renaissance architecture to lively streets filled with local life, this walk captures the true atmosphere of Florence beyond typical tourist photos.  During this walk you will experience elegant palaces, charming streets, historic squares, street artists, traditional markets and the everyday rhythm of Florence. The city feels like an open-air museum where art, architecture and daily Italian life blend together.  This video is perfect if you love slow travel, authentic city walks, Italian culture, architecture and relaxing virtual tours.  📍 Florence, Tuscany, Italy 🎥 Filmed in ultra-realistic 4K for the best immersive experience.  Put on your headphones, relax, and walk with me through one of the most beautiful cities in the world.  If you enjoy authentic walking tours, please support the channel with a like and subscribe for more cinematic walks across Italy.  💬 Tell me in the comments: Have you visited Bergamo, or would you like to?  👍 Like the video if you enjoy romantic Italy. 🔔 Subscribe for more cinematic 4K walking tours across Italy 👉 https://www.youtube.com/@WalkingTour4you?sub_confirmation=1  Next videos:  Venice: https://www.youtube.com/watch?v=X9cl0Bx6iuw Lecce: https://www.youtube.com/watch?v=003ym9ZauxM Alberobello: https://www.youtube.com/watch?v=TynPR_n50j8 Bergamo: https://www.youtube.com/watch?v=A8gUBpkysFk  #FlorenceWalk #WalkingTour #TravelItaly #Italy4K #Tuscany #VirtualWalk",[],1,04092026
74,-ESiRvjgFgc,Switzerland Countryside - Relaxing walk in the most beautiful Swiss villages - Paradise on Earth,23042025,UCeldhl2LRQRMz0bLSvGMYNg,2156235,"My dear friends, take a peaceful journey through some of the most breathtaking villages and landscapes in the Swiss countryside. This walking tour video invites you to slow down and immerse yourself in the natural beauty, charming architecture, and serene atmosphere of Switzerland's most heavenly places.  Tour Highlights:  📍 Weissbad – Nestled in the heart of Appenzellerland, Weissbad is a peaceful alpine village known for its wellness retreats, lush meadows, and its scenic view of the iconic St. Martin Schwende Church. A true gateway to tranquility.  📍 Seealpsee – Hidden in the Alpstein mountains, this stunning lake near Ebenalp is a jewel of Eastern Switzerland. The crystal-clear waters reflect the towering peaks, creating a surreal alpine paradise that's perfect for a meditative walk.  📍 Grindelwald – Surrounded by majestic peaks like the Eiger and Wetterhorn, Grindelwald is one of Switzerland’s most picturesque villages. With its wooden chalets, fresh mountain air, and dramatic landscapes, this place feels like a fairytale brought to life.  📍 Gonten Village – A charming, lesser-known village in Appenzellerland, Gonten is surrounded by rolling green hills and traditional Swiss farms. It offers a peaceful and authentic glimpse into rural Swiss life.  📍 Oberried am Brienzersee – This quiet lakeside village on the shores of Lake Brienz is simply enchanting. With panoramic views of turquoise waters and nearby mountains, it’s the perfect spot to unwind and soak in nature's magic.  📍 Brülisau – A peaceful village nestled near the foot of the Hoher Kasten mountain, Brülisau is an ideal place to experience the quiet beauty of the Appenzell Alps. Its scenic pastures and traditional houses make it a true hidden gem.   Enjoy the sounds of nature, the crunch of footsteps, chirping birds, and gentle mountain breezes as you walk through these dreamlike locations. Whether you're watching to relax, plan your next trip, or simply escape into a peaceful world, this video is your ticket to paradise.  Let the serenity of Switzerland's countryside wash over you. This is not just a walking tour – it's a moment of calm, beauty, and inspiration.  #switzerland #switzerlandvillage #countrysidelife",[],1,04092026
75,NqP81lQrkhc,MYKONOS Walking Tour 🇬🇷 │ The Most Iconic Island Walk in All of Greece! 4K,10072026,UC0TqihOw3aHbHDi-EWBfFeA,8137,"📌 MYKONOS, Greece 🇬🇷 📅 Tuesday, June 16th, 2026 ⛅ Weather: 28°C / 82°F  Welcome to this MYKONOS Walking Tour! 🇬🇷 Explore Mykonos, the most iconic and cosmopolitan Greek island!  🚶‍♂️ This Mykonos walk begins at the Old Fishermen Port Marina, a charming waterfront filled with boats, cafés, and authentic island atmosphere. 🏘️ We then enter CHORA (Mykonos Old Town), stepping into a maze of narrow alleys, boutique shops, and whitewashed houses with colorful details. 🌬️ Soon, we reach the famous Mykonos Windmills, and descend into Alefkandra “Little Venice”, where houses sit right on the water’s edge, one of the most photogenic spots in all  of Greece. 🏛️ The walk carries on through Manto Square, before passing by Chora Beach 🏖️ and whitewashed chapels., finishing at the rocky shore of Little Venice, where the old Mykonos Castle meets the sea, offering a peaceful and scenic ending to this immersive experience.  So, let’s explore Mykonos together at a natural pace! 🇬🇷  ⓢⓤⓑⓢⓒⓡⓘⓑⓔ Don’t forget to LIKE 👍 and SUBSCRIBE 😊 ... don't miss upcoming walks! ❤️  ▶️ SUBSCRIBE FREE 👉👉 /@walkthetour  CHAPTERS: 0:00:00 - Introduction 0:00:44 - Old Fishermen Port 0:03:50 - Entering Chora via Petrou Drakopoulou Street 0:14:07- Matoyanni Street 0:27:48 - Mykonos Windmills 0:33:52 - Alefkandra (Little Venice) 0:41:59 - Church of Panagia Paraportiani 0:47:04 - Mykonos Marina 0:50:40 - Manto Square 0:52:51- Chora Beach 0:56:14 - Dim. Mavrogenous Street 1:17:54 -  Mykonos Bus Station 1:24:24 - Catholic Church of Our Lady of the Rosary 0:56:14 - Inner streets of Alefkandra district 1:20:15 - Mykonos Castle by the Sea  https://www.youtube.com/channel/UC0TqihOw3aHbHDi-EWBfFeA  #mykonos #mykonosgreece #mykonoswalkingtour #greece4k #greekislands #cyclades #4kwalk #virtualwalk #treadmillvideo #travel4k #walkthetour","[{'title': 'Introduction', 'timestamp': '0:00:00'}, {'title': 'Old Fishermen Port', 'timestamp': '0:00:44'}, {'title': 'Entering Chora via Petrou Drakopoulou Street', 'timestamp': '0:03:50'}, {'title': 'Matoyanni Street', 'timestamp': '0:14:07'}, {'title': 'Mykonos Windmills', 'timestamp': '0:27:48'}, {'title': 'Alefkandra (Little Venice)', 'timestamp': '0:33:52'}, {'title': 'Church of Panagia Paraportiani', 'timestamp': '0:41:59'}, {'title': 'Mykonos Marina', 'timestamp': '0:47:04'}, {'title': 'Manto Square', 'timestamp': '0:50:40'}, {'title': 'Chora Beach', 'timestamp': '0:52:51'}, {'title': 'Dim. Mavrogenous Street', 'timestamp': '0:56:14'}, {'title': 'Mykonos Bus Station', 'timestamp': '1:17:54'}, {'title': 'Catholic Church of Our Lady of the Rosary', 'timestamp': '1:24:24'}]",1,04092026
76,28ZjrtD_iL0,"Tokyo, Japan 4K HDR Walking Tour 🇯🇵 Day & Night Street Views in 60fps",27082023,UCiVH7ncT6ghUKvSpY_e0DNQ,5314533,"Discover the heart of Tokyo like never before in our immersive Japan walking tour!   Join us as we take you on a journey through the bustling streets, hidden gems, and cultural wonders of this incredible city.  From the neon-lit excitement of Shibuya to the serene beauty of traditional temples and gardens, our tour will give you a taste of Tokyo's rich and diverse tapestry.  🌆 6:00 AM - Shinjuku District We kick off our adventure in the lively Shinjuku District, where the city never sleeps. Get ready for a day filled with excitement!  🏘️ 11:20 AM - Musashino Street Discover the charming Musashino Street, a place where tradition meets modernity.  🐱 15:00 PM - Shinjuku Cat Billboard Pause for a moment to appreciate the famous Shinjuku Cat Billboard, a local landmark you won't want to miss.  🌃 18:51 PM - Kabukicho As night falls, we delve into the electric atmosphere of Kabukicho, Tokyo's entertainment hub.  🦖 20:46 PM - Godzilla Statue Feel the awe-inspiring presence of the Godzilla Statue towering over the city.  💃 23:12 PM - Popular Red-light District Experience the unique ambiance of Tokyo's popular red-light district.  🌆 29:13 PM - Famous Alleyways of Golden Gai Explore the narrow and intriguing alleyways of Golden Gai, filled with cozy bars and unique establishments.  🏙️ 35:25 PM - Kabukicho Return to the excitement of Kabukicho as the night comes alive.  🚦 43:08 PM - Scramble Crossing Witness the iconic Shibuya Scramble Crossing, where thousands of people cross the streets in perfect chaos.  🛍️ 46:46 PM - Shibuya Center-Gai Shop and dine along Shibuya Center-Gai, a bustling street at the heart of Shibuya.  🌞 1:03:27 AM - Shibuya Scramble Day Experience the lively energy of Shibuya Scramble during the day.  🌙 1:09:55 AM - Shibuya Scramble Night As night falls, Shibuya Scramble transforms into a mesmerizing sea of lights.  🍣 1:25:48 AM - Miyashita Izakaya Alley Savor the flavors of Tokyo at Miyashita Izakaya Alley, a culinary paradise.  🛍️ 1:43:11 AM - Miyashita Mall Shop 'til you drop at the trendy Miyashita Mall.  🌳 1:50:24 AM - Miyashita Rooftop Park Relax and enjoy the greenery at Miyashita Rooftop Park, an urban oasis.  🌙 2:16:55 AM - Shibuya Scramble Night Return to the mesmerizing Shibuya Scramble at night, a sight to behold.  🚆 2:24:05 AM - Yurakucho Station Explore Yurakucho Station and its vibrant surroundings.  🍸 2:26:27 AM - Chiyoda City Discover the hidden bar alleyways and micro bars of Chiyoda City.  🚉 2:42:04 AM - Tokyo Station Visit the grand Tokyo Station, a marvel of architecture and a transportation hub.  🍻 3:07:38 AM - Shimbashi Bar District Wrap up the night at the Shimbashi Bar District, where you can unwind with a drink or two.  🌆 3:15:02 AM - Tunnel Bar Alleyway Our journey ends in the intriguing Tunnel Bar Alleyway, a Tokyo gem.  🚆 3:29:00 AM - Shimbashi Station As dawn approaches, we conclude our Tokyo adventure at Shimbashi Station.  Don't miss out on this unforgettable Tokyo experience! Like, subscribe, and hit the notification bell to join us on more incredible journeys around the world. 🌍🎥   Whether you're planning a trip or just curious about this dynamic metropolis, this video will transport you to the very essence of Tokyo. Don't forget to like, subscribe, and hit the notification bell to join us on more adventures around the world! 🗼🌸   ---------------------------------------------------------------------------------------------------------- Chapters: 0:00 Intro 6:00 Shinjinku District 11:20 Musashino Street 15:00 Shinjinku Cat Billboard 18:51 Kabukicho 20:46 Godzilla Statue 23:12 Popular Red-light District 29:13 Famous alleyways of Golden Gai 35:25 Kabukicho 43:08 Scramble Crossing 46:46 Shibuya Center-Gai 1:03:27 Shibuya Scramble Day 1:09:55 Shibuya Scramble Night 1:25:48 Miyashita Izakaya Alley 1:43:11 Miyashita Mall 1:50:24 Miyashita Rooftop Park 2:16:55 Shibuya Scramble Night 2:24:05 Yurakucho Station 2:26:27 Chiyoda City 2:32:00 Hidden Bar Alley 2:34:27 Micro Bar 2:42:04 Tokyo Station 3:07:38 Shimbashi Bar District 3:15:02 Tunnel Bar Alleyway 3:29:00 Shimbashi Station    -----------------------------------------------------------------------------------------------------------  Intro music produced by Ryan Booth at The JamBooth Recording Studio. https://thejambooth.wixsite.com/music​ https://facebook.com/JamBoothMusic/  #walkthrough #streetlife #citywalk #japan #tokyo #walkingtour #japantravel","[{'title': 'Intro', 'timestamp': '0:00:00'}, {'title': 'Shinjinku District', 'timestamp': '0:06:00'}, {'title': 'Musashino Street', 'timestamp': '0:11:20'}, {'title': 'Shinjinku Cat Billboard', 'timestamp': '0:15:00'}, {'title': 'Kabukicho', 'timestamp': '0:18:51'}, {'title': 'Godzilla Statue', 'timestamp': '0:20:46'}, {'title': 'Popular Red-light District', 'timestamp': '0:23:12'}, {'title': 'Famous alleyways of Golden Gai', 'timestamp': '0:29:13'}, {'title': 'Kabukicho', 'timestamp': '0:35:25'}, {'title': 'Scramble Crossing', 'timestamp': '0:43:08'}, {'title': 'Shibuya Center-Gai', 'timestamp': '0:46:46'}, {'title': 'Shibuya Scramble Day', 'timestamp': '1:03:27'}, {'title': 'Shibuya Scramble Night', 'timestamp': '1:09:55'}, {'title': 'Miyashita Izakaya Alley', 'timestamp': '1:25:48'}, {'title': 'Miyashita Mall', 'timestamp': '1:43:11'}, {'title': 'Miyashita Rooftop Park', 'timestamp': '1:50:24'}, {'title': 'Shibuya Scramble Night', 'timestamp': '2:16:55'}, {'title': 'Yurakucho Station', 'timestamp': '2:24:05'}, {'title': 'Chiyoda City', 'timestamp': '2:26:27'}, {'title': 'Hidden Bar Alley', 'timestamp': '2:32:00'}, {'title': 'Micro Bar', 'timestamp': '2:34:27'}, {'title': 'Tokyo Station', 'timestamp': '2:42:04'}, {'title': 'Shimbashi Bar District', 'timestamp': '3:07:38'}, {'title': 'Tunnel Bar Alleyway', 'timestamp': '3:15:02'}, {'title': 'Shimbashi Station', 'timestamp': '3:29:00'}]",1,04092026
77,MTkX0_htW-I,MALTA WALKING TOUR — Valletta Tour with Captions [4K/60fps],24062025,UCV2_l3k3JuZwIhiY1H0kSxA,575690,"Join us on a captivating walking tour through Malta, as we explore the stunning capital city of Valletta, a UNESCO World Heritage Site (4K/60fps City Walk) 🎧 Best with headphones for an immersive experience (ASMR - Binaural City Sound). ⬇ LINKS to the full videos, chapters, etc. ⬇  Malta, a jewel in the heart of the Mediterranean, has been shaped by millennia of history, from ancient Phoenician traders to the Knights of St. John and the British Empire. Wander through sun-soaked limestone streets, explore stunning fortifications, and enjoy the vibrant culture and coastal beauty of this enchanting island nation. Experience legendary landmarks such as St. John’s Co-Cathedral, Upper and Lower Barrakka Gardens and more [Filmed in June 2025]  🗺 Google Maps of this tour 👉  https://hpst.me/WT/Malta  ℹ️💁‍♂️ Turn ON the Closed Captions to discover information on attractions, historical facts, and more (Open CC for subtitles). Enjoy!  Watch also: • ISTANBUL, Turkey Walking Tour 👉 https://youtu.be/nnm6qsXOnEk?si=soqHbiA-tChwmTbw  • DUBAI Walking Tour 👉 https://youtu.be/I9XB1gHvF74?si=KYGkETdZYffsy0bg  • GIZA PYRAMIDS, Egypt Walking Tour 👉 https://youtu.be/V9HIt9Cbfb0?si=lD5KJVUovVVz-MkT  • EUROPE Walking Tour Playlist (Paris, Rome, Barcelona, etc.) 👉 https://www.youtube.com/playlist?list=PL-uSE59HVj4Ah5kaHKApFBm_Wh2mZ_KWd  • ASIA Walking Tour Playlist (Bali, Tokyo, Bangkok, etc.) 👉 https://www.youtube.com/playlist?list=PL-uSE59HVj4A2IB8EOMXH6AoGVXoRWVHo  • USA Walking Tour Playlist (Miami, Los Angeles, Las Vegas, NYC, etc.) 👉 https://www.youtube.com/playlist?list=PL-uSE59HVj4BUOcpV1xQ_-zNYCA0_CApB   CHAPTERS: 0:00:00 Intro | Preview  PART I: City of Valletta | UNESCO World Heritage Centre 0:00:28 Upper Barrakka 0:02:15 HISTORY OF MALTA | About Malta (OPEN CC for subtitles/description) 0:07:08 Saluting Battery 0:13:36 Spazju Kreattiv 0:15:02 The Auberge de Castille (Berġa ta' Kastilja) 0:16:15 Palazzo Ferreria 0:19:55 City Gate 0:21:46 Triton Fountain 0:26:18 The Parliament Building Malta 0:28:52 St. John Bastion 0:42:11 Great Siege Square 0:47:17 St. George’s Square 0:51:47 Is-Suq Tal-Belt Food Market 0:54:10 Merchants Street 0:57:57 Basilica of Saint Dominic & Porto Salvo 1:03:50 Fort St Elmo 1:23:52 Independence Square 1:27:03 The Basilica of Our Lady of Mount Carmel  1:33:42 St. John's Co-Cathedral 1:38:28 St. Lucia Street 1:40:18 San Paolo Naufrago 1:54:29 Lower Barrakka   PART II: Valletta Waterfront 2:01:21 Laguna Marina, Valletta Waterfront, Cruise Ships & More  👍 If you enjoyed this video, please like this video and subscribe to our channel for more awesome content 😊 ♡ THANKS FOR WATCHING ♡  #malta #walkingtours #valletta #4KCityWalk #VisitMalta #ExploreMalta #ASMRWalk #UNESCOWorldHeritage ________ No part of this video may be used or reproduced without our written permission.","[{'title': 'Intro | Preview', 'timestamp': '0:00:00'}, {'title': 'Upper Barrakka', 'timestamp': '0:00:28'}, {'title': 'HISTORY OF MALTA | About Malta (OPEN CC for subtitles/description)', 'timestamp': '0:02:15'}, {'title': 'Saluting Battery', 'timestamp': '0:07:08'}, {'title': 'Spazju Kreattiv', 'timestamp': '0:13:36'}, {'title': ""The Auberge de Castille (Berġa ta' Kastilja)"", 'timestamp': '0:15:02'}, {'title': 'Palazzo Ferreria', 'timestamp': '0:16:15'}, {'title': 'City Gate', 'timestamp': '0:19:55'}, {'title': 'Triton Fountain', 'timestamp': '0:21:46'}, {'title': 'The Parliament Building Malta', 'timestamp': '0:26:18'}, {'title': 'St. John Bastion', 'timestamp': '0:28:52'}, {'title': 'Great Siege Square', 'timestamp': '0:42:11'}, {'title': 'St. George’s Square', 'timestamp': '0:47:17'}, {'title': 'Is-Suq Tal-Belt Food Market', 'timestamp': '0:51:47'}, {'title': 'Merchants Street', 'timestamp': '0:54:10'}, {'title': 'Basilica of Saint Dominic & Porto Salvo', 'timestamp': '0:57:57'}, {'title': 'Fort St Elmo', 'timestamp': '1:03:50'}, {'title': 'Independence Square', 'timestamp': '1:23:52'}, {'title': 'The Basilica of Our Lady of Mount Carmel', 'timestamp': '1:27:03'}, {'title': ""St. John's Co-Cathedral"", 'timestamp': '1:33:42'}, {'title': 'St. Lucia Street', 'timestamp': '1:38:28'}, {'title': 'San Paolo Naufrago', 'timestamp': '1:40:18'}, {'title': 'Lower Barrakka', 'timestamp': '1:54:29'}, {'title': 'Laguna Marina, Valletta Waterfront, Cruise Ships & More', 'timestamp': '2:01:21'}]",1,04092026
78,41FOuEwTJEQ,"Mykonos, Greece 🇬🇷 | Summer 2025 - 4K HDR Walking Tour",23122025,UCEZ_zB95xT6J8u33-pBF6UA,2524516,"Mykonos isn’t just an island—it’s a mood.  This 4K HDR walking tour reveals the silent side of Greece’s famous luxury escape. White walls warmed by sunlight, secret paths away from crowds, and beaches that seem made just for you. This isn’t the loud, flashy Mykonos; it’s the quiet elegance you only find if you know exactly where to look.  No music. No narration. Just Mykonos—the island whispering secrets in your ear.  🎥 Real-time 4K HDR | Immersive experience 🎧 Best enjoyed with headphones 🌅 Walk through a quieter kind of luxury   0:00:00 Intro 0:05:46 Quiet side street in Mykonos Town (Chora) 0:46:40 Seafront promenade / harbor area 1:22:04 Narrow white alley (busy pedestrian passage) 1:52:51 Small lane with cafés and plants 2:16:09 Main shopping alley (boutiques) 2:48:25 Busy shopping corner with clothing racks   ***This video vlog was made to show the city and the environment. If you are present in this video and you don't want to be, please contact me at toyrister@gmail.com or comment on this video, and I will remove you completely & immediately ***","[{'title': 'Intro', 'timestamp': '0:00:00'}, {'title': 'Quiet side street in Mykonos Town (Chora)', 'timestamp': '0:05:46'}, {'title': 'Seafront promenade / harbor area', 'timestamp': '0:46:40'}, {'title': 'Narrow white alley (busy pedestrian passage)', 'timestamp': '1:22:04'}, {'title': 'Small lane with cafés and plants', 'timestamp': '1:52:51'}, {'title': 'Main shopping alley (boutiques)', 'timestamp': '2:16:09'}, {'title': 'Busy shopping corner with clothing racks', 'timestamp': '2:48:25'}]",1,04092026
79,nJROUmtrCxk,Istanbul 4K 🇹🇷 Istiklal Street to Taksim Square Walking Tour | Most Famous Shopping Street & Cafes,09082026,UCDJ3Eve27aIKq9IAe6cCpLQ,14370,"Istanbul 4K Walking Tour on Istiklal Street to Taksim Square, Turkey. Discover top things to do in Istanbul, famous shopping, local cafes, historic churches, and vibrant street food.  This 4K walking tour takes you through the heart of Istiklal Street (İstiklal Caddesi) in the Beyoglu district, leading directly to Taksim Square on a bright summer day. Formerly known as Grand Rue de Pera, Istiklal Street is one of the best places to visit in Istanbul and a premier travel destination in Turkey. On this immersive Istanbul City Walk, you will experience an authentic Istanbul Travel Guide while exploring 19th-century European architecture, boutique shops, and vibrant cafe culture.  Along this Istanbul sightseeing route, we pass historic landmarks including the Church of St. Mary Draperis and the majestic Church of St. Anthony of Padua, built in 1912. We take brief strolls into charming side alleys, view luxury hospitality at Sofitel Istanbul Taksim, and arrive at Taksim Square surrounded by legendary street food vendors and döner spots. Whether you are planning your summer vacation or seeking travel lifestyle inspiration, this tour highlights essential travel tips and top things to do in Istanbul for an unforgettable trip to Turkey.  Taksim Square and Beyoglu serve as the ultimate central hub for exploring surrounding top attractions. From Tünel Square at the start of Istiklal, you can easily walk down to the historic Galata Tower, the vibrant waterfront of Karakoy, and the modern Galataport cruise terminal. Adjacent bohemian neighborhoods like Cihangir and Cukurcuma offer antique shopping and cozy cafe atmospheres. From Taksim Square, direct transit connects you to the luxury fashion hub of Nisantasi, the seaside atmosphere of Besiktas, Dolmabahce Palace, and Kabatas for Bosphorus boat tours. You can also quickly access Sultanahmet and the Old City via the nearby M2 metro line or T1 tramway, making this route the perfect starting point for your Istanbul adventure.  🔔 Don't miss our next immersive walking tour exploring Istanbul's most beautiful neighborhoods, luxury destinations, hidden gems and authentic local life. Subscribe now and turn on notifications so you never miss a new journey. 🔗 https://www.youtube.com/@walkwithme.3  📢 Privacy Notice: This video is filmed in public spaces to document the city's daily life and architecture. If you appear in this footage and prefer to have your image blurred or removed, please contact me via the comments or channel email, and your request will be processed immediately.  🎥 Video Information  🎥Format: 4K Ultra HD HDR — Real Binaural Sound  📷 Camera: OSMO Action Pro 5 (4K 60fps) @DJI 🎧 Experience: No talking — Immersive city ambience   📍  Location: Istiklal Street, Beyoglu to Taksim Square, Istanbul, Turkey 📅 Date: 2026  ⏱️ Route Timeline 00:00 Istanbul 4K Cinematic Intro   01:20 Tünel Square & Istiklal Street Entrance   05:00 Cozy Cafes & Bars   09:50 Istiklal Back Street Bars & Cafes  12:15 Historic Passages & Side Street Cafes  15:45 St. Mary Draperis Church Exterior  16:55 Historic Pera Architecture & Shopping District  22:25 St. Anthony of Padua Church Landmark  25:50 International Brands & Boutique Shopping  28:40 Historical Red Tram  31:25 Istiklal Shopping Street  36:25 Istiklal Shopping Mall  40:40 Global Brand Stores  48:35 Taksim Square Döner Spots & Local Street Food  49:25 Luxury Hotel District & Sofitel Istanbul Taksim  51:00 Taksim Square Tour Overview & End   🎞️ More Istanbul Walking Tours You May Enjoy   ➡️ Istanbul 4K 🇹🇷 Venezia Mega Outlet Walking Tour | Venice-Style Mall, Canals, Shopping, Dining, Cafes  https://youtu.be/v7LaTflUfIA   ➡️ Istanbul 4K 🇹🇷 Galata Tower Walking Tour | Boutique Cafes, Beyoglu Historic Streets, Oldest Metro  https://youtu.be/a2AOFhrzZH8   ➡️ Istanbul 4K 🇹🇷 Kadikoy Walking Tour | Coolest District: Cafes, Street Food, Bars & Shopping Streets  https://youtu.be/hnViixn6nxI    ⚠️ Copyright © 2026 All Rights Reserved to Walk With Me in Turkey YouTube Channel. All footage in this video is original and filmed by the channel. Reuse, reupload, or redistribution without permission is strictly prohibited.  #WalkWithMeInTurkey #Istanbul4K #IstiklalStreet #TaksimSquare #IstanbulWalkingTour #IstanbulTravelGuide #TurkeyTravel #ThingsToDoInIstanbul","[{'title': 'Istanbul 4K Cinematic Intro', 'timestamp': '0:00:00'}, {'title': 'Tünel Square & Istiklal Street Entrance', 'timestamp': '0:01:20'}, {'title': 'Cozy Cafes & Bars', 'timestamp': '0:05:00'}, {'title': 'Istiklal Back Street Bars & Cafes', 'timestamp': '0:09:50'}, {'title': 'Historic Passages & Side Street Cafes', 'timestamp': '0:12:15'}, {'title': 'St. Mary Draperis Church Exterior', 'timestamp': '0:15:45'}, {'title': 'Historic Pera Architecture & Shopping District', 'timestamp': '0:16:55'}, {'title': 'St. Anthony of Padua Church Landmark', 'timestamp': '0:22:25'}, {'title': 'International Brands & Boutique Shopping', 'timestamp': '0:25:50'}, {'title': 'Historical Red Tram', 'timestamp': '0:28:40'}, {'title': 'Istiklal Shopping Street', 'timestamp': '0:31:25'}, {'title': 'Istiklal Shopping Mall', 'timestamp': '0:36:25'}, {'title': 'Global Brand Stores', 'timestamp': '0:40:40'}, {'title': 'Taksim Square Döner Spots & Local Street Food', 'timestamp': '0:48:35'}, {'title': 'Luxury Hotel District & Sofitel Istanbul Taksim', 'timestamp': '0:49:25'}, {'title': 'Taksim Square Tour Overview & End', 'timestamp': '0:51:00'}]",1,04092026
80,2GP7gDmy_Qc,🇱🇺 Luxembourg City Walking Tour 4K 60FPS – Capital of the World’s Richest Country,24012025,UC9IXi6PVtap0jaMcYNN8R2A,475015,"Explore Luxembourg City, the capital of the world’s richest country, in this immersive 4K 60FPS walking tour! Experience the beauty of Luxembourg without a voiceover—just the natural surrounding sounds of the city. From the cobbled streets of the Old Town to the grand Grand Ducal Palace, this video captures the peaceful, vibrant atmosphere of Luxembourg City.  Whether you're discovering historical landmarks or enjoying the serenity of its parks, the real city sounds—footsteps, distant chatter, and birdsong—create a calming, authentic experience that makes you feel like you’re walking through Luxembourg in real time.  Perfect for virtual travelers or anyone wanting to explore this stunning city in high resolution, this video offers a unique way to discover Luxembourg's charm.  Don’t forget to like, comment, and subscribe for more 4K walking tours of beautiful cities around the world!  ❤️ Subscribe - https://www.youtube.com/@PeacefulWalkingTours?sub_confirmation=1  ===============================================================  🔴🔴 Check out other Rich Cities 🔴🔴 🇲🇨 Monaco, Monte Carlo - https://youtu.be/2m4F-IR26kQ 🇨🇭 Lugano, Switzerland -  https://youtu.be/m4u4OpUF21k 🇦🇹 Vienna, Austria - https://youtu.be/WhNEOzPc1Ys  ===============================================================  🔵🔵 Playlist of Most Watched Walking Tour Videos 🔵🔵 👉https://www.youtube.com/playlist?list=PL7oHXshcOt2k3ERQ0p5g0QmCHt64mfcS6  ===============================================================  🚫 No part of this video can be used for personal or professional use without the permission from the channel owner.  #Luxembourg #WalkingTour #CityTour #4k60fps",[],1,04092026
81,1tpLphXk5Vc,"🇹🇷 Turkey Istanbul 4K Walking Tour 2026 | Karakoy: Hipster Paradise, Bosphorus Cafes & Street Foods",14082026,UCroLmL0p8fDISO6gwr-Berw,17830,"''🇹🇷 Turkey Istanbul 4K Walking Tour 2026 | Karakoy: Hipster Paradise, Bosphorus Cafes & Street Foods''  Hit the hip streets of Karaköy on a self-guided walking tour. From culture to trendy cafes and breathtaking views, Karaköy has it all. Let’s walk, eat, and discover Istanbul’s coolest neighborhood together...  Step into one of the most beautiful walks in Istanbul as I explore the lively streets of Karaköy and the waterfront atmosphere around Galataport in stunning 4K. This area on the Bosphorus side of the city is one of the most enjoyable places to spend time, where stylish cafes, busy outdoor seating areas, sea views, and elegant city energy come together in a very special way. In this walk, you will see why both locals and tourists love Karaköy for its relaxed but vibrant atmosphere.  Karakoy is one of Istanbul’s most fascinating and eclectic neighborhoods. In this 4K HDR walking tour, we take you through the charming, narrow streets of Karakoy, a hidden gem where the past and present blend seamlessly. Known for its artistic energy and trendy vibe, Karakoy is the perfect place to discover Istanbul’s hipster culture, local cafes, modern art galleries, and a variety of stylish restaurants and bars. Many visitors search for Karaköy evening walk, Galataport Istanbul, best cafes in Karaköy, Bosphorus promenade, and things to do near Galata Bridge or Galataport. Nearby areas such as Galata Tower, Tophane, Kabataş, Galata Bridge, and even Istiklal Street are all part of the wider experience of visiting Karaköy.   The area is also home to many trendy bars and rooftop lounges, where you can enjoy stunning views of the Bosphorus and the Istanbul skyline. The unique atmosphere of Karakoy is perfect for a leisurely stroll, and the mix of modern design with historical buildings adds to the area’s charm. If you’re a fan of art, Karakoy won’t disappoint, with numerous galleries showcasing contemporary Turkish art, photography, and design. Karakoy has evolved into one of the city’s coolest districts, attracting both locals and tourists who want to experience Istanbul beyond its iconic landmarks.  'Alper Temel', recently widely known online as the ""Handsome Corn Seller"" (Yakışıklı Mısırcı) is situated right by the Karaköy İskelesi (Karaköy Pier) in Istanbul. The 25-year-old Karaköy street vendor runs a corn and chestnut cart near the Karaköy Pier and has gone globally viral on TikTok and Instagram.  Transportation to Karaköy and Galataport is very easy. You can reach the area by tram, ferry, bus, taxi, or by walking from nearby districts like Eminönü, Galata, Tophane, or Kabataş.   Don’t forget to like, comment, and subscribe for more 4K walking tours around Istanbul and other amazing destinations! ------------------------------------------ Chapters: 00:00 In this video intro 02:06 Karakoy Cozy Streets  ------------------------------------------ 📧 Privacy Notice: If you may appear in this video and would prefer your image to be removed, please contact me via email, I will make every effort to address your request by removing/blurring, promptly. ------------------------------------------ #istanbul #karaköy #karakoy #galataport #galatatower #galatakulesi #turkey #travelguide #travelturkey #trending #vibrant #4kwalkingtour #visitturkey #citywalk #istanbultravel #4kvideo  #istanbulwalk #virtualtour #exploreistanbul #travelvlog #walkingtour #istanbultour #turkeytravel #streetfood #bosphorus #baklava #seasidewalk #cruiseport #cityvibes #citytour #citycenter #hipster #touristattraction #sultanahmet #istiklalcaddesi #taksim #nightlife #streetwalking #turkishfood #istanbul2026 #YakışıklıMısırcı #balıkekmek #fishwrap #fishsandwich #turkishfood #cafe #bar #nightlife   Tags: best shopping in istanbul turkey, bosphorus cruise turkey amazing day in istanbul, turkish street food tour, galataport istanbul cruise terminal, beyoglu istanbul nightlife, turkey beautiful places, yakisikli misirci karakoy istanbul, 4k, 4k video, Hipster, Paradise, Reiseführer, Restaurant, Wanderung, cafe, city tour, cruise ship, walking vitamin, explore istanbul, galata district, galataport cruise terminal, istanbul 4k, istanbul city center, istanbul galataport, istanbul karaköy, istanbul travel, karaköy, karaköy iskelesi, karaköy vlog, street food, travel guide, turkey travel, turkish food, walking tour, Стамбул, пешеходная экскурсия, путеводитель, Karakoy Walking Tour, Karaköy Walking Tour, Istanbul 4K Walking Tour, Locak Bazaar Istanbul, Walking Tour, Istanbul Travel, Explore Istanbul 2025, Istanbul Neighborhood Tours, Karakoy istanbul, Istanbul Streets Tour, Karaköy istanbul, İstanbul Yürüyüş Turu, Istanbuler Rundgang, Visite à pied d&#39;Istanbul, Tour a piedi di Istanbul, イスタンブールウォーキングツアー, 이스탄불 워킹 투어, جولة سير في اسطنبول, Tour a pé em Istambul, Istanbul zu Fuß Tour, Пешеходный тур по Стамбулу","[{'title': 'In this video intro', 'timestamp': '0:00:00'}, {'title': 'Karakoy Cozy Streets', 'timestamp': '0:02:06'}]",1,04092026
82,3MFlpVe93XU,"SINGAPORE Walking Tour 4K | Gardens by the Bay, Marina Bay & Sentosa Beach Walk with Captions",25032025,UCV2_l3k3JuZwIhiY1H0kSxA,435580,"🎒 NO MORE OVERPACKING! Get your Compression Packing Cubes on Amazon 👉 https://hpst.me/Beeyond1 (Sponsored) Join us on an immersive SINGAPORE walking tour through the heart of this vibrant city (4K, 60fps) 🎧 Best with headphones for an immersive experience (ASMR - Binaural City Sound). ⬇ LINKS to the full videos, chapters, etc. ⬇  Singapore, a dynamic city-state in Southeast Asia, blends rich history with cutting-edge modernity. Once a British trading post founded by Sir Stamford Raffles in 1819, it has since transformed into a global financial hub and one of the world's cleanest, greenest cities. Despite its small size, Singapore boasts stunning architecture, including the iconic Marina Bay Sands and the futuristic Gardens by the Bay. The city is a melting pot of cultures, reflected in its diverse food scene, from hawker centers to Michelin-starred restaurants. Stroll through the iconic Sentosa Island Walk, wander Singapore streets, and uncover the top Singapore tourist attractions in this full city walk (check for Singapore Part II). Whether you're planning a trip or just want to enjoy a relaxing Singapore 4K walk from home, this video is perfect for you. This Singapore travel guide 2025 will inspire you to visit must-see spots while enjoying a walking tour 4K HDR with captions for a more immersive experience - designed for big TV screens. [Filmed in February 2025]  🗺 Google Maps of this tour 👉  https://hpst.me/SingaporeWT  ℹ️💁‍♂️ Turn ON the Closed Captions to discover information on attractions, historical facts, and more (Open CC for subtitles). Enjoy!  Watch also: • SINGAPORE Evening Walk 👉 https://youtu.be/rmxNPzpuFB4?si=PT4sC1jxfAm80OZC • SINGAPORE Part II (Haji Lane, Arab Street, Chinatown, Singapore Botanic Gardens) 👉 https://youtu.be/sq0fi9y9iKY?si=qlrnYhuZ1_JxpeGX • DUBAI, UAE Walking Tour 👉 https://youtu.be/I9XB1gHvF74?si=2OrbG454JAtsR9w5 • TOKYO, Japan Walking Tour 👉 https://youtu.be/Ze42hH2GzHc?si=jxUug5KiTWdqbatK  • BALI, Indonesia Walking Tour 👉 https://youtu.be/b4VLlbM_qHI?si=lqDz1EIaGYzvesMm  • ASIA Walking Tour Playlist (Bangkok, Hanoi, Kyoto, etc.) 👉 https://www.youtube.com/playlist?list=PL-uSE59HVj4A2IB8EOMXH6AoGVXoRWVHo  • EUROPE Walking Tour Playlist (Paris, Rome, Barcelona, etc.) 👉 https://www.youtube.com/playlist?list=PL-uSE59HVj4Ah5kaHKApFBm_Wh2mZ_KWd  • USA Walking Tour Playlist (Miami, Los Angeles, Las Vegas, NYC, etc.) 👉 https://www.youtube.com/playlist?list=PL-uSE59HVj4BUOcpV1xQ_-zNYCA0_CApB   CHAPTERS: 0:00:00 Intro | Preview 0:00:21 Beeyond Ad  PART I: FROM MARINA BAY, GARDENS BY THE BAY  0:00:38 Marina Bay  0:01:42 Merlion 0:03:53 Marina Bay Sands Singapore  0:05:45 ABOUT SINGAPORE | History of Singapore (OPEN CC for subtitles/description) 0:37:04 Singapore skyline (panoramic views) 0:39:12 Apple Marina Bay Sands 0:51:03 ArtScience Museum 1:02:54 The Helix Bridge 1:12:56 The Shoppes at Marina Bay Sands 1:25:50 Gardens by the Bay 1:55:17 OCBC Skyway from below, Gardens by the Bay 1:57:24 Beeyond Compression Packing Cubes 1:58:19 Supertree Observatory (elevator ride, panoramic views), Gardens by the Bay 2:01:57 Singapore Flyer from Supertree Observatory  Part II: SENTOSA ISLAND 2:08:10 About Sentosa Island and Palawan Beach 2:43:21 Siloso Beach, Sentosa  👍 If you enjoyed this video, please like this video and subscribe to our channel for more awesome content 😊 ♡ THANKS FOR WATCHING ♡  #singapore #walkingtours #citywalk","[{'title': 'Intro | Preview', 'timestamp': '0:00:00'}, {'title': 'Beeyond Ad', 'timestamp': '0:00:21'}, {'title': 'Marina Bay', 'timestamp': '0:00:38'}, {'title': 'Merlion', 'timestamp': '0:01:42'}, {'title': 'Marina Bay Sands Singapore', 'timestamp': '0:03:53'}, {'title': 'ABOUT SINGAPORE | History of Singapore (OPEN CC for subtitles/description)', 'timestamp': '0:05:45'}, {'title': 'Singapore skyline (panoramic views)', 'timestamp': '0:37:04'}, {'title': 'Apple Marina Bay Sands', 'timestamp': '0:39:12'}, {'title': 'ArtScience Museum', 'timestamp': '0:51:03'}, {'title': 'The Helix Bridge', 'timestamp': '1:02:54'}, {'title': 'The Shoppes at Marina Bay Sands', 'timestamp': '1:12:56'}, {'title': 'Gardens by the Bay', 'timestamp': '1:25:50'}, {'title': 'OCBC Skyway from below, Gardens by the Bay', 'timestamp': '1:55:17'}, {'title': 'Beeyond Compression Packing Cubes', 'timestamp': '1:57:24'}, {'title': 'Supertree Observatory (elevator ride, panoramic views), Gardens by the Bay', 'timestamp': '1:58:19'}, {'title': 'Singapore Flyer from Supertree Observatory', 'timestamp': '2:01:57'}, {'title': 'About Sentosa Island and Palawan Beach', 'timestamp': '2:08:10'}, {'title': 'Siloso Beach, Sentosa', 'timestamp': '2:43:21'}]",1,04092026
83,nr3HUVWw0WI,"Oslo, Norway 🇳🇴 - Summer Walk - 4K/60fps HDR - Walking Tour",13062023,UCEZ_zB95xT6J8u33-pBF6UA,1234094,"🔴 🔔Subscribe to Tourister ➡️https://bit.ly/3ySvjV2 Join this channel to get access to perks: https://www.youtube.com/channel/UCEZ_zB95xT6J8u33-pBF6UA/join  Oslo is a unique city which combines city life with easy access to nature. It's a great place to explore because of its unique architecture, abundant cultural attractions, great food, diverse shopping experiences, stunning scenery, healthy living and opportunities for sport.  Enjoy :)         ***This Video Vlog is Made to show the city and the environment, if you are present on this video and you don't want to be please contact me or comment on this video and i will make sure that you are not on this video anymore.***",[],1,04092026
84,aSt6KvdjYtQ,London Walking Tour 2026 | Central London Summer Walk | Soho Street Party | 4K HDR,05082026,UCBvZ2hEzZZaWAIrUHVN6YUw,16331,"Join me on a relaxing walk through the heart of Central London during a beautiful summer day in 2026. Experience the city’s vibrant atmosphere as thousands of locals and tourists enjoy busy shopping streets, the lively Soho street party, outdoor restaurants, cafés, luxury boutiques, and iconic London landmarks.  This immersive 4K HDR walking tour captures the real sights and sounds of London with no commentary—just authentic city ambience. Stroll through lively streets filled with red double-decker buses, historic architecture, outdoor dining, the exciting Soho street party, and the unique energy that makes London one of the world’s most visited destinations.  Whether you’re planning a trip to London, remembering a previous visit, or simply enjoy virtual walking tours, this video lets you experience the city as if you were walking there yourself.  In this video:  * Central London Summer Walk * Soho Street Party * Busy London Streets * Outdoor Dining & Cafés * Luxury Shopping Areas * Beautiful Historic Architecture * Real London Street Sounds * London City Life 2026 * 4K HDR Walking Tour * No Commentary * Relaxing Walking Experience  If you enjoy this video, please Like, Subscribe, and turn on the notification bell 🔔 so you never miss a new London walking tour.  📅 Filmed: London Summer 2026 📍 Location: Central London, England, UK 🎥 Video Quality: 4K HDR  #London #LondonWalkingTour #CentralLondon #Soho #SohoStreetParty #LondonWalk #LondonSummer #WalkingTour #VisitLondon #London2026 #4KHDR #CityWalk #England #OutdoorDining #TravelVideo",[],1,04092026
85,Mo2jZj5BrK8,"Dubai [4K] Amazing City Center, Downtown Dubai Walking Tour 🇦🇪",06082026,UCZf-CjRiqYrxkYGpE8oPUuw,83743,"Downtown Dubai  Welcome to Downtown Dubai, the iconic heart of Dubai and one of the most impressive city destinations in the world. Known for its breathtaking skyline, luxury lifestyle, and world-famous landmarks, Downtown Dubai offers an unforgettable walking experience filled with modern architecture, entertainment, shopping, and stunning views.  Join this immersive 4K walking tour as we explore the beautiful streets of Downtown Dubai, featuring some of the city’s most famous attractions including Burj Khalifa, Dubai Mall, and the spectacular Dubai Fountain.  At the center of Downtown Dubai stands Burj Khalifa, the tallest building in the world at 828 meters. This incredible architectural masterpiece has become a global symbol of Dubai’s innovation and ambition, attracting millions of visitors who come to admire its beauty and enjoy panoramic views of the city.  Nearby, discover Dubai Mall, one of the largest shopping and entertainment destinations on Earth. With more than 1,200 stores, luxury fashion brands, international restaurants, cafés, and world-class attractions, Dubai Mall offers an unforgettable experience for visitors from around the world.  Outside the mall, experience the breathtaking Dubai Fountain, where water, music, and light performances create a spectacular show against the magnificent backdrop of Burj Khalifa. The evening atmosphere around Burj Lake is one of the most beautiful scenes in Dubai.  Continue your walk along Mohammed Bin Rashid Boulevard, a stylish avenue surrounded by luxury hotels, fine dining restaurants, cafés, boutique shops, and impressive city views. Nearby, Dubai Opera adds a cultural experience with world-class performances and events.  Whether you are exploring Dubai during the day, enjoying the magical night lights, or capturing amazing skyline views, Downtown Dubai showcases the luxury, creativity, and energy that make Dubai one of the world’s most fascinating cities.  #DowntownDubai #BurjKhalifa #DubaiMall #DubaiFountain #Dubai #WalkingTour #Dubai4K #VisitDubai #TravelDubai #ExploreDubai #UAE #CityWalk #LuxuryLifestyle",[],1,04092026
86,EcayPS05Yh4,🇨🇳 4K China Walking Tour - China's Most Beautiful Water Town - Suzhou Rain Walk | 4K HDR 60fps,03082024,UCiVH7ncT6ghUKvSpY_e0DNQ,463499,"Welcome to China's Most Beautiful Water Village.   Join us on a serene and picturesque journey through Suzhou, China's in stunning 4K HDR 60fps quality. Experience the tranquil ambiance of this ancient town as we wander its charming canals, historic bridges, and quaint streets lined with traditional Chinese architecture.  From the gentle flow of the water to the delicate sounds of nature, this relaxing walk captures the essence of Suzhou's unique charm. As we explore, you'll witness the harmonious blend of natural beauty and cultural heritage that makes Suzhou a must-visit destination.  Video Highlights: Here are the highlights for Suzhou Water Village, one of China's most picturesque and culturally rich water towns:  1. **Pingjiang Road:** A historic street lined with traditional buildings, teahouses, and shops, offering a glimpse into the ancient lifestyle of Suzhou. 2. **Humble Administrator's Garden (Zhuo Zheng Yuan):** One of the most famous classical gardens in China, known for its beautiful ponds, rock formations, and traditional pavilions. 3. **Lingering Garden (Liu Yuan):** Another UNESCO World Heritage site, featuring exquisite landscaping, intricate architecture, and serene water features. 4. **Master of the Nets Garden (Wangshi Yuan):** A smaller yet beautifully designed garden, showcasing classical Chinese garden aesthetics. 5. **Suzhou Museum:** Designed by the renowned architect I.M. Pei, this museum houses a vast collection of ancient Chinese art, ceramics, and cultural artifacts. 6. **Tiger Hill (Hu Qiu):** A historic site with a leaning pagoda, ancient tombs, and beautiful landscapes, offering panoramic views of Suzhou. 7. **Shantang Street:** An ancient canal street bustling with traditional shops, restaurants, and cultural performances. 8. **Suzhou Silk Museum:** A museum dedicated to the history and art of silk production, showcasing exquisite silk garments and weaving techniques. 9. **Pan Gate (Pan Men):** A historic city gate and water gate, part of Suzhou's ancient city wall, featuring beautiful gardens and waterways. 10. **Lion Grove Garden (Shizilin):** Known for its labyrinthine rock formations, this garden is a masterpiece of Chinese landscaping. 11. **Hanshan Temple:** An ancient Buddhist temple with a famous bell, immortalized in classical Chinese poetry. 12. **Suzhou Industrial Park:** A modern district showcasing the blend of traditional and contemporary architecture, with beautiful water features and green spaces. 13. **Ancient Canal:** A boat ride along the ancient canal offers a scenic and relaxing way to explore Suzhou's water town charm. 14. **Twin Pagodas:** Historical pagodas that are an iconic symbol of Suzhou, offering insights into the city's religious and architectural history. 15. **Canglang Pavilion (Surging Wave Pavilion):** The oldest garden in Suzhou, known for its elegant design and tranquil ambiance. 16. **Pingjiang Historic District:** A well-preserved area with narrow lanes, traditional houses, and waterways, perfect for a leisurely stroll. 17. **Tongli Water Town:** A nearby ancient water town, famous for its well-preserved architecture, stone bridges, and tranquil canals. 18. **Wumen Bridge:** An ancient stone bridge offering picturesque views of the canals and traditional Suzhou architecture. 19. **Suzhou Pingtan Museum:** A museum dedicated to the traditional Suzhou performing art of Pingtan, featuring music, storytelling, and opera. 20. **Beisi Pagoda:** A historic pagoda offering stunning views of Suzhou and its surrounding landscapes.  Chapters: 0:00 Intro Preview 3:34 Suzhou Water Village 15:00 Shantang Street 1:00:00 Ancient Canals 1:58:17 Night Walk in the Rain  Whether you're here for the calming atmosphere or to admire the intricate details of this historic water village, our 4K walk through Suzhou promises a visually and emotionally enriching experience. Don't forget to like, comment, and subscribe for more breathtaking walks around the world's most beautiful locations. Enjoy the journey!  #4kwalk #travel #walkingtour #relaxingwalk #china #chinatravel #villagelife","[{'title': 'Intro Preview', 'timestamp': '0:00:00'}, {'title': 'Suzhou Water Village', 'timestamp': '0:03:34'}, {'title': 'Shantang Street', 'timestamp': '0:15:00'}, {'title': 'Ancient Canals', 'timestamp': '1:00:00'}, {'title': 'Night Walk in the Rain', 'timestamp': '1:58:17'}]",1,04092026
87,dXyTpYLvfqE,NEW YORK CITY Walking Tour [4K] - SOHO Is SO HOT! 🔥 A Summer Walk Through NYC,18072026,UCXdS9jTrUYHPJ2KTWRneHDQ,19551,"Follow me on my new walking tour - SOHO Walking Tour Recorded July 17, 2026 - 4:25 PM - 88°F / 31°C  ______________________________________ For supporting my channel :  PayPal : https://paypal.me/JulienInNYC Cash App : $JulienInNYC Buy Me a Coffee : https://ko-fi.com/julieninnyc ______________________________________  00:00 Spring Street 05:15 Broadway 08:50 Prince Street 11:40 Greene Street 14:20 Spring Street 16:40 West Broadway 19:20 Broome Street 21:55 Greene Street 27:50 Prince Street 28:50 Mercer Street 34:15 Broome Street 35:05 Broadway 42:45 Houston Street 44:45 Lafayette Street 51:50 Broome Street 52:50 Crosby Street 56:30 Howard Street 57:35 Broadway  ______________________________________  SOHO is a neighborhood in Lower Manhattan in New York City. Since the 20th century it has been the location of many artists' lofts and art galleries, and has also been known for its variety of shops ranging from trendy upscale boutiques to national and international chain store outlets. The area's history is an archetypal example of inner-city regeneration and gentrification, encompassing socioeconomic, cultural, political, and architectural developments. https://en.wikipedia.org/wiki/SoHo,_Manhattan   The links below contain Amazon affiliate links, which means that if you click on one of the product links, I'll receive a small commission from your purchases. If you make a purchase on Amazon after clicking the link below, the price won’t change and my channel earns a small affiliate commission from Amazon.   Recorded Using : iPhone 17 Pro DJI Osmo Mobile 7p : https://amzn.to/47mtPTj DJI Mic Mini : https://amzn.to/3GlDAao  Camera/Audio Equipment I Often Use : GoPro HERO11 Black : https://amzn.to/3DnIaAr DJI Osmo Pocket 3 : https://amzn.to/3ukehzB SanDisk 256GB microSDXC : https://amzn.to/3DiR4PB Anker Portable Charger : https://amzn.to/3wAMWqv Apple AirPods Pro (3rd generation) : https://amzn.to/3N9rXqi Shoes : https://amzn.to/49n5H3X  All material in this video is original and personally recorded by Julien In NYC. All rights reserved. Contact : fromlyontonyc@gmail.com","[{'title': 'Spring Street', 'timestamp': '0:00:00'}, {'title': 'Broadway', 'timestamp': '0:05:15'}, {'title': 'Prince Street', 'timestamp': '0:08:50'}, {'title': 'Greene Street', 'timestamp': '0:11:40'}, {'title': 'Spring Street', 'timestamp': '0:14:20'}, {'title': 'West Broadway', 'timestamp': '0:16:40'}, {'title': 'Broome Street', 'timestamp': '0:19:20'}, {'title': 'Greene Street', 'timestamp': '0:21:55'}, {'title': 'Prince Street', 'timestamp': '0:27:50'}, {'title': 'Mercer Street', 'timestamp': '0:28:50'}, {'title': 'Broome Street', 'timestamp': '0:34:15'}, {'title': 'Broadway', 'timestamp': '0:35:05'}, {'title': 'Houston Street', 'timestamp': '0:42:45'}, {'title': 'Lafayette Street', 'timestamp': '0:44:45'}, {'title': 'Broome Street', 'timestamp': '0:51:50'}, {'title': 'Crosby Street', 'timestamp': '0:52:50'}, {'title': 'Howard Street', 'timestamp': '0:56:30'}, {'title': 'Broadway', 'timestamp': '0:57:35'}]",1,04092026
88,2e064Hmpccw,London Summer Walk | Exploring London West End | 4K HDR Virtual Walking Tour around London City,11082026,UCfJKHk7lav13YHgCsYcvsHQ,4072,"London city summer Walking tour, summer London Walk. Walking London West End.  Explore the city of London Watch this walking tour video through London the capital of the United Kingdom. imagine yourself a real tourist and walk through the beautiful streets. Take a walk and experience the city life. You will see traditional red buses and streets and urban architecture.  Today, we will walk from London Oxford Street, to Tottenham Court Raod, Charing Cross Road, Regent Street, Piccadilly Circus, Hyde Park, Bond Street, Mayfair.  I hope you enjoy the video. Please don't forget to subscribe to my channel, I have been uploading a lot of videos weekly. Let's walk and explore together!   Welcome to visit my other channels : 🦋🦋🦋:  1. The story of living in London:      https://www.youtube.com/@Story_Live.to.Eat8 2. China City Walk:      https://www.youtube.com/@WalkingChina8  #London #LondonWalk #LondonWalkbyLondonsocialite #walkingtour  #Travelvlogger #Bromptonroad #londoncitywalk  #Victoria  #LondonVictoria  #centrallondon  #londonwalkingtour  #walkingvideo  #walkingaround #knightsbridge   #Belgravia",[],1,04092026
89,4gaLW8X3lko,"Palermo, Sicily — Italy Walking Tour 4K 🇮🇹",03022024,UCs9MJ-TmN0-CLY2eNBHAltw,3773808,"Palermo, Sicily, Italy: a vibrant city that evokes both adoration and disdain. A mix of history, culture, and contradictions. For some, it's a vibrant mosaic of Mediterranean charm,  fabulous street food, tales of ancient civilizations and friendly people. Others see it as city with a turbulent past. Let's discover the secrets of Sicily's capital. New PALERMO Italia narrated city walk tour in 4K by Wanna Walk  City Tour Video Walk Palermo Italy Free Walking Tour Sicily Palermo Italia Top 10 Things to Do in Palermo Italy Things to do - Things to do in Italy  Welcome to Wanna Walk, your ultimate guide to immersive travel experiences! In this episode, we're diving deep into the heart of Sicily's capital city, Palermo, Italy. Join me on a mesmerizing journey as we wander through its enchanting streets, savoring every sight, sound, and flavor along the way.  Palermo is a city rich in history, culture, and culinary delights, and there's no better way to soak it all in than by exploring on foot. From the bustling markets to the magnificent architecture, every corner of Palermo tells a story waiting to be discovered. How many days do you need in Sicily? Is Palermo a walkable city? Palermo is the capital of the Italian island of Sicily. and it  was founded in 736 BC!  As we traverse the cobblestone streets, we'll marvel at the stunning blend of Arab-Norman architecture, a testament to Palermo's diverse heritage. The imposing structures of the Palermo Cathedral and the Palazzo dei Normanni stand as proud reminders of the city's glorious past.  ITALY 4K Best PALERMO SICILY Free Walking Tours Top SICILY Attractions  Explore Sicily and Palermo with virtual walking tours. Immerse yourself in the vibrant streets of Palermo with treadmill videos and virtual walks. Experience the beauty of Italy through city walks. Whether you're strolling through Palermo or traversing Italy from home, these virtual tours offer an immersive experience. Discover the charm of Italy with this evening video walk. Enjoy Sicily picturesque streets. Let me guide your journey as you explore the best of Italy. Embark on a virtual tour of Sicily Palermo Italy from the comfort of your home.  4K City Walking Tour - PALERMO Free Walks Best Virtual Walking Tours in Italy Palermo Sicily Walking in PALERMO (Italia) old city downtown virtual tour in 4K  Travel from home around Palermo Italy, with its labyrinthine streets and eclectic architecture, is a treasure trove waiting to be discovered. As we meander through its bustling thoroughfares, we'll be awestruck by the breathtaking fusion of styles that characterize its landmarks. From the majestic Palermo Cathedral, with its intricate mosaics and imposing façade, to the elegant Palazzo dei Normanni, a testament to the city's Norman heritage, every corner reveals a new chapter in Palermo's storied past.  What is the city Palermo famous for and Is Palermo good for tourists? Is Palermo an expensive city and Is Palermo in Sicily or Italy? It's a city that tantalizes the senses, particularly when it comes to its culinary offerings. Prepare to indulge in a symphony of flavors as we sample traditional Sicilian delicacies from street vendors and family-run trattorias alike.   Palermo City, Sicily, Italy: Walking Tour Best city virtual travel tour. Downtown Italy The BEST 10 Free Walking Tours in Palermo Sicily Palermo-Italy Tour - Palermo Walking Tour at Sunset Walking Tour (Centro) and THE 10 BEST Palermo  No visit to Palermo would be complete without a visit to its legendary markets. Join us as we navigate the labyrinthine alleyways of the Mercato di Ballarò, where vendors hawk everything from fragrant spices to exotic fruits with infectious energy.  Palermo, Sicily — Italy Walking Tour 4K 🇮🇹  But perhaps the true magic of Palermo lies in its people – warm, welcoming, and fiercely proud of their city's heritage. Strike up a conversation with a local at a neighborhood café or join in a spirited game of bocce in one of the city's piazzas, and you'll quickly discover that Palermo's greatest treasures are found in its people. Palermo, Sicily, Italy Walking Tour (4k Ultra HD 60fps).  Today the street food tour is a must along with the city tour of the best Palermo markets: Vucciria, Ballaro, Capo and Borgo Vecchio in a new city Italy walking video showing the top 50 best places to visit in europe by Wanna Walk. Watch Palermo scenic walking videos and wonders of italia.  Thanks EugenSedkofor this beautiful music:  https://www.youtube.com/watch?v=54PFsOabbro&ab_channel=EugenSedko  Made with love by Wanna Walk ❤️ https://www.youtube.com/@WannaWalk",[],1,04092026
90,CxePojAOV_s,Japan; Tokyo Shin-Koenji to Asagaya Walking Tour • 4K 60fps HDR,28072026,UCoXm66ArnAYGC0SCItOb2Tg,114870,"Sharing with you virtual walk videos filmed all over Japan in 4K HDR.  No intrusive face taking. This is not a vlog. Please enjoy!  Temp: 27°C / 80°F Humidity: 63% Wind: 3 m/s   Recommended 4K HDR videos ↓↓↓   2 Hours of Rainy Night Walk in Tokyo, Japan • 4K HDR https://youtu.be/kOn56cUQYLk Suburban Tokyo, Blue Hour Walk in Hatanodai, Japan • 4K HDR https://youtu.be/ccW1wZYzdPs Japan: Tokyo Shibuya to Harajuku, Rainy Night Walking Tour • 4K HDR https://youtu.be/vvWShDvADgU 2 Hours of Rainy Night Walk in Tokyo, Japan | End of Spring 2025 • 4K HDR https://youtu.be/wpOdo1kuGEY 3 Hours of Rainy Night Walk in Tokyo, Japan • 4K HDR https://youtu.be/lp_9JKEYFFQ   #4kjapan #tokyo #slowtv #4khdr #japan #hdr10plus #bluehour #japanwalk #suburbantokyo  #sunsetwalk",[],1,04092026
91,d_mfk5piRC4,🇫🇷Paris 4K 120FPS Walking Tour] Slow walk in Paris : Best Neighborhood Walk 25/July/2026,25072026,UCmLKaHIZqVpAeQCayN9GZpw,9422,"Welcome to ART VISION TV.  This video...   is a travel guide for visitors to Paris.  Join us on a walking tour through the heart of Paris, exploring the historic Montmartre district and the iconic Champs Élysées. Discover the unique atmosphere, beautiful streets, famous landmarks, charming cafés, and everyday life that make these two areas some of the most beloved destinations in Paris.  Whether you are planning your first trip to Paris or simply want to experience the city from home, this video will take you on a relaxing journey through two of Paris’s most famous neighborhoods.  📽️This video was shot in ultra high definition (📹4K 120FPS HDR) Video shooting date : Wednesday 23/July/2026 Temperature :  +26°C ☀️  #champsélysées#Paris#Montmartre#ParisCafe #LatinQuarter#WalkingTour#France #StreetView#ParisSummer#  This is one of the places highly recommended by Art Vision TV.   Enjoy watching!👍   L'endroit incontournable à visiter à Paris.El lugar número 1 que debes visitar en París. The #1 Place You Must Visit in Paris.巴黎必游第一景点.パリで絶対に訪れるべき場所ナンバーワン.파리에서 꼭 방문해야 할 최고의 장소. Don’t miss this place on your trip to Paris. 파리 이곳은 꼭 가세요.パリこちらはぜひ行ってみてください.你一定要去巴黎的这个地方看看. Debes visitar este lugar en París. De fortes chutes de neige à Paris 2026.   #Paris#SpringinParis#Caféstreets#LatinQuarter#  Don't forget to like, share, and subscribe for more mesmerizing 4K walks and travel experiences!   Another Beautiful Videos:  2023 Paris best Christmas Places: https://youtu.be/jY1nZ5wadaY?si=Cblg0y6w93FpbrwX   2024 MONTMARTRE WALK VIDEO : https://youtu.be/Jrhd-GeBipY?si=fcZ5e7w_9lTblvK6  2023 Christmas Lights Streets Video: https://youtu.be/Wu_EwrL9PlY?si=DFvdxyk3APfaham_  Around the Eiffel Tower Video : https://www.youtube.com/live/M3tF2XUOwMI?si=86XLQwQNGD7UnC2w    paris christmas lights 2024, in paris 2024, christmas paris, vitrines de noel, decorations de noel paris, christmas decorations in paris, winter in paris, travel vlog, walk in paris, paris walking tour, paris things to do, 4k video hdr, paris night walk, paris tour, paris at night, paris 4K, relaxing video, arc de triomphe, paris night life, 4k, art paris, walking tour 4k, uhd paris, le marais, rue de rivoli, notre dame, paris women, 4K HDR Walking Tour, paris france, paris walk, paris city walk, walk in paris, Saint germain des pres, restaurant paris, food paris, hotels paris, paris women, travel vlog, paris things to do, champs elysées, paris stroll, paris vlog, le marais, chatelet, galeries lafayette haussmann, neige a paris, paris snow 2024",[],1,04092026
92,1Hwn_aPtjDM,"Cebu City, PHILIPPINES Downtown Walking Tour 2026 🇵🇭 NO FILTER Walk, Street Markets & Street Food",22012026,UCwivAqc3tPrvbionZl5SjJQ,107773,"Cebu City, PHILIPPINES Downtown Walking Tour 2026 🇵🇭 NO FILTER Walk, Street Markets & Street Food  Explore the heart of Cebu City, Philippines in this 2026 walking tour! 🇵🇭  We start at the historic Colon Street, walk through the busy Carbon Market, visit famous landmarks, and end the night with amazing street food at the Colon Night Market. No filters, just the real sounds and sights of the city.  Route: • Colon Street • Carbon Market • Historic Sites (Magellan's Cross) • Colon Night Market (Street Food)  Like and Subscribe for more Philippines 2026 travel videos!  Video chapters: 00:00 Preview 01:48 Junquera Street 02:47 Colon Street 08:59 Osmeña Boulevard 16:39 Colon Street 20:07 A. Borromeo Street 22:38 P. Lopez Street 24:04 Magallanes Street 24:55 Carbon Market 38:55 Plaza Sugbu 39:49 Magellan’s Cross 42:08 D. Jakosalem Street 44:25 Osmeña Boulevard 46:54 P. Zamora Street 49:08 Cebu Metropolitan Cathedral 53:34 P. Burgos Street 57:18 M.C. Briones Street 01:00:11 A. Pigafetta Street 01:02:05 Fort San Pedro 01:04:18 Plaza Independencia 01:06:05 Colon Street  #CebuCity #Philippines #WalkingTour #StreetFood #2026  ———  This video was filmed in public places. Filming in public is generally allowed under the Data Privacy Act of 2012 (Republic Act No. 10173). No personal information is collected or shown.  If you appear in this video and wish to have your face blurred or the segment cut, please comment the video timestamp where you appear so we can blur or cut that part.","[{'title': 'Preview', 'timestamp': '0:00:00'}, {'title': 'Junquera Street', 'timestamp': '0:01:48'}, {'title': 'Colon Street', 'timestamp': '0:02:47'}, {'title': 'Osmeña Boulevard', 'timestamp': '0:08:59'}, {'title': 'Colon Street', 'timestamp': '0:16:39'}, {'title': 'A. Borromeo Street', 'timestamp': '0:20:07'}, {'title': 'P. Lopez Street', 'timestamp': '0:22:38'}, {'title': 'Magallanes Street', 'timestamp': '0:24:04'}, {'title': 'Carbon Market', 'timestamp': '0:24:55'}, {'title': 'Plaza Sugbu', 'timestamp': '0:38:55'}, {'title': 'Magellan’s Cross', 'timestamp': '0:39:49'}, {'title': 'D. Jakosalem Street', 'timestamp': '0:42:08'}, {'title': 'Osmeña Boulevard', 'timestamp': '0:44:25'}, {'title': 'P. Zamora Street', 'timestamp': '0:46:54'}, {'title': 'Cebu Metropolitan Cathedral', 'timestamp': '0:49:08'}, {'title': 'P. Burgos Street', 'timestamp': '0:53:34'}, {'title': 'M.C. Briones Street', 'timestamp': '0:57:18'}, {'title': 'A. Pigafetta Street', 'timestamp': '1:00:11'}, {'title': 'Fort San Pedro', 'timestamp': '1:02:05'}, {'title': 'Plaza Independencia', 'timestamp': '1:04:18'}, {'title': 'Colon Street', 'timestamp': '1:06:05'}]",1,04092026
93,fkIyAJ4OkqI,Is This France's Most Extraordinary Medieval Village? | Cordes-sur-Ciel 4K Walking Tour,07062026,UCAvjrsix7WOyIeuRJmfHJAg,276025,"Cordes-sur-Ciel rises from the Tarn valley like something out of a dream, a walled medieval city that literally floats above the morning clouds in southern France. In 2014, the French public officially voted it Village Préféré des Français (France's Favourite Village), and the moment you step through its ancient gates, you understand exactly why. In this 4K village walking tour, we are taking you deep into the heart of France's first bastide (planned medieval town).  We begin our walk approaching the village, taking in the beautiful floral details before entering through the historic Porte des Ormeaux. As we wander up the ancient cobblestone streets, passing charming spots like the vegetarian cafe Sur les Pavés, the incredible Gothic mansions of wealthy medieval merchants rise up in carved stone. We step inside the breathtaking Église Saint-Michel, pass beneath the 14th-century covered market hall, and stand beside a jaw-dropping 114-metre medieval well. Reaching the Place de la Bride and the old ramparts, the panoramic views across the valley are exactly the same ones that have captivated artists and writers for over a century. With natural ambient sound, you can experience every stone, archway, and quiet alleyway exactly as it feels to be there.  We are Michelle and Charlie. Living with chronic pain and fatigue taught us the profound value of slowing down, so we rebuilt our lives with a camera in hand to seek out the quieter corners of Europe. We film these walks to share real destinations in a calm, honest way, offering you a little breathing room, because quiet beauty is always worth the journey.  ✨ WHAT YOU WILL SEE  * The historic Porte des Ormeaux and the steep, cobbled climb up Rue Saint-Michel * The stunning interior of the Église Saint-Michel, featuring painted vaults and a hidden treasury * The 14th-century covered market hall and the dizzying 114-metre medieval well beneath it * Breathtaking Gothic palaces, including the beautifully preserved Maison du Grand Fauconnier * A peaceful courtyard housing the Museum of Modern Art * Charming artisanal boutiques, from master bookbinders to traditional confectioners * The panoramic Place de la Bride terrace, shaded by ancient plane trees * Sweeping, picturesque views across the Cérou valley from the old ramparts  🎥 ABOUT THIS WALK Filmed in 4K with natural ambient sound recorded on location. There is no narration, and no commentary except via captions in 80+ languages. Just Cordes-sur-Ciel exactly as it feels to be there. Perfect for planning a trip to the Tarn or Occitanie, discovering medieval France from home, or simply finding a quiet moment away from your day.  💕 SUPPORT OUR FILMMAKING This channel is our livelihood. Your generous support helps us keep filming these peaceful walks across Europe. ☕️ Buy us a coffee: https://www.buymeacoffee.com/walkingtoursmc PayPal: https://www.paypal.com/paypalme/walkingtoursroadtrip  📍 LOCATION Cordes-sur-Ciel, Tarn, Occitanie, France. A member of Les Plus Beaux Villages de France and voted Village Préféré des Français 2014. Located in the Cérou valley, 25km from Albi (UNESCO World Heritage City) and 85km northeast of Toulouse. Google Maps: https://maps.app.goo.gl/2syiHjmiqVCTYktG8 Tourist Info: https://www.tourisme-tarn.com/decouvrir/incontournables/cordes-sur-ciel/  🌐 TRAVEL INTERNET Get 20% off with code 20roadtrips at ConnectPls: https://connectpls.com/walking-tours-and-roadtrips/  CHAPTERS 00:00:00 France’s favourite medieval village 00:00:48 Climbing the ancient fortified gates 00:04:17 The 13th-century Église Saint-Michel 00:07:31 The 14th-century hall & 114m well 00:09:37 Modern art in a medieval courtyard 00:12:06 Place de la Bride panoramic terrace 00:19:07 Inside the church & historic treasury 00:23:31 Gothic masterpieces & merchant homes 00:32:07 Traditional confectioners & artisans 00:39:34 Porte de Rous & Renaissance architecture 00:44:59 Sweeping views from the old ramparts 00:46:08 The defensive walls of La Barbacane 00:55:45 Porte de l’Horloge & the clock tower 01:03:46 A peaceful farewell to Cordes-sur-Ciel  © Walking Tours and Road Trips. All rights reserved. No part of this video may be used or reproduced without written permission. *Some links may be affiliate links supporting our channel at no extra cost to you.  #CordesSurCiel #CordesSurCielFrance #OccitanieWalkingTour #TarnFrance #4KWalkingTour #FrenchVillage #MedievalVillage #SouthernFrance #WalkingTour4K #VirtualTravel #MedievalFrance #LesPlusBeauxVillages #SlowTravel #FranceTravel #BastideFrance","[{'title': 'France’s favourite medieval village', 'timestamp': '0:00:00'}, {'title': 'Climbing the ancient fortified gates', 'timestamp': '0:00:48'}, {'title': 'The 13th-century Église Saint-Michel', 'timestamp': '0:04:17'}, {'title': 'The 14th-century hall & 114m well', 'timestamp': '0:07:31'}, {'title': 'Modern art in a medieval courtyard', 'timestamp': '0:09:37'}, {'title': 'Place de la Bride panoramic terrace', 'timestamp': '0:12:06'}, {'title': 'Inside the church & historic treasury', 'timestamp': '0:19:07'}, {'title': 'Gothic masterpieces & merchant homes', 'timestamp': '0:23:31'}, {'title': 'Traditional confectioners & artisans', 'timestamp': '0:32:07'}, {'title': 'Porte de Rous & Renaissance architecture', 'timestamp': '0:39:34'}, {'title': 'Sweeping views from the old ramparts', 'timestamp': '0:44:59'}, {'title': 'The defensive walls of La Barbacane', 'timestamp': '0:46:08'}, {'title': 'Porte de l’Horloge & the clock tower', 'timestamp': '0:55:45'}, {'title': 'A peaceful farewell to Cordes-sur-Ciel', 'timestamp': '1:03:46'}]",1,04092026
94,xbd0TxE-d_0,An Idiot's Guide to CITYWALK ORLANDO | Universal Studios Orlando,02102022,UCAgUS4jpgqdIpfZSNcAR3hg,229271,"For this video, I'll provide a beginners overview of all that Universal CityWalk Orlando has to offer to help you get the best out of Universal Orlando's entertainment and retail district. I'll provide a tour of all activities, shopping and nightlife.  ______________________________  TIMESTAMPS:  0:00 - Intro 0:26 - PART 1: Overview 0:42 - CityWalk Layout 2:15 - PART 2: DINING TOUR 2:33 - Bend the Bao 2:50 - Bread Box 3:39 - Voodoo Doughnuts 4:08 - Bubba Gump Shrimp Co. 4:51 - Red Oven Pizza Bakery 5:21 - Cowfish Sushi Burger Bar 5:56 - Vivo Italian Kitchen 6:31 - Bigfire 7:02 - Antojitos 7:38 - Margaritaville 8:15 - Toothsome Chocolate Emporium 9:21 - Hard Rock Cafe 9:59 - NBC Sports Grill & Brew 10:36 - PART 3: SHOPPING & ACTIVITIES 10:46 - Hollywood Drive In Golf 11:07 - Universal Cinemark Movie Theatre 11:19 - Universal Studios Store 11:43 - Universal Legacy Store 12:17 - PART 4: NIGHTLIFE 12:25 - Nightly CityWalk Promenade Dining Dancing Cocktails 12:37 - Red Coconut Club 12:54 - Bob Marley A Tribute to Freedom 13:34 - Pat O'Brien's 14:09 - Rising Star Karaoke Club 15:00 - Fat Tuesday 15:30 - Lone Palm Airport  ______________________________  VIDEO LINKS:  Parking Options https://orlandoinformer.com/universal/parking-transportation  ---------------------------------------­­­­­­­---------------  CONTACT: For all business enquiries ⇢ jjjack86@me.com","[{'title': 'Intro', 'timestamp': '0:00:00'}, {'title': 'PART 1: Overview', 'timestamp': '0:00:26'}, {'title': 'CityWalk Layout', 'timestamp': '0:00:42'}, {'title': 'PART 2: DINING TOUR', 'timestamp': '0:02:15'}, {'title': 'Bend the Bao', 'timestamp': '0:02:33'}, {'title': 'Bread Box', 'timestamp': '0:02:50'}, {'title': 'Voodoo Doughnuts', 'timestamp': '0:03:39'}, {'title': 'Bubba Gump Shrimp Co.', 'timestamp': '0:04:08'}, {'title': 'Red Oven Pizza Bakery', 'timestamp': '0:04:51'}, {'title': 'Cowfish Sushi Burger Bar', 'timestamp': '0:05:21'}, {'title': 'Vivo Italian Kitchen', 'timestamp': '0:05:56'}, {'title': 'Bigfire', 'timestamp': '0:06:31'}, {'title': 'Antojitos', 'timestamp': '0:07:02'}, {'title': 'Margaritaville', 'timestamp': '0:07:38'}, {'title': 'Toothsome Chocolate Emporium', 'timestamp': '0:08:15'}, {'title': 'Hard Rock Cafe', 'timestamp': '0:09:21'}, {'title': 'NBC Sports Grill & Brew', 'timestamp': '0:09:59'}, {'title': 'PART 3: SHOPPING & ACTIVITIES', 'timestamp': '0:10:36'}, {'title': 'Hollywood Drive In Golf', 'timestamp': '0:10:46'}, {'title': 'Universal Cinemark Movie Theatre', 'timestamp': '0:11:07'}, {'title': 'Universal Studios Store', 'timestamp': '0:11:19'}, {'title': 'Universal Legacy Store', 'timestamp': '0:11:43'}, {'title': 'PART 4: NIGHTLIFE', 'timestamp': '0:12:17'}, {'title': 'Nightly CityWalk Promenade Dining Dancing Cocktails', 'timestamp': '0:12:25'}, {'title': 'Red Coconut Club', 'timestamp': '0:12:37'}, {'title': 'Bob Marley A Tribute to Freedom', 'timestamp': '0:12:54'}, {'title': ""Pat O'Brien's"", 'timestamp': '0:13:34'}, {'title': 'Rising Star Karaoke Club', 'timestamp': '0:14:09'}, {'title': 'Fat Tuesday', 'timestamp': '0:15:00'}, {'title': 'Lone Palm Airport', 'timestamp': '0:15:30'}]",1,04092026
95,dXjCFpp9B6M,"NEW YORK CITY WALKING TOUR MANHATTAN Central Park, 5th Avenue, Brooklyn Bridge, DUMBO, 7th Avenue",24072026,UCNuWCBM-4pn582kUg0BVexw,7077,"[Full Version] NEW YORK CITY TRAVEL 631 - WALKING TOUR MANHATTAN  Central Park, 5th Avenue, Brooklyn Bridge Park, DUMBO, 7th Avenue, 6th Avenue and 8th Avenue, New York City, Travel, USA, 4K #NewYork #Manhattan #SoHo #5thAvenue #Broadway #UnionSquare   Videography by THE TABLE Copyright ⓒ 2026 THE TABLE, All Rights Reserved.",[],1,04092026
96,S2S86FAUrxU,Universal CityWalk Orlando Night Walkthrough 4K  | Full Tour 2026,27032026,UCfhI7E8Z481eBTZJxlGKjyg,75170,"Experience the vibrant nightlife of Universal CityWalk Orlando in stunning 4K! 🌙✨ Join this full nighttime walkthrough as we explore restaurants, shops, entertainment, and the electric atmosphere right outside Universal Studios Florida. From neon lights to live music and iconic spots, this relaxing walk lets you feel like you’re really there. Perfect for planning your next visit or just enjoying the Universal Orlando vibe from home.  🎥 Filmed in ultra-smooth 4K for the best immersive experience.  📍 Location: Universal CityWalk, Orlando, Florida  #WDWZOOM4K #UniversalCityWalk #CityWalkOrlando #UniversalOrlando #OrlandoNightWalk #ThemeParkWalkthrough #4KWalkthrough #NightWalk #UniversalStudios #FloridaWalkthrough #Travel4K #RelaxingWalk #CityWalkNight #universalstudiosflorida #universalcity #islandofadventure",[],1,04092026
97,NR_QDrxnVkY,PASSEIO GRATUITO NA UNIVERSAL: LUGAR SECRETO QUE NINGUÉM CONHECE!,08022026,UCXzMeWaEXzwbIc4NsR2rZng,18116,"PASSEIO GRATUITO NA UNIVERSAL – O LUGAR QUE NINGUÉM TE CONTA!  Você sabia que dá pra fazer um passeio incrível dentro da Universal sem pagar nada? Nesse vídeo eu mostro um roteiro completo começando pelo CityWalk, explorando lojas, restaurantes e uma experiência que muita gente nem imagina que existe.  O passeio começa pegando o barquinho gratuito que leva até um dos hotéis mais lindos do complexo, inspirado na charmosa vila italiana de Portofino. É perfeito pra caminhar, tirar fotos e jantar!  Nesse vídeo você vai ver: - Tour completo pelo CityWalk - Lojinhas e ambiente noturno - Onde comer barato (dica do Panda Express) - O maior Hard Rock do mundo - Passeio de barco gratuito - Caminhada pelo hotel estilo vila italiana - Restaurantes, café, gelateria e arcade - Menu e preços do restaurante Mama Della’s  💡 Esse é um passeio ideal para dia de descanso dos parques, passeio noturno, se quer economizar ou viver a experiência diferente na Universal, e sem ingresso.  Se você quer descobrir o que fazer de graça na Universal, salvar dinheiro e ainda curtir um dos cenários mais bonitos de Orlando, esse vídeo é obrigatório no seu roteiro!  -  💸 Descontos e parceiros da viagem: 👉 https://orlandodiferente.com.br/cupons/  ✅ Dólar barato: NOMAD ✅ Ingressos e seguro: VMZ ✅ Casa de férias: OD HOMES ✅ Chip internacional: OD CHIP ✅ Médico 24h: OD HEALTH ✅ Aluguel de carro: RENTCARS  🔗 Links úteis: Instagram: @‌orlandodiferente TikTok: @‌orlandodiferente Blog:   👍 Curtiu? Deixa o like 📺 Inscreva-se no canal 🔔 Ative as notificações  📧 Parcerias: contato@orlandodiferente.com.br",[],1,04092026
98,AtC28rAwOcc,Everything You Can Do In Universal CityWalk,21122025,UCfzP_CiebRdveD9rRZv5Ndw,75161,"Welcome to Universal CityWalk Orlando — the place where your Universal day begins, ends, and somehow turns into its own full‑blown adventure. In today’s video, we’re diving into EVERYTHING CityWalk has to offer: the food, the shopping, the hidden gems, the nightlife, and all the chaotic fun in between.  -=-=-=-=-=-=-=-=-=-=-=-=-=-=-=-=- Shop Our Merch! https://shop.allears.net/09c6c494  Sign up for our newsletter: https://allears.net/newsletter-youtube-b252445a  Want a look at some behind-the-scenes BLOOPERS?! Click HERE: https://allears.net/aebloopers  Shop our outfits HERE: https://allears.net/outfit  Did you enjoy this video?  If so, please Like, Favorite, and/or Share the video with others!  We'd love to hear your comments.  Don't miss a video - Subscribe to our YouTube Channel:  http://youtube.com/allearsnet  Sign up for our newsletter AND get a FREE checklist to help you pack for your next Disney trip: https://allearstoday.com/allears-16-things-everyone-forgets-to-bring-to-walt-disney-world/  ♥ TIK TOK   https://www.tiktok.com/allearsnet ♥ TWITTER    https://twitter.com/allearsnet ♥ PINTEREST  http://pinterest.com/allearsnet/ ♥ FACEBOOK  https://www.facebook.com/AllEars.net ♥ INSTAGRAM  http://instagram.com/allearsnet   For complete planning and vacation information on Walt Disney World, Disneyland and Disney Cruise Line visit us at:  http://allears.net",[],1,04092026
99,zqvhxCvDVag,Walking Tour of CityWalk at Universal Studios Florida! 2026!,07052026,UCXu2Wevfo29LUJzeJV1gzZQ,3610,"Universal Studios Orlando CityWalk is such a fun place to hangout, shop and dine! They have updated some stores which is nice to have new options! This shopping district has plenty for everyone to enjoy! Thank you so much for watching :)  Here is my PO box address! Brittany LaRee  PO Box 784929 Winter Garden FL 34778   Save money on your Disney stays with my DVC Rental Store Ambassador Link: https://www.dvcrentalstore.com/?utm_source=partner&utm_campaign=brittlaree  Save money on theme park tickets using my Unlocked Magic Ambassador link: https://www.unlockedmagic.com/?utm_source=partner&utm_campaign=brittlaree  Find me on Instagram and TikTok @brittlaree  #universalstudioscitywalk #citywalk #universalorlando #universalstudios #universalstudiosflorida #shoppingdistrict #shoppingtime #shopping #themepark #shoppingtips",[],1,04092026
100,DW-53_4ngdA,7 Things You Must Do in Universal Citywalk Orlando | Guide to CityWalk,14082022,UC2LkzOeb8JjxjwV-sMeRlng,28761,"7 Must Do's at Universal CityWalk at Universal Studios Orlando! Citywalk is a great part of Universal Orlando. It is the hub for shopping, dining, bars, and entertainment all without having a Universal park ticket! If you have an extra day at Universal, if you have time before the airport or you just want some great options and a break from Universal Studios or Islands of Adventure then you should check out CityWalk! Here are the top 7 things to do in CityWalk!   FOLLOW KRYSTAL PALACE  + YouTube: https://www.youtube.com/channel/UC2LkzOeb8JjxjwV-sMeRlng?sub_confirmation=1 + Instagram: @thekrystalpalace_  + Facebook: https://www.facebook.com/thekrystalpalace + Twitter: https://twitter.com/krystalpalace_ + Website: www.thekrystalpalace.com   JOIN CHANNEL MEMBERSHIP https://www.youtube.com/channel/UC2LkzOeb8JjxjwV-sMeRlng/join   Thank you for all the support, if you would like to support further, consider the links below!  Leave a tip to help continue the magic: https://ko-fi.com/thekrystalpalace Amazon favorites: https://www.amazon.com/shop/thekrystalpalace_  MERCH  https://the-krystal-palace.myspreadshop.com/  RELATED VIDEOS  Bigfire: https://youtu.be/VvM8wXTksMI?si=DjpQbm-702Ra92b7 NBC Grill: https://youtu.be/Fmci6iwqh7Y  Margaritaville: https://youtu.be/csh3GxE04ZI Antojitos: https://youtu.be/EVZD_iS4Vgc Voodoo Doughnut: https://youtu.be/GNi2XEy3kj8 Toothsome: https://youtu.be/MX_bZ_cteVQ  SAVE ON UNIVERSAL TICKETS  We have partnered with The Park Prodigy to give all first-time customers an additional $10 off their entire ticket or package order, simply use promo code ‘TheKrystalPalace10’   You can purchase your Universal Orlando theme park tickets here:  https://theparkprodigy.com/discount-universal-orlando-vacation-packages/?ref=5   A B O U T  On The Krystal Palace, we have fun no matter where we are. Your adventure is just a click away. Whether it’s reliving memories at theme parks around the US, visiting a city you are thinking of visiting, cheering in the stands at a sporting event, delivering a hotel or food review, The Krystal Palace brings that experience to you! It is all created with a smile and a passion to bring the excitement of adventure to you.  We love to visit the Walt Disney World Resort including Magic Kingdom, Hollywood Studios, Epcot, Animal Kingdom, and Disney Springs. We also love Universal Studios Orlando and visiting Islands of Adventure, Universal Studios, and are very excited for the upcoming Universal Epic Universe!   - - - - - - - - - - - - - - - - T I M E C O D E S 0:30 Enjoy the Views  01:09 Shop till you drop!  03:09 Eat, eat, eat!  04:59 Dessert  06:09 Universal Cinemark  06:41: Hollywood Drive-in Mini Golf 06:55: Cheers, drink up!   #universalorlando #universalcitywalk #universalstudios",[],1,04092026
101,Dc6zBy4f1ng,Universal Orlando CityWalk Updates! Changes Coming Very Soon!,14042026,UCCozyIXdIruY0_VZ5EB4fAQ,1728,"Here's the latest on **Universal Orlando CityWalk** (as of mid-April 2026):  ### Key Recent & Upcoming Changes - **Epic Universe Preview Center** closed permanently on **April 13, 2026**. - **Universal Legacy Store** returns in **late April 2026** to its original space. It will feature exclusive retro merchandise and photo ops inspired by classics like *E.T.*, *Jaws*, *Back to the Future*, and Universal Monsters. - **Burger King Whopper Bar** closes **April 21, 2026**. It will be replaced by a **Five Guys** location opening **summer 2026** (fresh burgers & fries upgrade for many guests). - **Luke Combs’ Category 10** entertainment venue (live music, food, drinks) is scheduled for a new waterfront spot in **2027**.  These updates blend nostalgia with fresh dining/entertainment options post-Epic Universe opening.  ### Current Vibe CityWalk remains the lively hub for dining (Toothsome Chocolate Emporium, Cowfish Sushi Burger Bar, Bigfire, Antojitos, etc.), shopping, clubs, Hollywood Drive-In Golf, Universal Cinemark, and more. It's open daily ~8 AM–midnight (varies; check official site). No major operational disruptions noted beyond the listed closures.  Perfect spot to grab a bite or unwind before/after the parks. Changes reflect Universal's ongoing refresh!  Check out our other channel: @MedlingWorldTryingThings  Please feel free to contact us! Mailing address: Medling World PO Box 471181  Kissimmee, FL 34747  Email: medlingworld@gmail.com  Where To Find: DJI Mic Mini (2 TX + 1 RX + Charging Case): https://amzn.to/4aG7pxJ DJI Osmo Pocket 3 Creator Combo: https://amzn.to/4lBQ795 DJI Osmo Pocket 3: https://amzn.to/3GoonFO Sony Noise Canceling Headphone: https://amzn.to/40LSqi6 Door Magnet: https://amzn.to/3WwamuL Travel Laundry Bags: https://amzn.to/4ghYB1U Travel Backpack: https://amzn.to/3Ej7c74 Waterproof Phone Pouch: https://amzn.to/4h7wFyV Disclosure: As an Amazon Associate I earn from qualifying purchases made from the links above.  If you would like to support our channel (It's very appreciated!!!) check down below: If you like to buy us a coffee https://www.buymeacoffee.com/medlingworld Cash App: https://cash.app/$MedlingWorld  Follow us on our Social Media! TikTok: https://www.tiktok.com/@medlingworld Instagram: https://www.instagram.com/medlingworld/  Medling World (Matthew, Roberta & Jake) bring you Vlogs of all your favorite theme parks and travel destinations! We give you great tips and information along with lots of fun and adventures! Thank You for your support!",[],1,04092026
102,Ccir7gfet_E,Winner Picks Dinner | Universal CityWalk At Universal Orlando,23112022,UCXGQTkyIfrJJ7ZT1A9MuJ0A,153236,We’re back at it with another Winner Picks Dinner! This time Molly and Alan are headed to Universal’s Citywalk to duke it out over a 5 course meal. Winner decides where to head next and what to eat so the stakes are high! Follow along for the fun and food reviews!  Come join the club!  Instagram: https://www.instagram.com/mammoth_club/ Patreon: https://www.patreon.com/mammothclub Twitch: twitch.tv/mrduckfist Discord: https://discord.gg/fkjs5GJpRN TikTok: www.tiktok.com/@mammothclub  Affiliate Links: Shop Molly's Looks: https://www.shopltk.com/explore/MollyMcAwesome Molly's Amazon Storefront: https://www.amazon.com/shop/molly_mcawesome_  Thanks for liking and subscribing - we can't wait to bring you more fun! Make sure you ring that notification bell so you never miss a video!,[],1,04092026
103,c3zOIgOdWTg,Winner Picks Dinner: Universal CityWalk REMATCH | Universal Orlando Resort,27102024,UCXGQTkyIfrJJ7ZT1A9MuJ0A,86812,We’re back again with another Winner Picks Dinner! This time Molly and Alan are headed to Universal CityWalk to rematch over a 5 course meal.  Winner decides where to head next and what to eat so the stakes are high! The twist this time: they can't eat their courses at the same places they did last time!  Come join the club! Instagram: https://www.instagram.com/mammoth_club/ Patreon: https://www.patreon.com/mammothclub Twitch: twitch.tv/mrduckfist Stream Videos: https://www.youtube.com/@MammothClubStreams/about Discord: https://discord.gg/fkjs5GJpRN TikTok: www.tiktok.com/@mammothclub  Affiliate Links: Shop Molly's Looks: https://www.shopltk.com/explore/MollyMcAwesome Molly's Amazon Storefront: https://www.amazon.com/shop/molly_mcawesome_  Thanks for liking and subscribing - we can't wait to bring you more fun! Make sure you ring that notification bell so you never miss a video!,[],1,04092026
104,sW8oAoeN4TU,Universal CityWalk Orlando 4K Walkthrough Tour | No Talking,27022026,UC31LMyEJsArviJlhmmLVafA,1839,"Take a full 4K walkthrough tour of Universal CityWalk Orlando at Universal Orlando Resort in this immersive no talking POV walking tour.  This Universal CityWalk Orlando 4K walkthrough captures the sights and sounds of the waterfront, entertainment venues, restaurants, shops, and nightlife atmosphere in stunning Ultra HD. Experience CityWalk with natural ambient audio and real-time park sounds — no commentary, just a true-to-life environment.  This video is ideal for: • Universal Orlando trip planning • Universal CityWalk tour research • 4K theme park walkthrough fans • No talking walking tour viewers • Orlando travel and vacation planning  If you’re searching for a Universal CityWalk Orlando walkthrough, a Universal Orlando 4K tour, or a no talking theme park walk, this video delivers a clear, steady, immersive experience filmed in high resolution.  Subscribe for more Universal Orlando walkthroughs, CityWalk tours, and relaxing 4K park experiences.    Welcome to 4K UNIVERSAL TV! 🎥✨  Step inside Universal Studios Florida, Islands of Adventure, and Universal’s CityWalk with stunning 4K HDR Dolby Vision walkthroughs. As a local Universal Orlando Annual Passholder (AP), I capture every detail of the parks in ultra-realistic quality—so you can explore the rides, attractions, and atmosphere from home. Let me be your Universal Orlando virtual tour/guide.   Whether you’re planning your Universal Orlando vacation or just want to feel like you’re walking through the parks, this channel gives you no commentary, immersive park tours with Dolby Vision and sometimes Dolby Audio / Spatial Audio for incredible sound.  🔹 Experience 4K HDR Dolby Vision color and detail (with select videos in 6K) 🔹 Enjoy the sights & sounds of Universal Studios Orlando and Islands of Adventure and EPIC Universe 🔹 Perfect for trip planning, relaxing background ambiance, or theme park fans worldwide  Why Watch 4K UNIVERSAL TV? ✅ The most immersive Universal Orlando park walkthroughs ✅ High-quality 4K HDR visuals for the ultimate viewing experience ✅ Dolby Vision & Spatial Audio for theater-like sound and color ✅ Evergreen content: timeless park explorations you can revisit anytime  📌 Support the Channel: 👍 Like the videos 👉 Subscribe for more Universal Orlando walkthroughs 👀 Watch and share with other theme park fans  👋 Love Disney too? Don’t miss my sister channel: 4K DISNEY TV  © 2024-2025 4K UNIVERSAL TV – All Rights Reserved",[],1,04092026
105,buUeuawHsO4,I Only Ate Universal CityWalk Food For 5 Days ($500 CHALLENGE),08032025,UCBLbx0zwDcFoKV9pdyOTuLw,281285,"I went to Universal Orlando to eat at CityWalk for 5 days, from Monday to Friday! I've done food reviews at Universal Studios and Islands of Adventure but never at Universal CityWalk so it's definitely time! this is the city walk in Orlando Florida. I went to 10 different restaurants including The Toothsome Chocolate Emporium! also welcome to my channel Timmy's takeout! this is where I make food reviews and challenges! also travel vlogs! which other theme parks should I review?  0:00 CityWalk Intro 2:46 Margaritaville Restaurant 14:48 Antojitos Authentic Mexican Food 24:49 Hot Dog Hall of Fame 32:22 Bigfire Restaurant 41:34 Bread Box Handcrafted Sandwiches 49:23 The Toothsome Chocolate Emporium 59:28 Bubba Gump Shrimp 1:05:44 VIVO Italian Kitchen 1:13:23 Bend The Bao 1:18:58 The Cowfish 1:27:41 Bye Universal CityWalk","[{'title': 'CityWalk Intro', 'timestamp': '0:00:00'}, {'title': 'Margaritaville Restaurant', 'timestamp': '0:02:46'}, {'title': 'Antojitos Authentic Mexican Food', 'timestamp': '0:14:48'}, {'title': 'Hot Dog Hall of Fame', 'timestamp': '0:24:49'}, {'title': 'Bigfire Restaurant', 'timestamp': '0:32:22'}, {'title': 'Bread Box Handcrafted Sandwiches', 'timestamp': '0:41:34'}, {'title': 'The Toothsome Chocolate Emporium', 'timestamp': '0:49:23'}, {'title': 'Bubba Gump Shrimp', 'timestamp': '0:59:28'}, {'title': 'VIVO Italian Kitchen', 'timestamp': '1:05:44'}, {'title': 'Bend The Bao', 'timestamp': '1:13:23'}, {'title': 'The Cowfish', 'timestamp': '1:18:58'}, {'title': 'Bye Universal CityWalk', 'timestamp': '1:27:41'}]",1,04092026
106,W46hZsPmGrQ,Shopping at City Walk at Universal Studios Orlando!,23032026,UCXu2Wevfo29LUJzeJV1gzZQ,3137,Shopping at Universal Studios Orlando CityWalk is always such a great time. This trip out we had a bunch of fun new things released. There is truly something for everyone at CityWalk and I loved the new Epic Universe shirts. Its such a fun place to find all of your Universal Studios merchandise all at one time. Thank you so much for watching :)  Here is my PO box address! Brittany LaRee  PO Box 784929 Winter Garden FL 34778   Find me on Instagram and TikTok @brittlaree  #universalstudiosflorida #universalstudios #universalorlando #citywalk #shopping #shoppingdistrict #shoppingvlog #shoppinghaul #epicuniverse #epicuniverseorlando #shoppingtime,[],1,04092026
107,1OjBZ6Fvl_g,ORLANDO 2025 | CityWalk: O Que Fazer Antes ou Depois dos Parques?,25062025,UCPsVBFNW4P_bOPHnobpF_lg,1695,"RESERVE O SEU PASSEIO 👇🏼 https://lp.lucascarvalhoturismo.com.br/lc-youtube  O CityWalk da Universal é muito mais do que uma área de passagem — e neste vídeo a gente te mostra por quê. Se você vai aos parques da Universal Studios, precisa conhecer o que esse lugar tem a oferecer antes ou depois da sua aventura.  Restaurantes icônicos, lojas incríveis, baladas, shows, bares temáticos, cinema e até tatuagem — o CityWalk é praticamente um parque à parte! E o melhor: não precisa de ingresso para curtir esse rolê noturno.  Mostramos como aproveitar bem esse espaço, dicas do que visitar, o que comer e como encaixar o CityWalk no seu roteiro em Orlando.  ✅ E que tal planejar sua viagem com quem já conhece cada detalhe dos parques e atrações? Fale com nosso time de especialistas: https://lp.lucascarvalhoturismo.com.br/lc-youtube  💸 Economize na sua viagem com a LC Turismo: Crie sua conta digital NOMAD e ganhe até 20 Dólares de Cashback 👇🏼 https://lp.lucascarvalhoturismo.com.br/nomad  Seguro Viagem com Descontos Exclusivos LC 👇🏼 https://lp.lucascarvalhoturismo.com.br/seguro-viagem  Chip Digital com Internet em mais de 100 Países 👇🏼 https://lp.lucascarvalhoturismo.com.br/chip-digital  👇🏼 Acompanhe nosso conteúdo em outras redes: 🟣 Instagram https://www.instagram.com/lucascarvalhochile/ https://www.instagram.com/agencialcestadosunidos/  🔵 Blog https://bloglcturismo.com.br/  Não se esqueça de se inscrever no canal, deixar seu like e ativar o sininho — tem muito conteúdo vindo aí direto de Orlando!",[],1,04092026
108,zYTJFYjTJK8,"Universal CityWalk Orlando | Full Walkthrough 2025 | Nightlife, Restaurants & Ambience",20102025,UCWQyVO_lIcqaGwvWpiRvDcQ,4685,"Explore Universal CityWalk Orlando in this full 2025 walkthrough. Experience the real atmosphere of Orlando’s iconic entertainment district – surrounded by music, restaurants, shops, and nightlife energy.    No talking, no music – just real ambient sounds and pure CityWalk vibes. Feel what it’s like to stroll through one of the most vibrant spots near Universal Studios Florida.    Perfect for travelers planning a trip to Orlando, or anyone who enjoys realistic ambience and relaxing night walks.    📍 Location: Universal CityWalk, Orlando, Florida   🎧 Audio: Real ambient sound – no commentary, no background music    ✨ Subscribe for more relaxing Orlando walkthroughs and travel ambience videos!",[],1,04092026
109,lnZ5xmj1NLA,The Ten BEST Universal Orlando Citywalk Tips and Tricks,11122025,UCf-HEw9RbtOLbEqhSwnJxSw,25374,"This video shares essential Universal Orlando tips and tricks for exploring citywalk at universal studios orlando. Discover the best dining and entertainment, including Universal Orlando food options, and decide if it's worth your time. Learn the ten best tips for Universal Orlando Citywalk!   🏨Request Your Vacation Package Quote: https://theparkprodigy.com/discount-universal-vacation-package-quote/  💰Receive early park admission with all multi-day Universal Orlando Tickets : https://theparkprodigy.com/tickets/discount-universal-studios-orlando/  💰Save Up to 30% on Universal Orlando vacation package: https://theparkprodigy.com/discount-universal-orlando-vacation-packages/  Plan the perfect Universal day with our park plan tool:  https://theparkprodigy.com/orlando-daily-park-plans/  #universalorlando #universalorlandoresort #universalorlandocitywalk #Citywalk",[],1,04092026
110,Om95VWWQq90,Tour no CityWalk Universal em Orlando + Jantar no Antojitos,17072026,UCwmXvnlhxBGTg_H5NyBhn_A,3366,"Vamos fazer um Tour no CityWalk da Universal em Orlando, passear pelo complexo, lojas e também jantar no restaurante mexicano Antojitos.  🏠 REGAL OAKS Resort Kissimmee reserve em: https://www.regaloaksorlando.com/ 🏷 Cupom de 30% OFF: DICASDEVIAGENS  🔻🔻 Dicas importantes para sua viagem 🔻🔻   📦 O que já compramos na Amazon durante nossas Viagens: https://amzlink.to/az0z3A2kKAz82  ➡️ Baixe a Planilha de Orlando aqui: https://www.dicasdeviagensecia.com.br/planilhaorlando  ✅ Ingressos em Orlando Disney e Universal: https://www.tioorlando.com.br/ Cupom de desconto: DICASDEVIAGENS  ✅ CHIP INTERNACIONAL para já chegar conectado: https://www.dicasdeviagensecia.com.br/chipinternet Cupom de desconto: DICASDEVIAGENS  🎁 Ganhe a primeira transferência Gratuita no WISE = https://www.dicasdeviagensecia.com.br/convitewise  🏥 Seguro Viagem com Desconto: http://www.dicasdeviagensecia.com.br/seguroviagem Digite o  CUPOM DE DESCONTO na tela de pagamento: DICASDEVIAGENS5  ✈️ Nosso Grupo de Promoções e Novidades = https://dicasdeviagensecia.com.br/grupowhats ⭐ Nosso Grupo com Promoções para toda a família = https://www.dicasdeviagensecia.com.br/grupoecupomize  Nos siga em: 🧑🏻‍💻 @emanuelbalduino 👩🏼‍💻 @joicerodzinski  Link do vídeo: https://youtu.be/Om95VWWQq90  🍀 Aplicativo Ibotta código para já começar ganhando dólares: yiyajcr 🍀 Aplicativo Fetch código para ganhar pontos no cadastro: 1GBVK7 🍀 Código de indicação Cinnabon = EMAINOB9617  🔐 NordVPN = https://www.dicasdeviagensecia.com.br/nordvpn 📽 Câmera que usamos = https://amzlink.to/az0S0vnDIJpKk ⚖️ Balança de Bagagem: https://amzlink.to/az0EnSCvkGzFh 🔌 Adaptador Universal = https://amzlink.to/az09LVVotjAXs 💡 Saco a Vácuo = https://amzlink.to/az0lqWHrVvtZk ✈️ Mala de Bordo = https://amzlink.to/az0I4LXNZuFlf 🔒 Cadeado TSA = https://amzlink.to/az028vFYbjvd5 📲 Carregador Portátil = https://amzlink.to/az05W3flLujKr 🧴 Frascos para Viagem = https://amzlink.to/az0CX82DXLYYi 🧲  Almofada de pescoço = https://amzlink.to/az0TvJsxygJMO 💵 Doleira = https://amzlink.to/az0NkrlUiwuub",[],1,04092026
111,R0nwipjtJxY,"[4K] 🇺🇸Universal CityWalk Orlando 2025 Walking | Hard Rock Cafe, Chocolate Factory & Water Taxi Ride",25052025,UCcUsvje4nHgyjaWATaTeeCg,14997,"Explore Universal Orlando’s CityWalk in this full walking tour! Located just outside Universal Studios Florida and Islands of Adventure, CityWalk is packed with amazing restaurants, shops, and nightlife. This video is perfect if you're planning a trip or just curious what CityWalk looks like in 2025. No park admission required — just walk, explore, and enjoy!  Next video: Universal Studios Theme Park!  Thank you for watching and your support!  Gear used in this video: Camera: iPhone 16 Pro Max Gimbal: DJI OM5  #CityWalk #UniversalOrlando #WalkingTour #Orlando2025 #UniversalCityWalk #hardrockcafe",[],1,04092026
112,m1dKS0EpWW4,Shopping at Universal Studios City Walk Orlando!,07072026,UCXu2Wevfo29LUJzeJV1gzZQ,3506,Shopping at Citywalk is always a great time and they have so much merch! The stores are also very beautiful and of course air-conditioned which is so nice in the Florida heat. Citywalk has so much to offer for food and shopping! Thank you so much for watching! :)  Here is my PO box address! Brittany LaRee  PO Box 784929 Winter Garden FL 34778   Save money on your Disney stays with my DVC Rental Store Ambassador Link: https://www.dvcrentalstore.com/?utm_source=partner&utm_campaign=brittlaree  Save money on theme park tickets using my Unlocked Magic Ambassador link: https://www.unlockedmagic.com/?utm_source=partner&utm_campaign=brittlaree  Find me on Instagram and TikTok @brittlaree  #citywalk #shopping #shoppingtime #universalstudios #universalorlando #universalstudiosflorida #epicuniverse #epicuniverseorlando #shoppingvideo #harrypotter #harrypottermerchandise #harrypottermerch,[],1,04092026
113,IkX5Zb8-QHE,UNIVERSAL CITYWALK EM ORLANDO - O TOUR QUE NINGUÉM FAZ!,10092025,UC2gTLJy3ji_ZyTrGeEkxgNA,7004,"Seja bem-vindo ao meu canal! Meu nome é Victor e compartilho aqui minhas experiências ao conhecer lugares, nas viagens mundo afora.  Seguindo nosso rolê pela cidade de Orlando, nos Estados Unidos, decidimos fazer um tour que ninguém faz e explorar cada canto do Universal Citywalk, que é o complexo de resorts, parques e entretenimento da Universal.  Esse é um lugar que vale a pena conhecer e aproveitar suas atrações!  Depois de conhecer o Citywalk, que tal continuar acompanhando o meu rolê pelo mundo? Assista aos outros vídeos do canal, e fique ligado no próximo vídeo... Te espero lá! Valeeeu! ✌️✈️   00:00 - Entrada no Citywalk 04:43 - Loja Universal 06:29 - Geral Citywalk e cinema 11:05 - Passeio de barco (Portofino Bay) 17:57 - Universal Studios e Hard Rock Café 21:01 - Fábrica de chocolate e Islands of Adventure 24:39 - Restaurantes e Citywalk a noite   🟢💲 Crie sua conta global Wise: https://wise.com/invite/ihpc/victorr3427 (Taxa zero na conversão de até R$3.500 na primeira remessa)  🟡🚘 Locação de carro no mundo todo: https://www.rentcars.com/pt-br/?requestorid=9900&utm_source=www.youtube.com%2F%40VictorLopes13&utm_medium=afiliado-link%22%20target=  / / / / / / / / / / / / / / / / / / / / / / / / /  Para acompanhar as novidades, inscreva-se no canal e ajude a crescer nossa comunidade! 🤝  Instagram: @victorlopes13 (https://www.instagram.com/victorlopes13/) Tiktok: @victorlopes13_ (https://www.tiktok.com/@victorlopes13_)  #orlando #estadosunidos #eua #usa #vlog #viagem #florida #compras #preços #disney #universal #dicas #citywalk #islandsofadventure #universalstudios","[{'title': 'Entrada no Citywalk', 'timestamp': '0:00:00'}, {'title': 'Loja Universal', 'timestamp': '0:04:43'}, {'title': 'Geral Citywalk e cinema', 'timestamp': '0:06:29'}, {'title': 'Passeio de barco (Portofino Bay)', 'timestamp': '0:11:05'}, {'title': 'Universal Studios e Hard Rock Café', 'timestamp': '0:17:57'}, {'title': 'Fábrica de chocolate e Islands of Adventure', 'timestamp': '0:21:01'}, {'title': 'Restaurantes e Citywalk a noite', 'timestamp': '0:24:39'}]",1,04092026
114,6I3j964vWyU,Universal CityWalk vs Disney Springs: Which One Is Actually Better?,13032026,UC_xvk4Atsuhb4-jPVau99tw,539,"We visited both Universal CityWalk and Disney Springs to find out which Orlando entertainment district is actually worth your time — and one came out the clear winner.  In this video, we cover:  🎠 Universal's CityWalk Dessert Foundry | VooDoo Donuts | Bubba Gump's | Hard Rock Café | Cowfish 🔗 Plan your visit: universalorlando.com  🏰 Disney Springs Gideon's Bakehouse | The Disney Store | EET | Morimoto | Ghirardelli | Saratoga Springs & Disney Vacation Club 🔗 Plan your visit: disneysprings.com  📌 Helpful Links 🔗 Universal Orlando: universalorlando.com 🔗 Disney Springs: disneysprings.com  Here are the links to our recent videos:  Disney/Universal Series playlist: https://www.youtube.com/playlist?list=PLd3lNkIk3suT5IjT9soaH_duZb1mvDjcG  Universal Islands of Adventure: https://youtu.be/X9rg8gw92Fg  Don't Buy This at Universal:  https://youtu.be/VX57O8L2PfQ  We Own a Disney Timeshare But Chose Universal:  https://youtu.be/-izmOXN8Ki4    About Vintage Travelers  Welcome to Vintage Travelers - honest travel guides for seasoned explorers! 🌍  We're a couple with 20+ years of travel experience sharing everything you need to know before you go. From European cruise port guides to theme parks around the world - we give you the real story, not the highlight reel. As longtime Disney Vacation Club members with decades of theme park experience across the US and abroad, we bring an insider perspective to travel that seasoned explorers can trust.  What you'll find here: 🚢 Cruise port guides and cruise ship reviews 🎢 Theme parks - US and international parks, honest reviews and insider tips ✈️ Travel tips for mature and seasoned travelers & families 🌍 Worldwide destination guides for the experienced traveler  New videos every week - Subscribe so you never miss a guide!  #VintageTravelers #CruisePortGuides #ThemeParkTravel #SeasonedTraveler  #CruiseTravel #DisneyVacationClub #ThemeParks #cruise#UniversalOrlando #DisneySprings #OrlandoTravel #CityWalk #UniversalCityWalk #DisneyVacation #OrlandoGuide #ThemeParks #DisneyVacationClub #DVC #VooDooDonut #GideonsBakehouse #HardRockCafe #Cowfish #Morimoto #OrlandoAttractions #FamilyTravel #FloridaTravel #VintageTravelers #TravelOver50",[],1,04092026
115,XDbSm3WJP8Q,City Walk Dubai: The Latest Update You Need to See!,05122025,UCH_gmuiz-gAXQzs0SaV5xgA,9583,"We went back to City Walk to check out all the latest updates, and honestly, a lot has changed! 👀  From new cafés and restaurants to upgraded streets and fresh developments, this area just keeps evolving. City Walk is becoming more walkable, greener, and more community-focused.  In this video, we’ll take you around City Walk and show you what’s new, what’s coming, and whether we think it’s becoming one of the top areas to live in Dubai.  Would you consider living in City Walk? Let us know in the comments! 🤍  00:00 Intro 00:26 Central Park 3:31 City Walk Shopping Area 5:40 Prices  📞 Contact: Mail: info@malinandjakob.com WhatsApp: +971 58 880 9827 Instagram: @malinandjakob  Our own investment journey: https://www.youtube.com/watch?v=SHdpxgWCXrc&t=19s https://www.youtube.com/watch?v=pojx72XYR8g&t=391s  Subscribe to our channel: https://www.youtube.com/@MalinandJakob?sub_confirmation=1","[{'title': 'Intro', 'timestamp': '0:00:00'}, {'title': 'Central Park', 'timestamp': '0:00:26'}, {'title': 'City Walk Shopping Area', 'timestamp': '0:03:31'}, {'title': 'Prices', 'timestamp': '0:05:40'}]",1,04092026
116,aRXtzEriaCg,Dubai City Walk 🇦🇪 Dubai City Vibrant Tourist Destination! [ 4K ] Walking Tour,25022026,UCKxA2_w857nlShz5qDi1p9w,8101,"City Walk Dubai is a vibrant and modern urban development that seamlessly combines the best of retail, dining, entertainment, and residential offerings. Nestled in the heart of Dubai, this pedestrian-friendly destination boasts a stylish and contemporary design, creating a welcoming atmosphere for visitors and residents alike. The expansive outdoor space features tree-lined avenues, modern architecture, and open-air plazas, providing a refreshing contrast to the bustling city surroundings. With a diverse array of high-end boutiques, international restaurants, and trendy cafes, City Walk caters to discerning tastes and offers a unique shopping and dining experience. Beyond retail therapy and culinary delights, the destination hosts various cultural events, live performances, and art installations, enhancing its status as a cultural hub. Moreover, the residential component adds a touch of luxury living to the mix, allowing residents to immerse themselves in the vibrant energy of this cosmopolitan space. City Walk Dubai stands as a testament to the city's commitment to innovation, lifestyle, and creating dynamic urban spaces that cater to the diverse needs of its residents and visitors.  I hope you enjoy this walking tour🌺  Best Walking Tours: https://youtube.com/playlist?list=PLz_MLNr0kUqvaJz-H52tfGNKg0GXDM3bK  Dubai Mall 🇦🇪 World’s Largest Luxury Shopping Destination! [ 4K ] Walking Tour https://youtu.be/NmLWyYfdV0c  Dubai Gold Souk 🇦🇪 World’s Biggest Gold Market Only in Deira Dubai! [ 4K ] Walking Tour https://youtu.be/Ff2xOKDQIQU  Dubai Marina 🇦🇪 Most Popular Tourist Destination! Amazing Sunset Walk [ 4K ] Walking Tour https://youtu.be/EH1QLdEdLEQ  The Land of Legends 2025 Antalya Turkey 🇹🇷 Magical Night Show! [ 4K ] Walking Tour https://youtu.be/XT4QN5moHXs  Dubai MANSORY Supercar Showroom 🇦🇪 Most Expensive Limited Edition Supercars [ 4K ] https://youtu.be/C0OOM5SNiSc ____________________________________________ #dubai  #citywalk  #citywalkdubai    #dubaicity  #walkingtour  #luxury  #viral",[],1,04092026
117,5Pg0YViDr-s,Dubai City Walk 🇦🇪 Best of Dubai City Walk Night Life! [ 4K ] Walking Tour,01102025,UCKxA2_w857nlShz5qDi1p9w,5378,"City Walk Dubai is a vibrant and modern urban development that seamlessly combines the best of retail, dining, entertainment, and residential offerings. Nestled in the heart of Dubai, this pedestrian-friendly destination boasts a stylish and contemporary design, creating a welcoming atmosphere for visitors and residents alike. The expansive outdoor space features tree-lined avenues, modern architecture, and open-air plazas, providing a refreshing contrast to the bustling city surroundings. With a diverse array of high-end boutiques, international restaurants, and trendy cafes, City Walk caters to discerning tastes and offers a unique shopping and dining experience. Beyond retail therapy and culinary delights, the destination hosts various cultural events, live performances, and art installations, enhancing its status as a cultural hub. Moreover, the residential component adds a touch of luxury living to the mix, allowing residents to immerse themselves in the vibrant energy of this cosmopolitan space. City Walk Dubai stands as a testament to the city's commitment to innovation, lifestyle, and creating dynamic urban spaces that cater to the diverse needs of its residents and visitors.  I hope you enjoy this walking tour🌺  Best Walking Tours: https://youtube.com/playlist?list=PLz_MLNr0kUqvaJz-H52tfGNKg0GXDM3bK  Dubai Marina 🇦🇪 The Most Popular Tourist Destination! [ 4K ] Walking Tour https://youtu.be/i_Bl-qJ9Eks  Dubai Mall 🇦🇪 World’s Largest Mall, Luxurious Shopping Destination [ 4K ] Walking Tour https://youtu.be/gs9IdikHnFA  The Land of Legends 2023 Antalya Turkey 🇹🇷 [ 4K ] Walking Tour https://youtu.be/wN3f_ITpRWA  Dubai Gold Souk 🇦🇪 World’s Biggest Gold Market Only in Deira Dubai! [ 4K ] Walking Tour https://youtu.be/Ff2xOKDQIQU  Dubai MANSORY Supercar Showroom 🇦🇪 Most Expensive Limited Edition Supercars [ 4K ] https://youtu.be/C0OOM5SNiSc ____________________________________________ #citywalk  #dubai   #citywalkdubai  #dubainight  #dubaicity  #walkingtour  #luxury  #viral",[],1,04092026
118,TANYxPQst1U,Dubai City Walk 🇦🇪 Vibrant Night Life [ 4K ] Walking Tour,02082025,UCKxA2_w857nlShz5qDi1p9w,2902,"Dubai City Walk Vibrant Night Life & City Walk Mall Virtual Tour.  City Walk Dubai is a vibrant and modern urban development that seamlessly combines the best of retail, dining, entertainment, and residential offerings. Nestled in the heart of Dubai, this pedestrian-friendly destination boasts a stylish and contemporary design, creating a welcoming atmosphere for visitors and residents alike. The expansive outdoor space features tree-lined avenues, modern architecture, and open-air plazas, providing a refreshing contrast to the bustling city surroundings. With a diverse array of high-end boutiques, international restaurants, and trendy cafes, City Walk caters to discerning tastes and offers a unique shopping and dining experience. Beyond retail therapy and culinary delights, the destination hosts various cultural events, live performances, and art installations, enhancing its status as a cultural hub. Moreover, the residential component adds a touch of luxury living to the mix, allowing residents to immerse themselves in the vibrant energy of this cosmopolitan space. City Walk Dubai stands as a testament to the city's commitment to innovation, lifestyle, and creating dynamic urban spaces that cater to the diverse needs of its residents and visitors.  I hope you enjoy this walking tour🌺  Best Walking Tours: https://youtube.com/playlist?list=PLz_MLNr0kUqvaJz-H52tfGNKg0GXDM3bK  Dubai Marina 🇦🇪 The Most Popular Tourist Destination! [ 4K ] Walking Tour https://youtu.be/i_Bl-qJ9Eks  Dubai Mall 🇦🇪 World’s Largest Mall, Luxurious Shopping Destination [ 4K ] Walking Tour https://youtu.be/gs9IdikHnFA  The Land of Legends 2023 Antalya Turkey 🇹🇷 [ 4K ] Walking Tour https://youtu.be/wN3f_ITpRWA  Dubai Gold Souk 🇦🇪 World’s Biggest Gold Market Only in Deira Dubai! [ 4K ] Walking Tour https://youtu.be/Ff2xOKDQIQU  Dubai MANSORY Supercar Showroom 🇦🇪 Most Expensive Limited Edition Supercars [ 4K ] https://youtu.be/C0OOM5SNiSc ____________________________________________ #citywalk  #dubai   #citywalkdubai  #dubaicity  #luxury  #viral",[],1,04092026
119,3koOEPntvqk,Greenwich Village 4k Morning Walk New York City,22082024,UCeYUKvRrRY9V3DYdZd1Z_eQ,1932585,Greenwich Village 4k Morning Walk New York City  #greenwich  #greenwichvillage  #travel  #virtualwalk   🗽 🚖 🎭  🏀 🏙️  🍎 🚕 🚇 🌆 🍕 🗞️ 🌳 🍔 ______________________________________ 🗽 facebook Group: https://shorturl.at/kFKS8 📲 Instagram : https://shorturl.at/yEKW0 ______________________________________  OTHER VIDEOS YOU MIGHT LIKE 🟢 walking in a snowstorm : https://cutt.ly/vTuMFya walking in the rain : https://youtu.be/p8uRtv_KUL0 heavy rain walk :https://youtu.be/UNA8YyT_fGE walking around times square : https://youtu.be/xPXO9iPKN4M ______________________________________  Support my channel ? 💚 ☕️ 👉🏼 https://cutt.ly/eTu1hSS,[],1,04092026
120,MPZqUeFFdPU,UPDATE! Universal Orlando Resort! CityWalk And Halloween Horror Nights!,07072026,UCCozyIXdIruY0_VZ5EB4fAQ,2333,"**Universal Orlando Resort** is a major theme park destination in Orlando, Florida, featuring four parks: **Universal Studios Florida**, **Islands of Adventure**, the newer **Epic Universe** (opened 2025), and the water park **Volcano Bay**.  ### Parks Overview - **Universal Studios Florida**: Movie-themed with Diagon Alley (Harry Potter), Minion Land, Hollywood themes. Key rides: Harry Potter and the Escape from Gringotts, Transformers, Revenge of the Mummy. - **Islands of Adventure**: Adventure-focused with Hogsmeade (Harry Potter), Marvel Super Hero Island, Jurassic Park, Toon Lagoon. Highlights: Hagrid’s Magical Creatures Motorbike Adventure, The Incredible Hulk Coaster, Jurassic World VelociCoaster. - **Epic Universe**: Newest park with Ministry of Magic (Harry Potter), Isle of Berk (How to Train Your Dragon), Dark Universe, Celestial Park, and Super Nintendo World. Standouts: Stardust Racers, other high-thrill coasters. - **Volcano Bay**: Tropical water park with slides, lazy river, wave pool. Note: Seasonal closures (e.g., after Oct 2026) and cashless.  **Wizarding World of Harry Potter** spans lands in all three dry parks—Park-to-Park access is essential for full experience (Hogwarts Express connects USF & IOA).  ### Tickets & Practical Info (2026) - **Multi-day tickets** recommended: 3+ day Park-to-Park now includes Epic Universe hopping. Deals like ""Buy 3 Get 2 Free"" often available. - **Universal Express** skips lines (Unlimited with some on-site hotels; note exclusions like Hagrid’s after July 2026). - **On-site hotels** (11 options): Early Park Admission (1 hour), free transport (walking, water taxi, buses), some include Express. Tiers from Value to Signature (e.g., Hard Rock). - **CityWalk**: Free entertainment/dining/shopping hub.  ### Tips - Stay on-site for perks. Buy tickets in advance. Use app for mobile ordering, wait times. - Best times: Weekdays, avoid peak holidays. Plan for crowds in new Epic Universe. - 3+ days ideal; prioritize rope drop or Express for thrill rides. - Special events: Mardi Gras, Halloween Horror Nights, Holidays.  **Budget note**: Multi-day trip for family of 4 can be $5k+ including hotel/tickets (varies). Check official site for hours/prices.  Check out our other channel: @MedlingWorldTryingThings  Please feel free to contact us! Mailing address: Medling World PO Box 471181  Kissimmee, FL 34747  Email: medlingworld@gmail.com  Where To Find: DJI Mic Mini (2 TX + 1 RX + Charging Case): https://amzn.to/4aG7pxJ DJI Osmo Pocket 3 Creator Combo: https://amzn.to/4lBQ795 DJI Osmo Pocket 3: https://amzn.to/3GoonFO Sony Noise Canceling Headphone: https://amzn.to/40LSqi6 Door Magnet: https://amzn.to/3WwamuL Travel Laundry Bags: https://amzn.to/4ghYB1U Travel Backpack: https://amzn.to/3Ej7c74 Waterproof Phone Pouch: https://amzn.to/4h7wFyV Disclosure: As an Amazon Associate I earn from qualifying purchases made from the links above.  If you would like to support our channel (It's very appreciated!!!) check down below: If you like to buy us a coffee https://www.buymeacoffee.com/medlingworld Cash App: https://cash.app/$MedlingWorld Chime automatically saves a little for you every time you spend. You won't even notice it, and get $100 when you join with my link. Terms apply. https://www.chime.com/r/matthewmedling/?c=s  Follow us on our Social Media! TikTok: https://www.tiktok.com/@medlingworld Instagram: https://www.instagram.com/medlingworld/  Medling World (Matthew, Roberta & Jake) bring you Vlogs of all your favorite theme parks and travel destinations! We give you great tips and information along with lots of fun and adventures! Thank You for your support!",[],1,04092026
121,3aGiTYIuGzM,Exploring Amalfi & Discovering a Secret Trail to Atrani | Italy 4K,01032025,UCOlx478DxwYAwkLnz9ELNIQ,1419745,"Welcome to a breathtaking walking tour through the stunning streets of Amalfi, one of the most beautiful coastal towns in Italy! ✨  But this isn’t just an ordinary stroll—we’ll also uncover a hidden trail leading to the charming village of Atrani, a true hidden gem of the Amalfi Coast.  🎥 What You’ll See in This Video: ✅ Scenic Amalfi streets – whitewashed buildings, cozy cafés, and historic architecture 🏛️ ✅ Secret pathway to Atrani – a quiet, untouched trail with incredible views 🌿🚶‍♂️ ✅ Breathtaking coastal views – turquoise waters and dramatic cliffs 🌊🏞️ ✅ Authentic city sounds – feel like you’re really here with natural ambient audio 🎧 ✅ A relaxing, immersive experience – no commentary, just pure exploration 🌍  📌 Perfect for travel lovers, walking enthusiasts, and anyone who wants to experience the magic of the Amalfi Coast from home.  💬 Have you ever visited Amalfi or Atrani? Would you take this secret path? Let me know in the comments!  🔔 Don’t forget to LIKE & SUBSCRIBE for more stunning walking tours!  Timeline 00:00 - Intro 01:56 - A scenic drive to Amalfi 04:31 - The beginning of the walk, the waterfront 36:05 - The main square, narrow streets 1:00:00 - Duomo di Sant'Andrea Apostolo 1:30:00 - A scenic trail to Atrani 1:55:14 - Atrani  ------------------------------------------------------------------------------------ Video Duration: 2:14:03  Location: Amalfi, Atrani | Italy Shooting time: July 10, 13:12, Monday. Weather: 26°C | 78,8 °F  Watch My Previous Videos ------------------------------------------------------------------------------------ ▶️ Exploring Milan: Inside the Duomo & City Walking Tour https://youtu.be/UpxsFhm6-cc  ▶️ Exploring Pisa: The Most Emotional Historical Places in Italy https://youtu.be/EO3L0gBcKj0  ▶️ Is This the Most Beautiful Winter Village? ❄️ Mürren, Switzerland https://youtu.be/wIBkCZidFKE  ▶️ Winter Stormy WALK of Geneva, Switzerland Experience the Cold and Beauty https://youtu.be/NMX45VWQg5Y  ---------------------------------------------------------------------------------------- 🔸I'm Denis, a travel enthusiast and professional videographer. I’ve combined my two passions, and now I'm thrilled to share the most beautiful and fascinating places from my travels with you. Step into a world of exploration with me as we embark on captivating walking tours around the globe.  New Video Uploaded Every Week  Don't forget to tell us your opinion in the comments below.  Be sure to share your thoughts in the comments! Your feedback is so important for the growth of my channel. Thank you!  You Can Follow Me On Social Media Links:  ---------------------------------------------------------------------------------------- Instagram: https://www.instagram.com/raevdenis.film Website: https://raevdenis.com/  For Business Inquiries:  raev.production@gmail.com","[{'title': 'Intro', 'timestamp': '0:00:00'}, {'title': 'A scenic drive to Amalfi', 'timestamp': '0:01:56'}, {'title': 'The beginning of the walk, the waterfront', 'timestamp': '0:04:31'}, {'title': 'The main square, narrow streets', 'timestamp': '0:36:05'}, {'title': ""Duomo di Sant'Andrea Apostolo"", 'timestamp': '1:00:00'}, {'title': 'A scenic trail to Atrani', 'timestamp': '1:30:00'}, {'title': 'Atrani', 'timestamp': '1:55:14'}]",1,04092026
122,RXWjAdAVZRE,"Nairobi Evening City Walk 🇰🇪 | Busy Streets, Real Sounds | 4K UHD Walking Tour",20032026,UCI40q7tcCJwRRh78Fe3J-tg,9547,"📍 Location: Nairobi CBD, Kenya 🎥 Filmed in: 4K UHD 🚶 Channel: Anthony Walks – Real Streets of Kenya  If you enjoy realistic city walks, local culture, markets, and pure ambience, this Nairobi evening walk is for you.  🔔 Subscribe for weekly walking tours and virtual travel adventures (New videos every Tuesday & Friday): https://www.youtube.com/@anthonywalks    #WalkingTour #CityWalk #NairobiCity #4KWalkingTour #VirtualWalkingTour #Kenya   💙 Support the Channel:    Love my content? Support me here 👇  ☕ Buy Me a Coffee: https://www.buymeacoffee.com/anthonywalks   💳 PayPal: https://www.paypal.com/donate/?hosted_button_id=UTVK326L7VWH2   🎥 Patreon: https://patreon.com/AnthonyWalks  🚷 No portion of this video may be used without prior written consent from Anthony Walks. If you appear in this video and wish to have your image removed, please contact me. Email: (anthonywalkske@gmail.com)",[],1,04092026
123,CZIqpvIWiao,"FULL Tour of Universal CityWalk Hollywood 2026 | Everything to Do, Eat & See! - Universal Studios",08052026,UCz1qGawPdOkL3kufTtd0fBg,4494,"Welcome to a FULL tour of Universal CityWalk Hollywood at Universal Studios Hollywood CityWalk! 🎬🍿  In this video, I take you on a complete walkthrough of everything CityWalk has to offer — from incredible restaurants and snack spots to unique stores, entertainment, nightlife, new updates, and construction projects happening around the district.  Whether you’re planning a trip to Universal Studios Hollywood, looking for a fun night out in Los Angeles, or just want to see what’s happening at CityWalk in 2026, this tour has you covered!   SAVE $$$ with GET AWAY TODAY at All the Major theme parks =================== Use this link to save $$ on packages and tickets and help support the channel: https://www.getawaytoday.com/referrerid=9351  Or call 1-855-GET-AWAY and tell them BIG RED sent you!  Your support is greatly appreciated!!  SOCIAL MEDIA ======================== INSTAGRAM - @BigRedJourneys TWITTER - @BigRedJourneys TIKTOK - @BigRedJourneys   EMAIL ======================= BigRedJourneys@Yahoo.com   Equipment Used ======================= Camera - DJI Osmo Pocket 3  Microphone - DJI OSMO Wireless  All music, characters, trademarks, peoples and images that may be seen or heard in this video are property of their respective owners/property holders and Big Red Journeys makes no claims of any of these.  #UniversalCityWalk#CityWalkHollywood #UniversalStudiosHollywood #Hollywood #ThemeParks #LosAngeles #California #BigRedJourneys #CityWalkTour #UniversalHollywood #Foodie #ThemeParkFood #WalkingTour #TravelVlog#ThingsToDoInLA #UniversalStudios #EntertainmentDistrict #SoCal#ThemeParkLife #TourVideo",[],1,04092026
124,vhInw8Pab2A,Universal CityWalk Hollywood Los Angeles Full Tour 2026,29042026,UCmhjmGNkPY_w_tBk3M58CEQ,3888,"In this video, we will be taking a  tour at the UUniversal CityWalk Hollywood in Los Angeles, California. Enjoy this Los Angeles travel video!  Universal CityWalk Hollywood: https://www.universalstudioshollywood.com/web/en/us/things-to-do/lands/citywalk Location: https://maps.app.goo.gl/F1ZpWJuRrcnRbgKo6  Check out other Los Angeles Travel Videos: https://www.youtube.com/playlist?list=PLClaDV6AFAVLJxBs6ZfrjIRi8ergSI-pW  Check out other Zoo Travel Videos: https://www.youtube.com/playlist?list=PLClaDV6AFAVLoMFNGPu-faw4YzEl-4NQo  SUBSCRIBE TO NEVER MISS ANY VIDEO: https://www.youtube.com/channel/UCmhjmGNkPY_w_tBk3M58CE",[],1,04092026
125,U3Jk0h318yM,Universal Studios Hollywood CityWalk: COMPLETE TOUR,30102023,UCw8_bi1G4duPevdfktipGOA,53018,"Universal CityWalk Hollywood is a three-block entertainment, dining, and shopping promenade. It is located directly next to Universal Studios Hollywood and serves as an entrance plaza from the parking lots to the theme parks. CityWalk has over 30 places to eat, a 19-screen theater with state-of-the-art IMAX, and more than 30 unique shops including the Universal Studio Store and Super Nintendo World.    ✅ You might enjoy watching My tour of ""The Real"" Hollywood Boulevard: https://youtu.be/qXb0CBAijrw ✅ Or more of my travel guides from Los Angeles in this playlist: https://www.youtube.com/playlist?list=PLOVadUHX1B-KpaZG7l8jjT6Hjmg3SUFgP  💡 Yellow Productions on Social Media: FACEBOOK: https://facebook.com/YellowProductionsTravel INSTAGRAM: https://instagram.com/yellowwproductions/ TWITTER: https://twitter.com/chrisraney  💡 Meet the Yellow Productions Team: OCgirl (behind the camera): https://www.instagram.com/ocgirl.notebook/ Yusaku (in the editing studio): https://www.instagram.com/yusaku_otagiri/ The Princess (in the playground): https://www.youtube.com/channel/UC_KMPZF0v8pGR6ZN8QToJXg  🔔 BUSINESS INQUIRIES: chris@yellow-productions.com  ✔️ Explore more of my content on my 2nd channel, the Office Survival Guide: https://www.youtube.com/channel/UCkeyiJNicoE7FMIwNvcsZ8g  😀 Yellow Productions Merchandise: https://shop.yellow-productions.com/  📢 Check out my blog: http://yelloww.net  🚀 My travel video gear: Sony FDR-AX53 4K Handycam: http://amzn.to/2hYePVc Sony ECMW1M Wireless Microphone: http://amzn.to/2gQKDGG Pacsafe LS250 Anti-theft Shoulder Bag: http://amzn.to/2h0YCNt  🚀 My walking tour gear: Samsung Galaxy S23 Ultra: https://amzn.to/3xuRcZg DJI Mic: https://amzn.to/3IzSbh1 DJI OM 4 Gimbal: https://amzn.to/3cCCQLC DJI OM 6 Gimbal: https://amzn.to/3lOubh4  🚀 My live stream and studio gear: Sony A7SIII Camera: https://amzn.to/3rYY5NS​ Sony ECM-B1M Microphone: https://amzn.to/3tx3cFl","[{'title': 'Intro', 'timestamp': '0:00:00'}, {'title': 'Universal Store', 'timestamp': '0:00:57'}, {'title': 'Los Angeles Sock Market', 'timestamp': '0:01:45'}, {'title': 'Interactive Water Fountain', 'timestamp': '0:02:30'}, {'title': 'Wasabi', 'timestamp': '0:03:06'}, {'title': 'Food Court', 'timestamp': '0:03:57'}, {'title': 'Candy Restaurant', 'timestamp': '0:05:06'}, {'title': 'Halloween Horror Nights', 'timestamp': '0:06:07'}, {'title': 'Raider Image Store', 'timestamp': '0:07:07'}]",1,04092026
126,LFOx-vmYrts,"Walking in the Rain, Zermatt Switzerland and Mattervispa, Rain and City Sounds",23112021,UCqRTj-Nu_8to3jIBlXptOtA,11597953,"Walking in Light Rainfall in Zermatt, Switzerland. Zermatt is a mountain resort renowned for skiing, climbing and hiking. I stayed in Zermatt for about 2 weeks enjoying the little bit of snow we got. During my last few days we got a bit of fog and it started to rain in the town. This audio consist of river sounds from the Mattervispa as well as city sounds and rain. A few birds can also be heard throughout the audio at some points. Sounds can be used for sleep, study and meditation.  Enjoy!   Watch Zermatt during the Snowfall https://youtu.be/h3HaZ-MzP_Q  Download LUT for this video. https://www.patreon.com/nomadicambience/shop/zermatt-switzerland-rain-walk-lut-17897?utm_medium=clipboard_copy&utm_source=copyLink&utm_campaign=productshare_creator&utm_content=join_link  Patreon - https://www.patreon.com/nomadicambience Video LUTS - https://www.patreon.com/nomadicambience/shop For Ambience Sounds and Music - https://share.epidemicsound.com/lfkdnw  Social Media Instagram - https://www.instagram.com/nomadicambience/ Tiktok - @nomadicambience  Places You Can Find Me Spotify Apple Music   Playlists Rain Walks - https://bit.ly/3p5FRJx Sounds for Sleep - http://bit.ly/3kjioqD Sounds New York - http://bit.ly/3iEFYgQ Sounds of Iceland - http://bit.ly/35LFR7R Sounds of Japan - https://bit.ly/2TZ7sOj Sounds of Norway - http://bit.ly/3kiprQc Cafe Sounds - http://bit.ly/2JW8tCq Nature Sounds - https://bit.ly/3l5SVMy City Sounds - https://bit.ly/2I3I47U Ocean Waves Sounds - http://bit.ly/2ygmPaj Rain and Thunderstorms - https://bit.ly/353w6DV  Everything in the video is filmed and recorded on location.  Do not copy, reproduce, or distribute any of the content.  #switzerland #switzerlandwinter #asmr  #switzerland #rainwalk #asmr",[],1,04092026
127,W8ojugvZVNc,Citywalk Walkthrough - October 2025 - 4K POV - New Resturants - Universal Studios Hollywood,18102025,UCR1I1UCdnV_BcZQAIB2bi2A,13280,"Filmed at Universal Studios Hollywood in Los Angeles, California",[],1,04092026
128,aRFYY_cYGwM,[ 4K] Universal CityWalk Hollywood | A full walking tour,07052025,UC5BeywzzMYdLIidmJIJmHjQ,11036,"Join me on a vibrant Saturday afternoon walk through Universal CityWalk Hollywood! Experience the energy of the crowd, the colorful shops, and the lively atmosphere as we explore this iconic LA destination together!  #UniversalCityWalk #universal #Hollywood #LosAngeles #CityWalkTour #WalkingTour #TravelVlog  #ExploreLA #Weekend Vibes #California  #Travel",[],1,04092026
129,6y5CqAHxGX0,"Relaxing Night Walk in NEW YORK CITY 🗽 8th Avenue, MANHATTAN Tour NYC",10012023,UCnvLGayHxWh5YZjpJjZ6WRg,4558780,"Night Walk in NEW YORK CITY 🗽 8th Avenue, MANHATTAN Tour NYC  Buy me a coffee ☕ https://bit.ly/3V5hls5 Subscribe⚡: https://bit.ly/3EmIPTZ  PLAYLISTS: ☔ Rainy Days: http://bit.ly/3UR1KM9 🔆 Sunset Collection: http://bit.ly/3VaV9fw 🌙 Night City: http://bit.ly/3EPwzeR 🌞 Sunny Days: http://bit.ly/3tLPqRu ⛄ Snow Days: http://bit.ly/3ggWnqN 🎧 NYC Soundscapes: http://bit.ly/3tIS4HK",[],1,04092026
130,BJOgtF3wptM,BEST Places to Eat Outside Universal Studios Japan in CityWalk Osaka!,09022023,UCMthB6k6LRN5Qwz8WybfXvA,74849,"I will show you the best and worst places to eat at Citywalk Osaka at Universal Studios Japan!  🛌USJ Hotels: https://tdrexplorer.com/klook-usj-hotels 🎟️ Universal Studios Japan Tickets: https://tdrexplorer.com/universal-studios-japan-tickets/ 🍄 Super Nintendo World Guide: https://tdrexplorer.com/super-nintendo-world-guide/ 📘 Universal Studios Japan Guide: https://tdrexplorer.com/ultimate-universal-studios-japan-trip-planning-guide/  TIMESTAMPS --- 00:00 What is Citywalk at Universal Studios Japan? 01:15 3rd Floor Restaurants 09:37 5th Floor Restaurants 14:50 4th Floor Restaurants  FOLLOW ON SOCIAL --- 📸 Instagram: https://instagram.com/tdrexplorer/ 💙  Twitter: https://twitter.com/tdrexplorer 👍🏻 Facebook: https://www.facebook.com/tdrexplorer/ 📌 Pinterest: https://www.pinterest.com/tdrexplorer/ 👍🏻 Patreon: http://bit.ly/tdrpatreon  ABOUT TDR EXPLORER --- Hi, 👋🏽 My name is Chris, aka TDRExplorer, and I started sharing my theme park adventures. Over the years, TDRExplorer has become a resource for passionate theme park fans looking to make the best of their trip to Asia. Including Tokyo Disneyland and Universal Studios Japan!","[{'title': 'What is Citywalk at Universal Studios Japan?', 'timestamp': '0:00:00'}, {'title': '3rd Floor Restaurants', 'timestamp': '0:01:15'}, {'title': '5th Floor Restaurants', 'timestamp': '0:09:37'}, {'title': '4th Floor Restaurants', 'timestamp': '0:14:50'}]",1,04092026
131,d28rLERm_4U,"England, London City Summer Streets Heatwave Walk in London | Central London View at 34°C [4K HDR]",23062026,UCBvZ2hEzZZaWAIrUHVN6YUw,46157,"London in June 2026: London Summer Heatwave ! 34°C Walking Tour | 4K HDR Virtual Walk [4K HDR]  London City Tour 2026 | 4K HDR Virtual Walking Tour around the City | London Walk 2026 Today we will be having a Summer walking tour during heatwave In London. UK heatwave: Temperature: 34℃   today we’ll walk in Southbank to Soho via London Eye, Westminster Bridge, Big Ben, Parliment Street, Whithall, Trafalgar square, Covent Garden, Leicester Square, Chinatown, Piccadilly Circus, Regent Street, Oxford Street, Tottenham Court Road. London Summer Streets Walking Tour 2026 Join us on a captivating summer stroll through the streets of London during a scorching heatwave! In this vibrant and lively YouTube video, we explore the heart of the English capital, showcasing its bustling Central London, the vibrant neighborhood of Soho, and the colorful sights and flavors of Chinatown. Immerse yourself in the city's vibrant atmosphere as we navigate through sun-kissed streets, iconic landmarks, and charming hidden gems. Witness the energy and excitement of Londoners and visitors alike as they embrace the summer heat, making this walk an unforgettable experience. Don't miss out on this delightful journey through London's summer streets!  Explore the city of London Watch this walking tour video through London the capital of the United Kingdom. imagine yourself a real tourist and walk through them to see see beautiful streets. Take a walk and experience the city life. You will see traditional red buses and streets and urban architecture.  London || London Walk || Walking in London || London view || London City || London Video || London HeatWave || London Hotest day 2026 || Uk Heatwave June 2026 || London June 2026 || London City Walk || Central London Street and Walk  If you like our video don’t forget to subscribe set notification bell 🔔 Ringing icon to see the newest published uploads  - - - - - - - - - - - - - - - - - - - - - -  📅 Date Record: June 2026 Temperature: 34℃  Video Quality: Fully - 4K HDR  #SohoLondon #SohoStreetLondon #Sohosummer2026 #London #LondonHeatwave #LondonHotestday  #LondonStreetWalk #LondonSummerStreet #LondonTour #LondonCityWalk #Londonwalkingtour #Londonwalk #LondonTourist  #CentralLondon #LondonWestEnd",[],1,04092026
132,xP-wJbQcMOc,"🇯🇵 OSAKA, JAPAN 4K WALKING TOUR - Dotonbori District Sunset & Night Life City Walk | 4K HDR - 60 fps",12052024,UCiVH7ncT6ghUKvSpY_e0DNQ,1916873,"Welcome to Osaka, Japan  Explore the vibrant cityscape of Osaka with our captivating day and night walking tour. From iconic landmarks like the Dotonbori Glico Sign to the bustling streets of Amerika-mura, immerse yourself in the lively atmosphere and cultural delights of this dynamic metropolis.   Wander through snack streets, hidden alleyways, and vibrant districts, experiencing the city's rich culinary scene, vibrant nightlife, and unique charm.   Join us on this immersive journey through the heart of Osaka, where every corner reveals a new adventure and cultural delight.  Chapters: 0:00 Intro Preview 3:39 Dotonbori Glico Sign 10:40 Osaka Snack Street 17:12 Alleyways 27:30 Dotonbori Walking Street 30:36 Manga Cosplay 38:30 Dotonbori District 48:00 Amerika-mura  1:20:09 Dotonbori Nightlife 1:25:30 Dotonbori Walking Street 1:43:48 Hidden Alleyways 1:50:01 Nippombashi bridge 1:58:10 Osaka Night Life  -----------------------------------------------------------------------------------------------------------  Intro music produced by Ryan Booth at The JamBooth Recording Studio. https://thejambooth.wixsite.com/music​ https://facebook.com/JamBoothMusic/  #walkthrough #streetlife #citywalk #japan #osaka #citywalk #walkingtour","[{'title': 'Intro Preview', 'timestamp': '0:00:00'}, {'title': 'Dotonbori Glico Sign', 'timestamp': '0:03:39'}, {'title': 'Osaka Snack Street', 'timestamp': '0:10:40'}, {'title': 'Alleyways', 'timestamp': '0:17:12'}, {'title': 'Dotonbori Walking Street', 'timestamp': '0:27:30'}, {'title': 'Manga Cosplay', 'timestamp': '0:30:36'}, {'title': 'Dotonbori District', 'timestamp': '0:38:30'}, {'title': 'Amerika-mura', 'timestamp': '0:48:00'}, {'title': 'Dotonbori Nightlife', 'timestamp': '1:20:09'}, {'title': 'Dotonbori Walking Street', 'timestamp': '1:25:30'}, {'title': 'Hidden Alleyways', 'timestamp': '1:43:48'}, {'title': 'Nippombashi bridge', 'timestamp': '1:50:01'}, {'title': 'Osaka Night Life', 'timestamp': '1:58:10'}]",1,04092026
133,UMekv4bJpHI,The Evolution of City Walk: Part 1,26012025,UCvUIa6bCCfZCQ2u-kA2yPpg,13627,"This video has been a long time in the making! Today, we’ll dive into the premium restaurants of CityWalk, both old and new, exploring what they have to offer in terms of theming and food. This is just part one of a two-part series, where we’ll fully break down City Walk and examine how it has evolved over the years.  Music Provided by Epidemic Sound: https://www.epidemicsound.com/music/featured/?override_referrer=","[{'title': 'Intro', 'timestamp': '0:00:00'}, {'title': 'History', 'timestamp': '0:00:36'}, {'title': 'Overview', 'timestamp': '0:01:31'}, {'title': 'The Past', 'timestamp': '0:03:10'}, {'title': 'NBA City', 'timestamp': '0:04:44'}, {'title': 'Toothsome', 'timestamp': '0:07:13'}, {'title': 'NASCAR Cafe', 'timestamp': '0:10:53'}, {'title': 'NBC Grill Brew', 'timestamp': '0:13:24'}, {'title': 'Margaritaville', 'timestamp': '0:15:58'}, {'title': 'Emeralds', 'timestamp': '0:19:32'}, {'title': 'Big Fire', 'timestamp': '0:21:50'}, {'title': 'Hard Rock Cafe', 'timestamp': '0:23:59'}, {'title': 'Inside Hard Rock Cafe', 'timestamp': '0:25:10'}, {'title': 'Outro', 'timestamp': '0:27:11'}]",1,04092026
134,1YyyrdrGm_U,"🇬🇧 LONDON WALK 🔥 37°C in CROWDED Central London! Oxford Street, Soho & Covent Garden | 4K",14082026,UCRRZ8-EpgTApAd_A23XgFRA,21188,"🇬🇧 London Walk | London Heatwave 2026 | Oxford Street | 37°C in London | West End Walk | 4K. Join me on a London walking tour during the 5th heatwave of the summer, with temperatures reaching 37°C!  I start this walk on Oxford Street, one of London’s most famous and busiest shopping streets, before heading towards Tottenham Court Road and into the heart of Soho. From there, I continue through Chinatown, Leicester Square and finally into beautiful Covent Garden.  I chose to start on Oxford Street because I could take the air-conditioned Elizabeth line all the way to Bond Street, giving me a much-needed cool start before heading out into the heat. As I walk through central London, the sun is behind me, so thankfully it isn't beating directly into my face while I'm walking.  Along the way, I pass some of London's most popular areas for visitors:  📍 Oxford Street – One of the world's most famous shopping streets, packed with major stores, restaurants and shoppers.  📍 Tottenham Court Road – A major central London street connecting Oxford Street with Soho and known for shopping, restaurants and its excellent transport connections.  📍 Soho – One of London's liveliest neighbourhoods, famous for its restaurants, bars, nightlife, independent shops and colourful streets.  📍 Chinatown – London's vibrant Chinatown, filled with Chinese restaurants, bakeries, shops and the famous Chinatown Gate.  📍 Leicester Square – One of London's major entertainment hubs, surrounded by cinemas, theatres, restaurants and attractions. It's also right next to the famous West End.  📍 Covent Garden – One of London's most popular tourist destinations, known for its beautiful market buildings, street performers, restaurants, shops and lively atmosphere.  And the journey home turned into another adventure! 😅 On the way back, we got stuck inside Russell Square station for around 20 minutes because the train ahead of us had broken down. With the heat outside, the temperature inside the station quickly became uncomfortable and everyone was sweating while waiting for the train to move again.  This was the 5th heatwave of the summer, making this another very hot day for exploring London on foot.  Come along for a busy summer walk through the heart of London and see what the city looks like during one of the hottest periods of the summer! 🇬🇧☀️  Thank you for watching! 😊❤️  #LondonWalk #LondonWalkingTour #LondonHeatwave #LondonHeatwave2026 #London2026 #LondonSummer #OxfordStreet #TottenhamCourtRoad #SohoLondon #ChinatownLondon #LeicesterSquare #CoventGarden #CentralLondon #VisitLondon #LondonTourism #LondonTravel #ExploreLondon #London4K #WalkingTour #LondonVlog #UKTravel #England #LondonCity #SummerInLondon #londonstreetstyle   00:00 - Oxford Street 19:52 - Tottenham Court Road 27:36 - SOHO London 34:36 - Chinatown London 37:18 - Leicester Square 50:03 - Covent Garden 57:25 - STUNNING Umbrellas - I love them! 01:24:28 - London Tube - London Underground","[{'title': 'Oxford Street', 'timestamp': '0:00:00'}, {'title': 'Tottenham Court Road', 'timestamp': '0:19:52'}, {'title': 'SOHO London', 'timestamp': '0:27:36'}, {'title': 'Chinatown London', 'timestamp': '0:34:36'}, {'title': 'Leicester Square', 'timestamp': '0:37:18'}, {'title': 'Covent Garden', 'timestamp': '0:50:03'}, {'title': 'STUNNING Umbrellas - I love them!', 'timestamp': '0:57:25'}]",1,04092026
135,vxiJHOWmp7o,SYDNEY City Walk 2025 🇦🇺 Australia Walking Tours for Big TVs [4K/60fps],15082025,UCV2_l3k3JuZwIhiY1H0kSxA,204283,"Immerse yourself in Australia’s most beautiful city from the comfort of your home. Experience Sydney in this stunning 4K/60fps – perfect for your big TV. Stroll past the iconic Opera House, admire the Harbour Bridge and explore the lively waterfront at Darling Harbour [Filmed in 2025]  Watch also: • Full Sydney Walking Tour  👉 https://youtu.be/_9g4OLdUkvU?si=VGXZq2tkyje5RacB • Sydney SUNSET Walk  👉 https://youtu.be/ClarmAxEZGk?si=JSH6D_pWB1ZWdFkR  • Melbourne Walk 👉 https://youtu.be/Prz2VJOdtEE?si=ayAW5ElErErkpTio • Gold Coast Walk  👉 https://youtu.be/IqT-VrrptPs?si=rHqTryHRQH5FxGt5 • EUROPE Walking Tour Playlist (Paris, Rome, Barcelona, etc.) 👉 https://www.youtube.com/playlist?list=PL-uSE59HVj4Ah5kaHKApFBm_Wh2mZ_KWd  • ASIA Walking Tour Playlist (Bali, Tokyo, Bangkok, etc.) 👉 https://www.youtube.com/playlist?list=PL-uSE59HVj4A2IB8EOMXH6AoGVXoRWVHo   ♡ THANKS FOR WATCHING ♡ 👍 If you enjoyed this video, please like this video and subscribe to our channel for more awesome content 😊  #walkingtours #sydney #citywalk  ________ No part of this video may be used or reproduced without our written permission.",[],1,04092026
136,cAsDPQsh5ZI,Tokyo Japan - Shinjuku City Walking Tour During Blue Hour • 4K HDR,26022026,UCoXm66ArnAYGC0SCItOb2Tg,210148,"Sharing with you virtual walk videos filmed all over Japan in 4K HDR.  No intrusive face taking. This is not a vlog. Please enjoy!  Temp: 7°C / 44°F Humidity: 43% Wind: 4 m/s   Recommended 4K HDR videos ↓↓↓   Tokyo Sunset to Night Walk in Edogawa City, Japan • 4K HDR https://youtu.be/stxazLpIc2Q Japan - Tokyo Rainy Night Walk, Yotsuya to Yoyogi • 4K HDR https://youtu.be/OsY5r6C_d34  Japan: Tokyo Sasazuka Walk During Blue Hour | Autumn 2025 • 4K HDR https://youtu.be/Ae37PJ3URNw Evening Walking Tour in Tokyo Shibuya, Japan | Summer 2025 • 4K HDR https://youtu.be/GJYf8CCcu7g 2 Hours of Rainy Night Walk in Tokyo, Japan | End of Spring 2025 • 4K HDR https://youtu.be/wpOdo1kuGEY 3 Hours of Rainy Night Walk in Tokyo, Japan • 4K HDR https://youtu.be/lp_9JKEYFFQ   #4kjapan #tokyo #slowtv #4khdr #japan #hdr10plus #bluehour #japanwalk #shinjukutokyo #4kwalk #nightwalks",[],1,04092026
137,_SnJD0QPph0,Kemeriahan Grand Opening Food Festival Citywalk Gajahmada | Pecah Rekor 1902 Pengunjung,14082026,UCV3tIO3QNNHK3VXNgfFlOcA,10187,"Kemeriahan Grand Opening Food Festival Citywalk Gajahmada Yang Banyak Orang Bilang Sepi Ternyata Pecah Rekor 1902 Pengunjung Di Hari Pertama Langsung Ramai  Food Court Food Festival Citywalk Gajahmada Lantai 2 Citywalk Gajahmada Jalan Gajah Mada No.14 Glodok, Tamansari Jakarta Barat  Buka Setiap Hari 11.00 - 24.00  Tenant Makanan : V7 Beer Beverage Sate Babi Ny May Siomay Yoepix Nasi Ulam Jawara Kwetiau Wang Bubur Sapo Ayam Bakar Jay Thany Thai Streetfood Baba Kampoeng Otak Otak Rascik Kuotie Merry Nasi Tim Burger Siomay Ny Law Drink And Dessert Tebu Bakso Kartini B2 Rujak Buah Dan Puding  Acara Food Festival Food Court Citywalk Gajahmada Live Music Dan Karoeke 16.00 - 19.00 DJ Performance 19.30 - 24.00 Jadwal DJ Untuk Bulan Agustus 2026 Tgl 12 DJ JHO JLV, DJ EVADIBA, DJ NICKBLAZCHI Tgl 13 DJ JULIE WIDJAJA, DJ EVADIBA Tgl 14 DJ NIKZBLAST Tgl 15 DJ JHO JLV, DJ VALENT Tgl 16 DJ NIKZBLAST Tgl 17 DJ EVADIBA Tgl 18 DJ JHO JLV Tgl 20 DJ Julie Widjaja Tgl 21 DJ NIKZBLAST Tgl 22 DJ JHO JLV Tgl 23 DJ NIKZBLAST Tgl 24 DJ EVADIBA Tgl 25 DJ NIKZBLAST Tgl 26 DJ EVADIBA Tgl 27 DJ Julie Widjaja Tgl 28 DJ NIKZBLAST Tgl 29 DJ JHO JLV Tgl 30 DJ EVADIBA Tgl 31 DJ NIKBLASHCHI  #citywalkgajahmada #glodok  #foodcourt  #nongkrong  #happy #enjoy  #santai  #culinary  #kuliner  #jajanan  #jakartanongkrong",[],1,04092026
138,wIW_VbXa58E,"MADRID, Spain 🇪🇸 Full City Walk – 9 Hours of Exploration | 4K Tour",15022026,UC20vyRWEaC2GIS8DkmeRQaA,50280,"Experience the full essence of Madrid, Spain 🇪🇸, with this epic 9-hour 4K walking tour through one of Europe’s most vibrant cities. From the bustling streets of the city center to hidden gems, this immersive journey offers a comprehensive look at Madrid’s rich history, stunning architecture, and dynamic atmosphere.  Highlights of this walking tour include:  🚶‍♂️ Puerta del Sol – Start in Madrid’s famous central square, a bustling hub with vibrant shops, cafes, and historic landmarks. 🏛️ Plaza Mayor – Wander through this iconic square, surrounded by grand buildings and vibrant street performances. 🏰 Royal Palace – Explore the official residence of the Spanish royal family, a symbol of the country's royal history. 🌳 Almudena Cathedral – Visit this neo-Gothic masterpiece next to the Royal Palace, a key religious and cultural site. 🌇 Gran Via – Stroll down Madrid’s lively main avenue, filled with theaters, shops, and stunning early 20th-century architecture. 🏞️ Retiro Park – Take a break in the lush, expansive park, perfect for a peaceful walk around its lakes and statues. 🌆 Sunset Views – Capture the magical moments as Madrid’s skyline transitions from day to night.  Whether you’re planning to visit Madrid or simply exploring it virtually, this 9-hour walking tour provides a complete experience of the city’s diverse beauty.  🔔 Don’t forget to like, comment, and subscribe for more travel videos!  🤝 Business Inquiries and Contact: walkingozmedia@gmail.com  ⚠️ My videos are copyrighted material owned by the channel Walking OZ. Any unauthorized use, including for personal or private purposes, is strictly prohibited. Walking OZ reserves the right to issue copyright strikes for infringement, and will not withdraw them once issued.",[],1,04092026
139,DPl_QZ5WmtY,"What It’s Really Like Staying on Lake Como, Italy",07082026,UCds9ox_aTIGDCpB6rODmS7w,639360,"Get an exclusive 15% discount on Saily eSIM data plans! Download Saily app and use code [TIM] at checkout https://saily.com/tim  I experience one of Lake Como’s most beautiful and luxurious hotels — Passalacqua. Set right on the shores of Lake Como, this incredible historic villa has spectacular gardens, breathtaking lake views, beautiful rooms, amazing food and that unmistakable Italian atmosphere. In this video I’ll take you around the hotel and gardens, show you what staying here is actually like, and explore whether Passalacqua really deserves its reputation as one of the finest hotels in Europe. Expect stunning Lake Como scenery, classic Italian style, a rather fabulous little orange Fiat, good food, wine and plenty of moments that make this part of Italy so special. If you’re planning a trip to Lake Como, looking for an unforgettable luxury hotel, or simply fancy a bit of Italian escapism, come along!  SUPPORT ME  Become a Channel Member 👉 https://bit.ly/3mZaYYd Patreon 👉 https://www.patreon.com/user?u=34567902 PayPal 👉 https://paypal.me/walkwithmetim?local...  FOLLOW ME ON SOCIAL MEDIA Instagram - https://www.instagram.com/walkwithmetim/ Facebook - Search Walk With Me Tim TikTok - @walkwithmetimofficial",[],1,04092026
140,Z7UbX3cWik0,I Stayed in the World’s Most Isolated Lighthouse Hotel,02082026,UCds9ox_aTIGDCpB6rODmS7w,266049,"MyHeritage is running a special promotion right now! Click  👉https://bit.ly/WalkWithMeTim4  Use the Coupon Code: Walk19 to get your DNA kit for just £19!  They call this one of the most isolated hotels on Earth..."" or ""It might only be a short boat ride from land, but out here on this rock, it feels like the most isolated place on the planet What’s it really like to spend the night on a tiny island in the middle of the Swedish archipelago?  In this episode, I travel to Pater Noster Lighthouse, one of Sweden's most remote and unique hotels. The only way to reach this tiny rocky island is by boat, where just a handful of guests can stay surrounded by nothing but the sea. From the incredible boat journey across the open water to climbing the historic lighthouse, exploring the island, and experiencing life far away from the mainland, this is one of the most unforgettable places I've ever stayed. If you love unique hotels, remote islands, luxury travel and hidden destinations, you're going to love this adventure.  Location: Pater Noster Lighthouse, Swedish Archipelago, Sweden  SUPPORT ME  Become a Channel Member 👉 https://bit.ly/3mZaYYd Patreon 👉 https://www.patreon.com/user?u=34567902 PayPal 👉 https://paypal.me/walkwithmetim?local...  FOLLOW ME ON SOCIAL MEDIA Instagram - https://www.instagram.com/walkwithmetim/ Facebook - Search Walk With Me Tim TikTok - @walkwithmetimofficial",[],1,04092026
141,fEY2v-1eXfs,I Stay In The UK's Most REMOTE Airbnb In The UK!,03052026,UCds9ox_aTIGDCpB6rODmS7w,473875,"Get an exclusive 15% discount on Saily eSIM data plans! Download Saily app and use code [TIM] at checkout 👉https://saily.com/tim  Today I travel over 500 miles across the UK to stay in one of the most remote Airbnbs you can find… and trust me, getting here is not easy. Starting in London, this journey takes me by train through the Scottish Highlands, then onto a boat, and finally a walk into complete isolation… all to reach the wild and rugged peninsula of Knoydart — often called Britain’s last wilderness. With no roads in or out, no easy access, and the nearest town miles away… is this truly the most remote Airbnb in the UK? This is the full journey and what it’s really like to stay here.  SUPPORT ME  Become a Channel Member 👉 https://bit.ly/3mZaYYd Patreon 👉 https://www.patreon.com/user?u=34567902 PayPal 👉 https://paypal.me/walkwithmetim?local...  FOLLOW ME ON SOCIAL MEDIA Instagram - https://www.instagram.com/walkwithmetim/ Facebook - Search Walk With Me Tim TikTok - @walkwithmetimofficial",[],1,04092026
142,Oxja9_whATw,I Stayed in Dubai’s Brand New Billion-Pound Resort!,20022026,UCds9ox_aTIGDCpB6rODmS7w,783807,"Get The Carry-on X HERE 👉https://www.carlfriedrik.com/products/the-carry-on-x?utm_source=youtube&utm_medium=partner&utm_campaign=2026-02-walk-with-me-tim  Today I’m staying at one of Dubai’s newest ultra luxury hotels — the incredible Jumeirah Marsa Al Arab. Located next to the famous Burj Al Arab, this brand new billion-pound resort is designed like a super-yacht and is one of the most expensive new hotels to open in the UAE. In this video I’ll show you everything: the room tour, restaurants, pools, private beach, service, facilities and whether this new luxury resort is actually worth the price. Is this the best new hotel in Dubai? And can it really compete with the Burj Al Arab?  SUPPORT ME  Become a Channel Member 👉 https://bit.ly/3mZaYYd Patreon 👉 https://www.patreon.com/user?u=34567902 PayPal 👉 https://paypal.me/walkwithmetim?local...  FOLLOW ME ON SOCIAL MEDIA Instagram - https://www.instagram.com/walkwithmetim/ Facebook - Search Walk With Me Tim TikTok - @walkwithmetimofficial",[],1,04092026
143,KczujB1C5yA,I Stayed In A Deserted Resort In America,14062026,UCds9ox_aTIGDCpB6rODmS7w,957437,"I stayed overnight at Primm Valley Resort & Casino, a once-popular destination located in the middle of the Nevada desert, just outside Las Vegas. Once a popular stop for travellers heading to and from Las Vegas, the resort today feels very different from its heyday. In this video, I check into the hotel, explore the casino, tour the property and show you exactly what it's like staying here  With huge empty parking lots, quiet hallways and barely another guest in sight, this enormous resort felt frozen in time. Despite still being open,  the resort was incredibly quiet during my stay, and at times it almost felt deserted. With huge parking lots, long corridors and very few people around, it certainly wasn't what I expected.  *One week after this video was filmed, Primm was saved from extinction. On June 9, 2026, Terrible's stepped in to take over operations from Affinity Gaming, cancelling the planned July 4th permanent closure. As a result, Primm Valley Resort & Casino, the gas stations, and the Lotto Store will all remain open.  This video captures exactly how the resort looked and felt during my visit, before the announcement was made.  Would you stay here?  SUPPORT ME  Become a Channel Member 👉 https://bit.ly/3mZaYYd Patreon 👉 https://www.patreon.com/user?u=34567902 PayPal 👉 https://paypal.me/walkwithmetim?local...  FOLLOW ME ON SOCIAL MEDIA Instagram - https://www.instagram.com/walkwithmetim/ Facebook - Search Walk With Me Tim TikTok - @walkwithmetimofficial  #LasVegas #Nevada #Primm #HotelReview #Casino #TravelVlog #WalkWithMeTim #USA",[],1,04092026
144,jX4uGv553Ps,"Come Walk With Me, Life Update, RSI Healing Progress & Wildfire Warning",16082026,UCvfYZhxEj8bL7ukzQzwX4zw,1020,"step outside with me, and let’s talk! In today's relaxed walk-and-talk vlog, I’m giving you a personal update on my RSI recovery  New Gardening Channel: https://youtube.com/@CottageGardenliving-s3n?si=soLXNe1vIGZLHsZB",[],1,04092026
145,JToaa3p84CM,I Return To Butlins… I Was SHOCKED!,10052026,UCds9ox_aTIGDCpB6rODmS7w,553584,"👉https://bit.ly/WalkWithMeTim3 MyHeritage is running a special promotion right now! Click the link OR Scan the QR Code and use the coupon code TIMWALK19 to get your DNA kit for just £19  Follow @GabyStarbuckx   I head back to one of Britain’s most iconic holiday resorts to see what it’s REALLY like today, from the famous Skyline Pavilion to the classic seaside chalets. In this video, I check into the resort, explore the entertainment, arcades, accommodation, food, and everything that makes Butlins such a huge part of British holiday culture. For many people in the UK, holidays at Butlins are pure nostalgia… but has it changed over the years? And would I actually come back again?  Join me as I return to Butlins Skegness for a full resort experience!  SUPPORT ME  Become a Channel Member 👉 https://bit.ly/3mZaYYd Patreon 👉 https://www.patreon.com/user?u=34567902 PayPal 👉 https://paypal.me/walkwithmetim?local...  FOLLOW ME ON SOCIAL MEDIA Instagram - https://www.instagram.com/walkwithmetim/ Facebook - Search Walk With Me Tim TikTok - @walkwithmetimofficial",[],1,04092026
146,U1j-eO3-aR8,"2 HRS Virtual Walk around Emerald Lake, Yoho National Park - 4K Nature Walking Tour + Birds Chirping",30072021,UCg72Hd6UZAgPBAUZplnmPMQ,671538,"Enjoy a pleasant walking tour through beautiful forest to Emerald Lake in the Canadian Rockies. Explore the famous pristine lake in Yoho National Park, enjoy its glacial waters, listen to calm birds chirping in the background and feel the tranquility of this place. Take a virtual forest walk through a sun-lit forest and relax with awesome lake views! Our nature walking tour can provide a full immersion in the nature peace. Enjoy this lovely hike without leaving your couch and brighten up your day with beautiful nature scenes in 4K Ultra HD.  Video From: Emerald lake, Yoho National Park, Canada Video Resolution: #4K UHD Equipment used: Panasonic GH5s Video Type: nature walking tour Executive producer: Roman Khomlyak, ProArtInc Cinematographer: Agnius Narkevicius Editor and colorist: Yan Bekhter Supervising editor: Alexey Romanov Special THANKS to our professional filmmakers and editors for their fascinating, creative, hard, and challenging work. Discover more beautiful places in Canada by watching more high-quality videos from  http://proartinc.net and http://beautifulwashington.com  Emerald Lake in #YohoNationalPark is one of the Canadian Rockies’ finest lakes. Don't miss an opportunity to explore the largest lake in Yoho National Park and beautiful President Range in the background.The combination of natural scenes and sounds during this walk will provide clarity of mind and relaxation at any time. Hike with our team and get a dose of inspiration! Use this virtual #hike to create a peaceful atmosphere and fill your day with harmony! Benefits of watching this 4K virtual walk: – Unwind after a long hectic day with gorgeous natural scenery – Explore this wonderful lake and stay connected to nature wherever you are. – Perfect nature sounds for a peaceful and positive atmosphere at your home/office. – It is a good opportunity to explore mus-visit places of Yoho National Park. In order to fully experience these mesmerizing views, watch this walking tour on Oled TV, Samsung 4K HDR TV, Sony 4K TV, LG 4K TV, etc. Get a great #virtual tour and use it for any waiting room, lobby, relax room, spa center, public transport, gym, hotel, lounge, office, hospital, dental clinic, picture gallery, library, and other public places.  To watch our videos without ads and watermarks subscribe to our relax app: https://4krelax.com  For licensing questions: http://goo.gl/i0VUj6  Please SUBSCRIBE to my 4K RELAXATION CHANNEL so you do not miss anything.",[],1,04092026
147,-sM_WxDpdqQ,Can You Believe This Place Is Real?🇨🇭Scenic Walk Through Grindelwald,19042025,UCOlx478DxwYAwkLnz9ELNIQ,1306663,"🌄 Take a peaceful walk through the stunning alpine village of Grindelwald, Switzerland, nestled in the heart of the Swiss Alps. This real-time walking tour captures the natural beauty, fresh mountain air, and relaxed summer atmosphere of one of Switzerland’s most iconic destinations.  🎥 Filmed with no narration — just the ambient sounds of nature, birdsong, and local life. Perfect for slow TV, relaxation, or virtual travel.  🧭 What You’ll See in This Video: ✔️ Quiet village streets and wooden chalets ✔️ Breathtaking mountain views and green valleys ✔️ Flower-filled balconies and alpine details ✔️ Real ambient sound — no voiceover or music ✔️ The peaceful rhythm of summer in Grindelwald  🕒 Format: Walking Tour | Season: Summer | No Talking | 4K   💬 Have you ever visited the Swiss Alps? Would you like to walk through Grindelwald one day? Let us know in the comments below!  🔔 Don’t forget to like, subscribe, and hit the bell for more immersive walking tours across Switzerland and Europe.  Timeline 0:00 - Intro 1:13 - The walk begins — along some truly scenic trails 12:53 - The central streets of the village 40:40 - The edge of the village and breathtaking views ------------------------------------------------------------------------------------ Video Duration: 1:36:50  📍Location: Grindelwald | Switzerland Shooting time: August 4, 14:23, Sunday Weather: 25°C | 77 °F  Watch My Previous Videos ------------------------------------------------------------------------------------ ▶️ Unbelievably Beautiful! Zurich🇨🇭Summer Walk Like No Other https://youtu.be/e2-zwQv9sbc  ▶️ The Most Beautiful City in Switzerland? 🇨🇭Lucerne | Walking Tour with Stunning Views https://youtu.be/3nYnfYJAkao  ▶️ Have You Heard of This Secret Italian Village Where Italians Vacation? https://youtu.be/OWEqxhBRmjQ  ▶️ What Makes This Island So Exclusive? Walking Through Italy’s Luxury Gem Capri https://youtu.be/bkK0EuIHmjo ---------------------------------------------------------------------------------------- 🔸I'm Denis, a travel enthusiast and professional videographer. I’ve combined my two passions, and now I'm thrilled to share the most beautiful and fascinating places from my travels with you. Step into a world of exploration with me as we embark on captivating walking tours around the globe.  New Video Uploaded Every Week  Don't forget to tell us your opinion in the comments below.  Be sure to share your thoughts in the comments! Your feedback is so important for the growth of my channel. Thank you!  You Can Follow Me On Social Media Links:  ---------------------------------------------------------------------------------------- Instagram: https://www.instagram.com/raevdenis.film Website: https://raevdenis.com/  For Business Inquiries:  raevdenis.film@gmail.com","[{'title': 'Intro', 'timestamp': '0:00:00'}, {'title': 'The walk begins — along some truly scenic trails', 'timestamp': '0:01:13'}, {'title': 'The central streets of the village', 'timestamp': '0:12:53'}, {'title': 'The edge of the village and breathtaking views', 'timestamp': '0:40:40'}]",1,04092026
