id,locality,locality_aka,state,country,iso3,continent,lat,lon,videos,time_of_day,walking_environment,timestamp_labels,embedded_location_text,location_source,start_time,end_time,upload_date,channel
1,Como,[Provincia di Como],Lombardy,Italy,ITA,Europe,45.9395857,9.1493609,[KRUtzHibboI],"[[0,0,0,0,0,0,0,0,0,0,0,0,0,0,0,0,0,0,0,0,0,0]]","[[park_nature,mixed,mixed,park_nature,waterfront,street,waterfront,street,street,street,street,waterfront,mixed,mixed,waterfront,street,street,street,street,street,street,street]]","[[[],[],[],[],[],[],[],[],[],[],[],[],[],[],[],[],[],[],[],[],[],[]]]","[[[],[],[],[],[],[],[],[],[],[],[],[],[BELLAGIO],[],[],[],[],[GRAN CAFE],[],[Piazza San Marco],[SAN GIACOMO],[]]]","[[none,none,none,none,none,none,none,none,none,none,none,none,embedded_video,none,none,none,none,embedded_video,none,embedded_video,embedded_video,none]]","[[45,254,463,1546,2685,3139,3409,3645,4589,4825,8127,8832,10007,10477,10947,12357,12592,12827,13062,13297,13532,13746]]","[[253,462,671,1773,2911,3172,3644,3880,4824,5060,8361,9066,10241,10711,11181,12591,12826,13061,13296,13531,13745,13959]]",[10112025],[UCEZ_zB95xT6J8u33-pBF6UA]
2,Sirmione,[],Lombardy,Italy,ITA,Europe,45.492869,10.6077258,[74gEAesaNiE],"[[0,0,0,0,0,0,0,0,0,0,0,0,0,0,0,0,0,0,0,2,0,0,0,0,0,0,0,0,0,0,0,0,0,0,0,0,0,0,0,0,0,0,0,0,0,0]]","[[street,mixed,mixed,mixed,market,square_plaza,street,street,mixed,mixed,street,mixed,mixed,mixed,street,mixed,mixed,park_nature,mixed,waterfront,waterfront,park_nature,mixed,park_nature,park_nature,beach,beach,mixed,park_nature,park_nature,park_nature,park_nature,mixed,park_nature,park_nature,park_nature,park_nature,park_nature,park_nature,mixed,street,mixed,mixed,mixed,mixed,mixed]]","[[[[80,1:20,Ponte Levatoio — The Castle Drawbridge]],[[80,1:20,Ponte Levatoio — The Castle Drawbridge],[326,5:26,Piazza Castello — Entering the Old Town]],[[326,5:26,Piazza Castello — Entering the Old Town]],[[326,5:26,Piazza Castello — Entering the Old Town],[983,16:23,Via Vittorio Emanuele — The Main Street]],[[983,16:23,Via Vittorio Emanuele — The Main Street],[1074,17:54,Piazza Giosuè Carducci — The Lakefront Piazza]],[[1074,17:54,Piazza Giosuè Carducci — The Lakefront Piazza]],[[1074,17:54,Piazza Giosuè Carducci — The Lakefront Piazza]],[[1074,17:54,Piazza Giosuè Carducci — The Lakefront Piazza]],[[1074,17:54,Piazza Giosuè Carducci — The Lakefront Piazza],[1957,32:37,Piazza Flaminia — Floating Restaurants on the Lake]],[[1957,32:37,Piazza Flaminia — Floating Restaurants on the Lake],[2169,36:09,Piazza Porto Valentino — The Boat Dock]],[[2169,36:09,Piazza Porto Valentino — The Boat Dock]],[[2169,36:09,Piazza Porto Valentino — The Boat Dock],[2800,46:40,Piazza dei Catari]],[[2800,46:40,Piazza dei Catari],[2991,49:51,Piazza Don Angelo Piatti]],[[2991,49:51,Piazza Don Angelo Piatti],[3133,52:13,Via Giuseppe Piana — The Quiet Side Street]],[[3133,52:13,Via Giuseppe Piana — The Quiet Side Street],[3431,57:11,Church of Santa Maria Maggiore]],[[3431,57:11,Church of Santa Maria Maggiore]],[[3431,57:11,Church of Santa Maria Maggiore]],[[3431,57:11,Church of Santa Maria Maggiore],[4103,1:08:23,Abbazia di San Salvatore — Ancient Abbey Ruins]],[[4103,1:08:23,Abbazia di San Salvatore — Ancient Abbey Ruins],[4367,1:12:47,Spiaggia del Prete — Lakeside Beach]],[[4367,1:12:47,Spiaggia del Prete — Lakeside Beach],[4546,1:15:46,Passeggiata delle Muse — The Promenade of the Muses]],[[4546,1:15:46,Passeggiata delle Muse — The Promenade of the Muses]],[[4947,1:22:27,Spiaggia Lido delle Bionde — Blue Flag Beach]],[[4947,1:22:27,Spiaggia Lido delle Bionde — Blue Flag Beach],[5314,1:28:34,Parco Pubblico Tomelleri]],[[5314,1:28:34,Parco Pubblico Tomelleri],[5500,1:31:40,Piazzale Orti Manara]],[[5500,1:31:40,Piazzale Orti Manara],[5581,1:33:01,Path to Jamaica Beach — Through the Olive Groves]],[[5581,1:33:01,Path to Jamaica Beach — Through the Olive Groves],[5828,1:37:08,Jamaica Beach — Hidden Turquoise Cove]],[[5828,1:37:08,Jamaica Beach — Hidden Turquoise Cove]],[[5828,1:37:08,Jamaica Beach — Hidden Turquoise Cove]],[[5828,1:37:08,Jamaica Beach — Hidden Turquoise Cove],[6561,1:49:21,Grotte di Catullo — Roman Villa Ruins]],[[6561,1:49:21,Grotte di Catullo — Roman Villa Ruins]],[[6561,1:49:21,Grotte di Catullo — Roman Villa Ruins]],[[6561,1:49:21,Grotte di Catullo — Roman Villa Ruins]],[[6561,1:49:21,Grotte di Catullo — Roman Villa Ruins]],[[6561,1:49:21,Grotte di Catullo — Roman Villa Ruins]],[[6561,1:49:21,Grotte di Catullo — Roman Villa Ruins]],[[6561,1:49:21,Grotte di Catullo — Roman Villa Ruins],[8506,2:21:46,Via Cesara Arici]],[[8506,2:21:46,Via Cesara Arici],[8709,2:25:09,Chiesa di San Pietro in Mavino — Sirmione's Oldest Church]],[[8709,2:25:09,Chiesa di San Pietro in Mavino — Sirmione's Oldest Church]],[[8709,2:25:09,Chiesa di San Pietro in Mavino — Sirmione's Oldest Church]],[[8709,2:25:09,Chiesa di San Pietro in Mavino — Sirmione's Oldest Church],[9231,2:33:51,Piazza Don Angelo Piatti],[9262,2:34:22,Via Vittorio Emanuele — Return Walk]],[[9262,2:34:22,Via Vittorio Emanuele — Return Walk],[9627,2:40:27,Piazza Giosuè Carducci — Under Blue Skies]],[[9627,2:40:27,Piazza Giosuè Carducci — Under Blue Skies]],[[9627,2:40:27,Piazza Giosuè Carducci — Under Blue Skies],[9952,2:45:52,Castello Scaligero — Inside the Medieval Castle]],[[9952,2:45:52,Castello Scaligero — Inside the Medieval Castle]],[[11108,3:05:08,Chiesa di Sant'Anna della Rocca]],[[11108,3:05:08,Chiesa di Sant'Anna della Rocca],[11221,3:07:01,Ponte Levatoio — The Castle Drawbridge ▶ Watch Next]]]]","[[[Sirmione - Lake Garda,Italy],[],[],[],[],[],[],[light],[],[Piazza Porto Valentino],[Valentino],[],[],[],[],[],[],[],[],[],[],[],[],[],[],[],[],[],[],[],[],[],[],[],[],[],[],[],[HOTEL VILLA SORRENTO],['MUSEO DI GIOIA'],[],[HOTEL],[],[],[],[]]]","[[both,timestamp_description,timestamp_description,timestamp_description,timestamp_description,timestamp_description,timestamp_description,both,timestamp_description,both,both,timestamp_description,timestamp_description,timestamp_description,timestamp_description,timestamp_description,timestamp_description,timestamp_description,timestamp_description,timestamp_description,timestamp_description,timestamp_description,timestamp_description,timestamp_description,timestamp_description,timestamp_description,timestamp_description,timestamp_description,timestamp_description,timestamp_description,timestamp_description,timestamp_description,timestamp_description,timestamp_description,timestamp_description,timestamp_description,timestamp_description,timestamp_description,both,both,timestamp_description,both,timestamp_description,timestamp_description,timestamp_description,timestamp_description]]","[[81,313,545,777,1009,1240,1471,1702,1933,2164,2395,2626,2857,3088,3307,3526,3744,3962,4180,4398,4616,5052,5224,5395,5566,5785,6004,6223,6442,6661,6880,7098,7316,7752,8176,8382,8588,8794,9000,9206,9437,9668,9899,10129,11112,11184]]","[[312,544,776,1008,1239,1470,1701,1932,2163,2394,2625,2856,3087,3306,3525,3743,3961,4179,4397,4615,4833,5223,5394,5565,5784,6003,6222,6441,6660,6879,7097,7315,7533,7969,8381,8587,8793,8999,9205,9436,9667,9898,10128,10358,11183,11371]]",[8082026],[UCNzul4dnciIlDg8BAcn5-cQ]
3,Paris,[],Ile-de-France,France,FRA,Europe,48.8534951,2.3483915,"[6BPuGeS6O4w,j4UScJ9eRBE]","[[2,2,2,2,1,1,2,2,2,2,1,1,1,1,1,1,1,1,1,1,1,1,1],[0,0,0,0,0,0,0,0,0,0,0,0,0,0,0]]","[[street,street,street,market,street,street,street,street,street,waterfront,street,street,street,square_plaza,mixed,square_plaza,square_plaza,mixed,park_nature,mixed,street,waterfront,mixed],[square_plaza,mixed,street,street,mixed,indoor,street,indoor,indoor,indoor,indoor,indoor,indoor,indoor,mixed]]","[[[[0,0:00:00,Intro | Preview PART I: Notre-Dame de Paris; Hôtel de Ville; Rue des Rosiers; etc.],[22,0:00:22,Rue de Buci],[110,0:01:50,ABOUT PARIS | History of Paris (Open CC for subtitles/description)]],[[110,0:01:50,ABOUT PARIS | History of Paris (Open CC for subtitles/description)]],[[110,0:01:50,ABOUT PARIS | History of Paris (Open CC for subtitles/description)]],[[110,0:01:50,ABOUT PARIS | History of Paris (Open CC for subtitles/description)],[938,0:15:38,Fontaine Saint-Michel | Saint-Michel Fountain; Latin Quarter]],[[938,0:15:38,Fontaine Saint-Michel | Saint-Michel Fountain; Latin Quarter],[1136,0:18:56,Rue de la Huchette]],[[1136,0:18:56,Rue de la Huchette]],[[1136,0:18:56,Rue de la Huchette]],[[1136,0:18:56,Rue de la Huchette],[1673,0:27:53,Notre-Dame de Paris Cathedral]],[[1673,0:27:53,Notre-Dame de Paris Cathedral]],[[1673,0:27:53,Notre-Dame de Paris Cathedral]],[[1673,0:27:53,Notre-Dame de Paris Cathedral],[2469,0:41:09,Hôtel de Ville; Paris’s City Hall],[2576,0:42:56,BHV Le Marais]],[[2576,0:42:56,BHV Le Marais]],[[2576,0:42:56,BHV Le Marais],[3017,0:50:17,Rue des Rosiers PART II: Louvre Museum & Louvre Pyramid]],[[3233,0:53:53,Louvre Museum PART III: Eiffel Tower; Place du Trocadero; etc.]],[[3233,0:53:53,Louvre Museum PART III: Eiffel Tower; Place du Trocadero; etc.]],[[3233,0:53:53,Louvre Museum PART III: Eiffel Tower; Place du Trocadero; etc.],[4439,1:13:59,Place du Trocadero & Trocadéro Gardens],[4439,1:13:59,Eiffel Tower]],[[4439,1:13:59,Eiffel Tower]],[[4439,1:13:59,Eiffel Tower]],[[4439,1:13:59,Eiffel Tower]],[[4439,1:13:59,Eiffel Tower]],[[4439,1:13:59,Eiffel Tower]],[[4439,1:13:59,Eiffel Tower],[5604,1:33:24,Eiffel Tower above the Seine River]],[[5604,1:33:24,Eiffel Tower above the Seine River]]],[[],[],[],[],[],[],[],[],[],[],[],[],[],[],[]]]","[[[PART: Notre-Dame de Paris,Hôtel de Ville,Rue des Rosiers,etc.],[],[POTELLE],['Fontaine Saint-Michel'],['Rue de la Huchette'],[MAOZ VEGAN FAST FOOD],[Café de Flore],[],[],[],[PARIS 2024],[],[],[],[],[],[],[],[],[],[],[],[]],[[],[],[],[],[],[],[],[],[],[],[],[],[],[],[]]]","[[both,timestamp_description,both,both,both,both,both,timestamp_description,timestamp_description,timestamp_description,both,timestamp_description,timestamp_description,timestamp_description,timestamp_description,timestamp_description,timestamp_description,timestamp_description,timestamp_description,timestamp_description,timestamp_description,timestamp_description,timestamp_description],[none,none,none,none,none,none,none,none,none,none,none,none,none,none,none]]","[[21,254,487,720,953,1186,1419,1652,1885,2118,2351,2584,2817,3515,3979,4211,4443,4675,4907,5139,5371,5603,5835],[579,800,1020,1240,1460,1697,1934,2170,2406,2642,2878,3350,3586,3875,4043]]","[[253,486,719,952,1185,1418,1651,1884,2117,2350,2583,2816,3049,3746,4210,4442,4674,4906,5138,5370,5602,5834,6066],[799,1019,1239,1459,1696,1933,2169,2405,2641,2877,3113,3585,3653,4042,4209]]","[19112024,5082026]","[UCV2_l3k3JuZwIhiY1H0kSxA,UCmLKaHIZqVpAeQCayN9GZpw]"
4,Otranto,[],Apulia,Italy,ITA,Europe,40.1456661,18.490757,[QMe441s-s4Q],"[[0,0,0,0,0,0,0,-1,0,0,0,0,0,0,0,0,0,0]]","[[beach,waterfront,mixed,mixed,square_plaza,mixed,indoor,indoor,indoor,street,street,mixed,mixed,street,street,mixed,market,market]]","[[[[61,1:01,Spiaggetta del Molo]],[[670,11:10,Outer Wall Swimming Area]],[[670,11:10,Outer Wall Swimming Area],[1208,20:08,Spiaggetta del Molo]],[[1208,20:08,Spiaggetta del Molo],[1469,24:29,La Villa - Giardini Pubblici],[1568,26:08,Lungomare degli Eroi]],[[1568,26:08,Lungomare degli Eroi]],[[1568,26:08,Lungomare degli Eroi],[1955,32:35,Via Basilica]],[[1955,32:35,Via Basilica],[2121,35:21,Otranto Cathedral]],[[2121,35:21,Otranto Cathedral]],[[2121,35:21,Otranto Cathedral]],[[2121,35:21,Otranto Cathedral],[2898,48:18,Corso Garibaldi]],[[2898,48:18,Corso Garibaldi]],[[2898,48:18,Corso Garibaldi],[3144,52:24,Piazzetta De Ferraris],[3192,53:12,Via Immacolata],[3289,54:49,Ex chiesa dell'Immacolata]],[[3289,54:49,Ex chiesa dell'Immacolata],[3375,56:15,Spiaggia Bastioni]],[[3375,56:15,Spiaggia Bastioni],[3685,1:01:25,Piazza Castello],[3730,1:02:10,Castello Aragonese]],[[4502,1:15:02,Chiesa di San Pietro]],[[4502,1:15:02,Chiesa di San Pietro],[4938,1:22:18,Lungomare degli eroi]],[[4938,1:22:18,Lungomare degli eroi],[5433,1:30:33,Lungomare Terra D'Otranto]],[[5433,1:30:33,Lungomare Terra D'Otranto]]]]","[[[Otranto,Italy - The Gateway to the East Sunday - July 19th 12:34 PM 31°C/88°F],[],[],[],[],[],[],[],[PAVIMENTVM TESSELLATVM. MORD: TURCAVMO. INVIRIA PENE. PERPRACTVM. INSTVRATVM. A.C.M.D. CCC.LXXV.],[],[Sito Museo Moulino],[Piazzetta De Ferrari],[],[],[Lo Stagno],[],[],[]]]","[[both,timestamp_description,timestamp_description,timestamp_description,timestamp_description,timestamp_description,timestamp_description,timestamp_description,both,timestamp_description,both,both,timestamp_description,timestamp_description,both,timestamp_description,timestamp_description,timestamp_description]]","[[62,940,1159,1378,1597,1816,2035,2260,2485,2698,2920,3142,3364,3586,4683,4888,5298,5503]]","[[281,1158,1377,1596,1815,2034,2259,2484,2697,2919,3141,3363,3585,3807,4887,5092,5502,5707]]",[15082026],[UCNzul4dnciIlDg8BAcn5-cQ]
5,Monaco,[],,Monaco,MCO,Europe,43.7309697,7.4248152,[XIrLrs8vhGg],"[[0,0,0,0,0,0,0,0,0,0,0,0,0,0,0,0,0,0,0,0,0,0]]","[[mixed,street,square_plaza,mixed,mixed,mixed,mixed,park_nature,mixed,mixed,street,street,mixed,square_plaza,street,mixed,square_plaza,square_plaza,square_plaza,park_nature,indoor,mixed]]","[[[[0,0:00,Intro],[97,01:37,Casino Gardens]],[[97,01:37,Casino Gardens],[358,05:58,Casino Square & Monte Carlo Casino]],[[358,05:58,Casino Square & Monte Carlo Casino]],[[358,05:58,Casino Square & Monte Carlo Casino],[911,15:11,Acclimatization Garden]],[[911,15:11,Acclimatization Garden],[1241,20:41,Av. d'Ostende]],[[1241,20:41,Av. d'Ostende]],[[1821,30:21,Port Hercule Marina],[2625,43:45,Spélugues Park]],[[2934,48:54,Japanese Garden]],[[2934,48:54,Japanese Garden],[3554,59:14,Alley of Francois Blanc],[3672,1:01:12,Atrium of the Monaco Casino]],[[3895,1:04:55,Little Africa Gardens]],[[3895,1:04:55,Little Africa Gardens]],[[3895,1:04:55,Little Africa Gardens]],[[3895,1:04:55,Little Africa Gardens]],[[3895,1:04:55,Little Africa Gardens]],[[3895,1:04:55,Little Africa Gardens]],[[3895,1:04:55,Little Africa Gardens]],[[3895,1:04:55,Little Africa Gardens],[5889,1:38:09,Prince’s Palace Square]],[[5889,1:38:09,Prince’s Palace Square]],[[5889,1:38:09,Prince’s Palace Square]],[[5889,1:38:09,Prince’s Palace Square],[6611,1:50:11,Saint Martin Gardens]],[[6611,1:50:11,Saint Martin Gardens],[6835,1:53:55,Monaco Cathedral]],[[6835,1:53:55,Monaco Cathedral],[7229,2:00:29,Final Views from 'The Frame']]]]","[[[],[MONTE-CARLO],[MONT CARLO],[],[],[],[],[],[],[TRISTAN],[LA MAIRIE],[],[],[],[MONTE-CARLO],[],[],[],[],[],[],[]]]","[[timestamp_description,both,both,timestamp_description,timestamp_description,timestamp_description,timestamp_description,timestamp_description,timestamp_description,both,both,timestamp_description,timestamp_description,timestamp_description,both,timestamp_description,timestamp_description,timestamp_description,timestamp_description,timestamp_description,timestamp_description,timestamp_description]]","[[85,325,565,805,1045,1285,2482,2960,3438,3916,4155,4394,4633,4872,5111,5589,5828,6067,6306,6545,6784,7023]]","[[324,564,804,1044,1284,1524,2720,3198,3676,4154,4393,4632,4871,5110,5349,5827,6066,6305,6544,6783,7022,7261]]",[3082025],[UC0TqihOw3aHbHDi-EWBfFeA]
6,Utrecht,[],Utrecht,Netherlands,NLD,Europe,52.0907006,5.1215634,[MqMSXIOp1fM],"[[0,0,0,0,0,0,0,0,0,0,0,0,0,0,0,0,0,0,0]]","[[street,waterfront,street,street,street,street,waterfront,street,street,mixed,mixed,street,waterfront,street,indoor,indoor,indoor,indoor,street]]","[[[],[],[],[],[],[],[],[],[],[],[],[],[],[],[],[],[],[],[]]]","[[[],[],[],[Wassenhuis],[],[],[],[],[],[],[],[],[],[],[],[],['Utrecht Centraal'],[],[]]]","[[none,none,none,embedded_video,none,none,none,none,none,none,none,none,none,none,none,none,embedded_video,none,none]]","[[7,195,383,570,757,975,1193,1411,1847,2065,2283,2501,2719,2937,3137,3337,3537,3685,3896]]","[[194,382,569,756,974,1192,1410,1628,2064,2282,2500,2718,2936,3136,3336,3536,3684,3895,4106]]",[6082026],[UC20vyRWEaC2GIS8DkmeRQaA]
7,Barcelona,[],Catalonia,Spain,ESP,Europe,41.3825802,2.177073,"[4OQ9_NPdr7Q,hHv9seE7xd8]","[[0,0,0,0,0,0,0,2,2,2,0,2,2,2,2,2,2,2,2,2,2,2,2,2],[0,0,0,0,0,0,0,0,0,0,0,0,0,0,0,0,0,0,0,0]]","[[street,street,street,street,street,street,street,street,street,street,mixed,street,street,street,street,street,square_plaza,mixed,street,street,street,street,street,street],[street,street,street,street,street,street,street,street,street,street,street,street,street,street,street,street,street,street,street,street]]","[[[[55,00:55,La Pedrera],[177,02:57,Passeig de Gràcia]],[[177,02:57,Passeig de Gràcia],[443,07:23,Baró de Quadras Palace]],[[565,09:25,Casa de les Punxes]],[[565,09:25,Casa de les Punxes],[1179,19:39,Casa Comalat]],[[1179,19:39,Casa Comalat],[1433,23:53,Casa Bonaventura Ferrer]],[[1587,26:27,Casa Fuster]],[[1587,26:27,Casa Fuster],[2070,34:30,Rambla de Catalunya]],[[2070,34:30,Rambla de Catalunya]],[[2070,34:30,Rambla de Catalunya]],[[2070,34:30,Rambla de Catalunya],[3124,52:04,Casa Batlló]],[[3124,52:04,Casa Batlló]],[[3124,52:04,Casa Batlló],[3465,57:45,Rambla de Catalunya #2]],[[3465,57:45,Rambla de Catalunya #2],[4022,1:07:02,University of Barcelona]],[[4022,1:07:02,University of Barcelona],[4291,1:11:31,Pelai Street]],[[4291,1:11:31,Pelai Street]],[[4291,1:11:31,Pelai Street]],[[4291,1:11:31,Pelai Street],[4856,1:20:56,Catalonia Square]],[[4856,1:20:56,Catalonia Square],[5086,1:24:46,Portal de l'Àngel Avenue]],[[5086,1:24:46,Portal de l'Àngel Avenue]],[[5086,1:24:46,Portal de l'Àngel Avenue],[5565,1:32:45,Passeig de Gràcia Night]],[[5565,1:32:45,Passeig de Gràcia Night]],[[5565,1:32:45,Passeig de Gràcia Night]],[[6295,1:44:55,Casa Batlló Night]],[[6295,1:44:55,Casa Batlló Night],[6747,1:52:27,La Pedrera Night #barcelona #walkingtour #4kwalk #citywalk #spaintravel #relaxingvideo]]],[[[0,0:00,Passeig de Gràcia Shopping Street]],[[0,0:00,Passeig de Gràcia Shopping Street]],[[0,0:00,Passeig de Gràcia Shopping Street]],[[0,0:00,Passeig de Gràcia Shopping Street]],[[0,0:00,Passeig de Gràcia Shopping Street],[1166,19:26,Plaça de Catalunya]],[[1166,19:26,Plaça de Catalunya],[1521,25:21,La Rambla]],[[1521,25:21,La Rambla]],[[1521,25:21,La Rambla],[1828,30:28,Gothic Quarter]],[[1828,30:28,Gothic Quarter]],[[1828,30:28,Gothic Quarter]],[[1828,30:28,Gothic Quarter],[2334,38:54,Barcelona Cathedral]],[[2334,38:54,Barcelona Cathedral]],[[2663,44:23,Plaça de Sant Jaume & Barcelona City Hall],[2723,45:23,Gothic Quarter]],[[2723,45:23,Gothic Quarter]],[[2723,45:23,Gothic Quarter]],[[2723,45:23,Gothic Quarter],[3343,55:43,Plaça Reial – Royal Square]],[[3343,55:43,Plaça Reial – Royal Square]],[[3343,55:43,Plaça Reial – Royal Square]],[[3343,55:43,Plaça Reial – Royal Square],[3897,1:04:57,Casa Milà – La Pedrera],[3997,1:06:37,Passeig de Gràcia 🎬 Filming Info: 📍 Location: Barcelona; Spain 🇪🇸 📽️ Format: 4K Ultra HD at 60fps 🎧 Audio: Real city sounds – no music; no commentary ☀️ Time: Daytime 🤝 Business Inquiries and Contact:]],[[3997,1:06:37,Passeig de Gràcia 🎬 Filming Info: 📍 Location: Barcelona; Spain 🇪🇸 📽️ Format: 4K Ultra HD at 60fps 🎧 Audio: Real city sounds – no music; no commentary ☀️ Time: Daytime 🤝 Business Inquiries and Contact:]]]]","[[[],[],[],[],[AVENIDA DE LA REPÚBLICA],[],[],[],[],[],[],[],['UNIVERSITY OF BARCELONA'],[],[],[],[],[],[],[],[UNIQLO],[],[TAXI],[LA PEGGERA]],[[],[CASA BATLLÓ],[],[],[],[Feria de la Moda],[],[FARMACIA],[],[COCHE],[saba°],[],[],[WILDE MINERALS],[PES],[],[],[],[],[]]]","[[timestamp_description,timestamp_description,timestamp_description,timestamp_description,both,timestamp_description,timestamp_description,timestamp_description,timestamp_description,timestamp_description,timestamp_description,timestamp_description,both,timestamp_description,timestamp_description,timestamp_description,timestamp_description,timestamp_description,timestamp_description,timestamp_description,both,timestamp_description,both,both],[timestamp_description,both,timestamp_description,timestamp_description,timestamp_description,both,timestamp_description,both,timestamp_description,both,both,timestamp_description,timestamp_description,both,both,timestamp_description,timestamp_description,timestamp_description,timestamp_description,timestamp_description]]","[[65,302,776,1013,1250,1724,1961,2198,2672,2909,3146,3383,3855,4091,4327,4563,4799,5035,5271,5507,5743,5979,6451,6687],[11,244,477,710,943,1407,1639,1816,1993,2170,2322,2474,2663,2852,3040,3250,3460,3670,3889,4108]]","[[301,538,1012,1249,1486,1960,2197,2434,2908,3145,3382,3618,4090,4326,4562,4798,5034,5270,5506,5742,5978,6214,6686,6922],[243,476,709,942,1174,1638,1815,1992,2169,2321,2473,2662,2851,3039,3249,3459,3669,3888,4107,4326]]","[3102025,15082026]","[UC1Xv-eIqlHv9agR0DCWaXHw,UC20vyRWEaC2GIS8DkmeRQaA]"
8,Greater London,[Central London],England,United Kingdom,GBR,Europe,51.5824581,-0.2289046,[dAuOT2DjJ1Y],"[[0,0,0,0,0,0,0,0,0,0,0,0,0,0,0,0,0,0,0,0,0,0]]","[[mixed,street,street,street,street,mixed,mixed,mixed,mixed,square_plaza,mixed,mixed,street,mixed,street,street,street,street,street,street,street,street]]","[[[],[],[],[],[],[],[],[],[],[],[],[],[],[],[],[],[],[],[],[],[],[]]]","[[['London City Walk'],['London City Walk'],[London City Walk],[London City Walk],[London City Walk],[London City Walk],[London City Walk],[London City Walk],[London City Walk],[London City Walk],[London City Walk],[London City Walk],[London City Walk],[London City Walk],[London City Walk],[London City Walk],[London City Walk],[London City Walk],[London City Walk],[London City Walk],[London City Walk],[London City Walk]]]","[[embedded_video,embedded_video,embedded_video,embedded_video,embedded_video,embedded_video,embedded_video,embedded_video,embedded_video,embedded_video,embedded_video,embedded_video,embedded_video,embedded_video,embedded_video,embedded_video,embedded_video,embedded_video,embedded_video,embedded_video,embedded_video,embedded_video]]","[[87,254,449,643,1019,1220,1622,1828,2034,2240,2472,2704,2936,3168,3400,3600,3799,3998,4197,4239,4479,4719]]","[[253,448,642,830,1219,1420,1827,2033,2239,2471,2703,2935,3167,3399,3599,3798,3997,4196,4238,4478,4718,4957]]",[10082026],[UCBvZ2hEzZZaWAIrUHVN6YUw]
9,Lauterbrunnen,[],Bern,Switzerland,CHE,Europe,46.5939043,7.9078016,[Qj0TbRiRjFE],"[[0,0,0,0,0,0,0,0,0,0,0]]","[[park_nature,park_nature,trail,park_nature,trail,park_nature,park_nature,mixed,street,street,street]]","[[[[809,13:29,Staubbachfall],[1040,17:20,Tunnel to Trümmelbach Falls]],[[1040,17:20,Tunnel to Trümmelbach Falls]],[[1040,17:20,Tunnel to Trümmelbach Falls]],[[1040,17:20,Tunnel to Trümmelbach Falls]],[[1040,17:20,Tunnel to Trümmelbach Falls]],[[1040,17:20,Tunnel to Trümmelbach Falls]],[[1040,17:20,Tunnel to Trümmelbach Falls],[3072,51:12,White Lütschine river]],[[3072,51:12,White Lütschine river]],[[3072,51:12,White Lütschine river],[3742,1:02:22,Hauptstrasse]],[[3742,1:02:22,Hauptstrasse]],[[3742,1:02:22,Hauptstrasse]]]]","[[[],[],[],[],[],[],[],[],[],[Hotel Oberland],[]]]","[[timestamp_description,timestamp_description,timestamp_description,timestamp_description,timestamp_description,timestamp_description,timestamp_description,timestamp_description,timestamp_description,both,timestamp_description]]","[[1009,1246,1957,2194,2431,2668,2905,3379,3616,4090,5275]]","[[1245,1482,2193,2430,2667,2904,3141,3615,3852,4326,5511]]",[4102025],[UCOlx478DxwYAwkLnz9ELNIQ]
10,Venice,[],Veneto,Italy,ITA,Europe,45.4371908,12.3345898,"[NAwI19WQDVc,2BfHMnDOteA]","[[2,0,0,0,0,0,0,0,0,0,0,0,0,0,0,0,0,0,0,0,0,2,0,0,0,2],[0,0,0,0,0,0,0,0,0,0,0,0,0,0,0,0,0,0,0,0,0,0,0,0,0,0,0,0,0,0,0,0,0,0,0,0,0,0,0,0,0,0,0,0,0,0,0,0]]","[[waterfront,waterfront,market,square_plaza,market,waterfront,market,street,mixed,waterfront,square_plaza,square_plaza,square_plaza,square_plaza,square_plaza,market,market,square_plaza,mixed,mixed,waterfront,square_plaza,street,street,mixed,mixed],[waterfront,market,waterfront,mixed,street,street,market,market,market,market,square_plaza,mixed,mixed,mixed,market,street,street,street,street,indoor,square_plaza,square_plaza,market,square_plaza,market,street,street,mixed,street,street,street,street,street,market,mixed,indoor,mixed,street,street,market,street,mixed,street,street,street,street,waterfront,mixed]]","[[[[0,00:00,Intro],[49,0:00:49,Rialto Bridge]],[[49,0:00:49,Rialto Bridge]],[[49,0:00:49,Rialto Bridge]],[[900,0:15:00,Campo San Giacomo di Rialto Square],[1092,0:18:12,Rialto Market Area]],[[1092,0:18:12,Rialto Market Area]],[[1092,0:18:12,Rialto Market Area],[1460,0:24:20,Riva del Vin]],[[1460,0:24:20,Riva del Vin],[2027,0:33:47,Campo San Bortolomio Square]],[[2027,0:33:47,Campo San Bortolomio Square],[2253,0:37:33,Campo San Salvador Square]],[[2253,0:37:33,Campo San Salvador Square],[2485,0:41:25,Campo San Luca Square],[2616,0:43:36,Fondamenta Orseolo Street]],[[2616,0:43:36,Fondamenta Orseolo Street],[2755,0:45:55,Bacino Orselo Gondola Park]],[[2755,0:45:55,Bacino Orselo Gondola Park],[3005,0:50:05,St. Mark’s Square]],[[3005,0:50:05,St. Mark’s Square]],[[3005,0:50:05,St. Mark’s Square]],[[3005,0:50:05,St. Mark’s Square],[3576,0:59:36,St. Mark’s Basilica],[3734,1:02:14,Doge’s Palace Exterior]],[[3734,1:02:14,Doge’s Palace Exterior],[3921,1:05:21,Lagoon Views]],[[3921,1:05:21,Lagoon Views],[4122,1:08:42,Giardini Ex Reali]],[[4122,1:08:42,Giardini Ex Reali]],[[4650,1:17:30,Bridge of Sighs],[4811,1:20:11,Campo Santa María Formosa Square]],[[4811,1:20:11,Campo Santa María Formosa Square]],[[4811,1:20:11,Campo Santa María Formosa Square],[5275,1:27:55,Fondamenta dell'Osmarin Street]],[[5275,1:27:55,Fondamenta dell'Osmarin Street],[5494,1:31:34,Campo Santi Filippo e Giacomo Square]],[[5494,1:31:34,Campo Santi Filippo e Giacomo Square],[5718,1:35:18,St. Mark’s Square (2nd round)]],[[5718,1:35:18,St. Mark’s Square (2nd round)],[6246,1:44:06,Campo San Moisè Square]],[[6246,1:44:06,Campo San Moisè Square],[6463,1:47:43,Campello Santa Maria Zobenigo Square],[6586,1:49:46,Campo San Maurizio Square]],[[6586,1:49:46,Campo San Maurizio Square],[6661,1:51:01,Campo Santo Stefano Square]],[[6661,1:51:01,Campo Santo Stefano Square],[6871,1:54:31,Sunset at Academia Bridge #venice #veniceitaly #venicewalkingtour #venice4k #veniceitaly4k #venicecanals #venicegondola #walkingtour #italy #italytravel #italywalk #italy4k #italywalkingtour #venezia]]],[[[0,0:00,Intro and Map ⭐],[278,4:38,Rialto Bridge and Canal Walk]],[[278,4:38,Rialto Bridge and Canal Walk]],[[278,4:38,Rialto Bridge and Canal Walk]],[[278,4:38,Rialto Bridge and Canal Walk]],[[278,4:38,Rialto Bridge and Canal Walk],[1618,26:58,Venetian Mask Shop ⭐]],[[1618,26:58,Venetian Mask Shop ⭐]],[[1618,26:58,Venetian Mask Shop ⭐],[2015,33:35,Fish Market]],[[2015,33:35,Fish Market]],[[2015,33:35,Fish Market],[2662,44:22,Campo Erberia]],[[2662,44:22,Campo Erberia],[3116,51:56,Rialto Bridge ⭐]],[[3116,51:56,Rialto Bridge ⭐]],[[3506,58:26,Scenic Rooftop Terrace]],[[3506,58:26,Scenic Rooftop Terrace]],[[3506,58:26,Scenic Rooftop Terrace]],[[3506,58:26,Scenic Rooftop Terrace]],[[4585,1:16:25,San Salvador Church ⭐]],[[4585,1:16:25,San Salvador Church ⭐]],[[4585,1:16:25,San Salvador Church ⭐]],[[4585,1:16:25,San Salvador Church ⭐],[5515,1:31:55,Piazza San Marco ⭐]],[[6077,1:41:17,St. Mark's Campanile View ⭐]],[[6077,1:41:17,St. Mark's Campanile View ⭐]],[[6077,1:41:17,St. Mark's Campanile View ⭐]],[[6077,1:41:17,St. Mark's Campanile View ⭐],[7432,2:03:52,Bridge of Sighs],[7473,2:04:33,Waterfront Walk]],[[7473,2:04:33,Waterfront Walk]],[[7473,2:04:33,Waterfront Walk]],[[7473,2:04:33,Waterfront Walk],[8100,2:15:00,Hidden Heart]],[[8100,2:15:00,Hidden Heart]],[[8100,2:15:00,Hidden Heart]],[[8100,2:15:00,Hidden Heart],[8770,2:26:10,Campo San Zaccaria]],[[8770,2:26:10,Campo San Zaccaria],[8919,2:28:39,Campo Santi Filippo e Giacomo],[8999,2:29:59,Ponte de Canonica]],[[8999,2:29:59,Ponte de Canonica],[9276,2:34:36,Calle Larga S. Marco]],[[9276,2:34:36,Calle Larga S. Marco],[9536,2:38:56,Venetian Mask Shop]],[[9536,2:38:56,Venetian Mask Shop]],[[9536,2:38:56,Venetian Mask Shop],[9824,2:43:44,Campo Santa Maria Formosa ⭐],[10046,2:47:26,Amazing Book Store (Libreria Acqua Alta)]],[[10046,2:47:26,Amazing Book Store (Libreria Acqua Alta)]],[[10046,2:47:26,Amazing Book Store (Libreria Acqua Alta)]],[[10851,3:00:51,Campo Santi Giovanni e Paolo]],[[10851,3:00:51,Campo Santi Giovanni e Paolo],[11318,3:08:38,Campo Santa Maria Nova]],[[11318,3:08:38,Campo Santa Maria Nova],[11526,3:12:06,Ponte dei Zogatoli],[11626,3:13:46,Campiello del Remer]],[[11626,3:13:46,Campiello del Remer]],[[11626,3:13:46,Campiello del Remer],[11888,3:18:08,Hidden Grand Canal View]],[[12262,3:24:22,Rialto Bridge ⭐]],[[12262,3:24:22,Rialto Bridge ⭐]],[[12262,3:24:22,Rialto Bridge ⭐]],[[12262,3:24:22,Rialto Bridge ⭐]],[[12262,3:24:22,Rialto Bridge ⭐]],[[12262,3:24:22,Rialto Bridge ⭐]],[[13752,3:49:12,Grocery Store Inside Old Theater],[14106,3:55:06,Campo San Marcuola ▶ Continue The Walk (Part 2)]]]]","[[[In This Walk ...],[],[],[],[MERCATO COPERTO DI CARRARA],[],[CHANGE CAMPUS],[PONTE DEL LOVO],[POZZO DEL CONO],[],[BOSS],['MUSEO DELLA CIVILTÀ DEL LAVORO'],[],[],[],[],[],[],[],[],[],[],[GALLERIA],[],[],[]],[['Rialto Bridge'],[],[],[Rialto],[La Bottega Dei Mascareri],[CASA DELLA VITTORIA],[],[],[],[],['13. Campo san Bortolomio'],[],[],[],[ITALIA],[],[Intimissimi],[],[SNAKES],[],[MUSEUM],[],['24. Bridge of Sighs'],[LONDRINA ALA],[Hotel],[PIZZA],[],[],[CALLE DEI S. PIETRO],[SALTZ],[],[],[],['35. Chiesa Parrocchiale di Santa Maria Formosa'],['ALTARACQUA Libreria'],['Libreria ACQUA ALTA'],[],[],[],[],[],[],[SEPHORA],[],[],[],[],[]]]","[[both,timestamp_description,timestamp_description,timestamp_description,both,timestamp_description,both,both,both,timestamp_description,both,both,timestamp_description,timestamp_description,timestamp_description,timestamp_description,timestamp_description,timestamp_description,timestamp_description,timestamp_description,timestamp_description,timestamp_description,both,timestamp_description,timestamp_description,timestamp_description],[both,timestamp_description,timestamp_description,both,both,both,timestamp_description,timestamp_description,timestamp_description,timestamp_description,both,timestamp_description,timestamp_description,timestamp_description,both,timestamp_description,both,timestamp_description,both,timestamp_description,both,timestamp_description,both,both,both,both,timestamp_description,timestamp_description,both,both,timestamp_description,timestamp_description,timestamp_description,both,both,both,timestamp_description,timestamp_description,timestamp_description,timestamp_description,timestamp_description,timestamp_description,both,timestamp_description,timestamp_description,timestamp_description,timestamp_description,timestamp_description]]","[[31,267,503,973,1208,1443,1913,2148,2383,2618,2853,3088,3323,3558,3793,4028,4263,4733,4968,5203,5438,5673,6143,6378,6613,6848],[71,740,963,1186,1409,1632,1861,2090,2548,3006,3235,3688,3912,4136,4359,4800,5018,5236,5454,6107,6740,7156,7364,7572,7779,7986,8222,8458,8686,8913,9140,9367,9594,9823,10052,10510,10968,11197,11426,11655,11884,12342,12571,12799,13027,13255,13483,13939]]","[[266,502,737,1207,1442,1677,2147,2382,2617,2852,3087,3322,3557,3792,4027,4262,4497,4967,5202,5437,5672,5907,6377,6612,6847,7082],[293,962,1185,1408,1631,1860,2089,2318,2776,3234,3463,3911,4135,4358,4581,5017,5235,5453,5671,6313,6947,7363,7571,7778,7985,8221,8457,8685,8912,9139,9366,9593,9822,10051,10280,10738,11196,11425,11654,11883,12112,12570,12798,13026,13254,13482,13710,14166]]","[3042026,19112022]","[UC0TqihOw3aHbHDi-EWBfFeA,UCNzul4dnciIlDg8BAcn5-cQ]"
11,Amsterdam,[],North Holland,Netherlands,NLD,Europe,52.3730796,4.8924534,"[w-P2O67gNMY,ljh-PZI7GY4,L-7hCkpXhvg]","[[0,0,0,0,0,0,0,0,0,0,0,0,0,0,0,0,0,0,0,2,0,0,0,0,2,0,0,0],[0,0,0,0,0,0,0,0,0,0,0,0,0,0,0,0,0,0,0,0,0,0,0],[0,0,0,0,0,0,0,2,0,2,2,0,0,0,0,0,0,0,0,0,0,0,0,0,0,0,0,0,0,0,0,0,0,0,0,0,0,0,0,0,0,0,0,2,2,2,2,2,2,1,0,0,0,0,0,0,0,0,0,2,1,1,1,1,1,1,1,1,2,2,2,2,2,2,2,0,0,0,0,0,0,0,0,0,0,0,0,0,0,0,0,0,0,0,0,0,0,0]]","[[street,street,street,street,street,street,street,street,street,street,street,street,street,street,street,street,street,street,street,mixed,street,street,street,street,street,street,street,street],[street,street,street,street,mixed,mixed,street,street,mixed,mixed,mixed,street,street,street,street,street,street,street,street,street,street,street,street],[street,street,street,street,street,square_plaza,street,street,street,street,mixed,street,street,street,mixed,mixed,street,street,street,street,street,street,street,street,street,street,street,mixed,waterfront,street,street,street,street,street,waterfront,street,street,street,street,street,street,street,street,street,street,street,street,street,street,street,mixed,street,mixed,street,street,street,street,market,market,street,street,street,street,street,street,street,street,street,street,mixed,street,street,street,street,square_plaza,street,street,street,street,street,street,street,square_plaza,street,street,mixed,street,street,street,street,street,street,street,square_plaza,square_plaza,street,street,street]]","[[[[0,0:00,Kalverstraat & Rokin]],[[0,0:00,Kalverstraat & Rokin]],[[0,0:00,Kalverstraat & Rokin]],[[0,0:00,Kalverstraat & Rokin],[700,11:40,Royal Palace & Dam Square]],[[700,11:40,Royal Palace & Dam Square],[892,14:52,Damrak]],[[892,14:52,Damrak]],[[1260,21:00,Nieuwendijk]],[[1260,21:00,Nieuwendijk]],[[1260,21:00,Nieuwendijk],[1700,28:20,Other side of Nieuwendijk Street]],[[1700,28:20,Other side of Nieuwendijk Street],[1926,32:06,Haarlemmerstraat]],[[1926,32:06,Haarlemmerstraat],[2242,37:22,Walking along the Canal]],[[2242,37:22,Walking along the Canal]],[[2242,37:22,Walking along the Canal],[2856,47:36,Typical Narrow Streets],[2988,49:48,Nieuwezijds Voorburgwal]],[[2988,49:48,Nieuwezijds Voorburgwal]],[[2988,49:48,Nieuwezijds Voorburgwal],[3190,53:10,Authentic Side Streets of Amsterdam]],[[3190,53:10,Authentic Side Streets of Amsterdam]],[[3190,53:10,Authentic Side Streets of Amsterdam]],[[3190,53:10,Authentic Side Streets of Amsterdam]],[[3190,53:10,Authentic Side Streets of Amsterdam],[4097,1:08:17,Nieuwendijk],[4200,1:10:00,Damrak]],[[4200,1:10:00,Damrak]],[[4200,1:10:00,Damrak]],[[4200,1:10:00,Damrak],[4906,1:21:46,Dam Square; Kalverstraat & More Side Streets]],[[4906,1:21:46,Dam Square; Kalverstraat & More Side Streets]],[[4906,1:21:46,Dam Square; Kalverstraat & More Side Streets]],[[4906,1:21:46,Dam Square; Kalverstraat & More Side Streets],[5767,1:36:07,Koningsplein & Leidsestraat]],[[5767,1:36:07,Koningsplein & Leidsestraat]],[[5767,1:36:07,Koningsplein & Leidsestraat],[6331,1:45:31,Lange Leidsedwarsstraat]],[[6331,1:45:31,Lange Leidsedwarsstraat],[6506,1:48:26,Prinsengracht 🎬 Filming Info: 📍 Location: Amsterdam; Netherlands 🇳🇱 📽️ Format: 4K Ultra HD at 60fps 🎧 Audio: Real city sounds – no music; no commentary ☀️ Time: Daytime 🤝 Business Inquiries and Contac]]],[[[0,0:00,Rokin]],[[0,0:00,Rokin],[491,8:11,Royal Palace & Dam Square]],[[491,8:11,Royal Palace & Dam Square],[648,10:48,Damrak]],[[648,10:48,Damrak]],[[648,10:48,Damrak]],[[648,10:48,Damrak],[1381,23:01,De Wallen & Red Light District]],[[1381,23:01,De Wallen & Red Light District]],[[1381,23:01,De Wallen & Red Light District]],[[1381,23:01,De Wallen & Red Light District]],[[1381,23:01,De Wallen & Red Light District]],[[1381,23:01,De Wallen & Red Light District]],[[1381,23:01,De Wallen & Red Light District]],[[1381,23:01,De Wallen & Red Light District]],[[1381,23:01,De Wallen & Red Light District],[3342,55:42,Nieuwebrugsteeg & Prins Hendrikkade]],[[3342,55:42,Nieuwebrugsteeg & Prins Hendrikkade]],[[3342,55:42,Nieuwebrugsteeg & Prins Hendrikkade],[3740,1:02:20,Nieuwendijk]],[[3740,1:02:20,Nieuwendijk]],[[3740,1:02:20,Nieuwendijk]],[[3740,1:02:20,Nieuwendijk],[4393,1:13:13,Dam Square],[4536,1:15:36,Kalverstraat 🎬 Filming Info: 📍 Location: Amsterdam; Netherlands 🇳🇱 📽️ Format: 4K Ultra HD at 60fps 🎧 Audio: Real city sounds – no music; no commentary ☀️ Time: Daytime 🤝 Business Inquiries and Contact]],[[4536,1:15:36,Kalverstraat 🎬 Filming Info: 📍 Location: Amsterdam; Netherlands 🇳🇱 📽️ Format: 4K Ultra HD at 60fps 🎧 Audio: Real city sounds – no music; no commentary ☀️ Time: Daytime 🤝 Business Inquiries and Contact]],[[4536,1:15:36,Kalverstraat 🎬 Filming Info: 📍 Location: Amsterdam; Netherlands 🇳🇱 📽️ Format: 4K Ultra HD at 60fps 🎧 Audio: Real city sounds – no music; no commentary ☀️ Time: Daytime 🤝 Business Inquiries and Contact]],[[4536,1:15:36,Kalverstraat 🎬 Filming Info: 📍 Location: Amsterdam; Netherlands 🇳🇱 📽️ Format: 4K Ultra HD at 60fps 🎧 Audio: Real city sounds – no music; no commentary ☀️ Time: Daytime 🤝 Business Inquiries and Contact]],[[4536,1:15:36,Kalverstraat 🎬 Filming Info: 📍 Location: Amsterdam; Netherlands 🇳🇱 📽️ Format: 4K Ultra HD at 60fps 🎧 Audio: Real city sounds – no music; no commentary ☀️ Time: Daytime 🤝 Business Inquiries and Contact]]],[[],[],[],[],[],[],[],[],[],[],[],[],[],[],[],[],[],[],[],[],[],[],[],[],[],[],[],[],[],[],[],[],[],[],[],[],[],[],[],[],[],[],[],[],[],[],[],[],[],[],[],[],[],[],[],[],[],[],[],[],[],[],[],[],[],[],[],[],[],[],[],[],[],[],[],[],[],[],[],[],[],[],[],[],[],[],[],[],[],[],[],[],[],[],[],[],[],[]]]","[[[POP MART],[],[PANDOR],[PULL & BE],[Albert Heijn],[KFC],[],[SEAT'S WORLD],[],[],[],[],[],[],[],[],[],[],[],[HOTEL CONTINENTAL],[TRAVEL TIPS],[],[],[],[MUSEUMSTRAAT],[],[Bijenkorf],[]],[[],[HAGEN],[HOTEL AMSTERDAM],[],[AMSTERDAM],[],[],[],[],[HOUSE OF],[],[],[JAN H. TORNOT],[Satisfyer],[DE GROOTE SWAAN],[FRANKEL'S],[],[Stitch Fix],[MADAME TUSSAUDS],[THE STONE],[],[],[]],[[THE STUDIO],[],[],[MUSEUM QUARTIER],[House of Fries],[DE EVENHOR],[],[Burgershop],[Balk],[],[],[H&M],[Holland & Barrett],[FINE ART BOX],[],[MARIJN],[Café de Jaren],[],[HOTEL],[],[],[],[],[],[SOUVENIRS],[GIFTSHOP SOUVENIRS CASTLE CASH],[WALMART],[],[],[],[],[],[],[],[],[],[de AStap],[],[],[],[],[],[H&M],[DUTCH],[PRIMARK],[Bon Dia],[LA PLAZA],[DE BIJENKONING],[MACAU MACAU RESTAURANT],[],[SHOP],[],[],[],[],[],[],[],[FLOWERS FROM HOLLAND],[Holland Bar],[],[],[],[GRILL ROOM AMSTERDAM],[],[AIRLINES],[],[Leidseplein],[SACK],[MUSEUM ISLAND],[RIJKS MUSEUM AMSTERDAM],[DE BENNO],[],[],['Amsterdam Centraal'],[Amsterdam],[MAG BAGS],[We Lom],[Amsterdam],[],[],[Bershka],[],[],[],[REDERIJ],[],[],[],[ANNALISA],[INDONESIAN FOOD SIE JOE],[],[],[HOTDOGS],[RATHAUS],[BAKERY],[],[]]]","[[both,timestamp_description,both,both,both,both,timestamp_description,both,timestamp_description,timestamp_description,timestamp_description,timestamp_description,timestamp_description,timestamp_description,timestamp_description,timestamp_description,timestamp_description,timestamp_description,timestamp_description,both,both,timestamp_description,timestamp_description,timestamp_description,both,timestamp_description,both,timestamp_description],[timestamp_description,both,both,timestamp_description,both,timestamp_description,timestamp_description,timestamp_description,timestamp_description,both,timestamp_description,timestamp_description,both,both,both,both,timestamp_description,both,both,both,timestamp_description,timestamp_description,timestamp_description],[embedded_video,none,none,embedded_video,embedded_video,embedded_video,none,embedded_video,embedded_video,none,none,embedded_video,embedded_video,embedded_video,none,embedded_video,embedded_video,none,embedded_video,none,none,none,none,none,embedded_video,embedded_video,embedded_video,none,none,none,none,none,none,none,none,none,embedded_video,none,none,none,none,none,embedded_video,embedded_video,embedded_video,embedded_video,embedded_video,embedded_video,embedded_video,none,embedded_video,none,none,none,none,none,none,none,embedded_video,embedded_video,none,none,none,embedded_video,none,embedded_video,none,embedded_video,embedded_video,embedded_video,embedded_video,embedded_video,none,none,embedded_video,embedded_video,embedded_video,embedded_video,embedded_video,none,none,embedded_video,none,none,none,embedded_video,none,none,none,embedded_video,embedded_video,none,none,embedded_video,embedded_video,embedded_video,none,none]]","[[1,211,421,631,841,1051,1260,1477,1693,1909,2125,2557,2773,2989,3173,3356,3595,3834,4073,4312,4551,4790,5029,5268,5746,5985,6224,6462],[49,287,525,763,1001,1239,1477,1714,1951,2188,2425,2662,2899,3136,3373,3610,3847,4084,4321,4558,4795,5032,5269],[1,201,401,601,801,1026,1251,1475,1622,1808,1994,2179,2415,2651,2887,3359,3831,4067,4302,4537,4772,5007,5242,5477,5712,5947,6182,6417,6652,6887,7122,7327,7532,7737,7942,8164,8386,8608,8830,9052,9274,9495,9716,9891,10065,10299,10765,10998,11231,11464,11697,11913,12129,12344,12559,12774,12989,13204,13419,13634,13797,14013,14229,14444,14659,14874,15304,15519,15734,15944,16154,16363,16572,16781,16990,17199,17436,17673,17910,18147,18384,18621,18858,19095,19332,19569,19806,20043,20280,20517,20753,20989,21225,21461,21697,21933,22148,22362]]","[[210,420,630,840,1050,1259,1476,1692,1908,2124,2340,2772,2988,3172,3355,3594,3833,4072,4311,4550,4789,5028,5267,5506,5984,6223,6461,6699],[286,524,762,1000,1238,1476,1713,1950,2187,2424,2661,2898,3135,3372,3609,3846,4083,4320,4557,4794,5031,5268,5384],[200,400,600,800,1025,1250,1474,1621,1807,1993,2178,2414,2650,2886,3122,3594,4066,4301,4536,4771,5006,5241,5476,5711,5946,6181,6416,6651,6886,7121,7326,7531,7736,7941,8163,8385,8607,8829,9051,9273,9494,9715,9890,10064,10298,10531,10997,11230,11463,11696,11912,12128,12343,12558,12773,12988,13203,13418,13633,13796,14012,14228,14443,14658,14873,15088,15518,15733,15943,16153,16362,16571,16780,16989,17198,17435,17672,17909,18146,18383,18620,18857,19094,19331,19568,19805,20042,20279,20516,20752,20988,21224,21460,21696,21932,22147,22361,22575]]","[9082026,1082026,29032026]","[UC20vyRWEaC2GIS8DkmeRQaA,UC20vyRWEaC2GIS8DkmeRQaA,UC20vyRWEaC2GIS8DkmeRQaA]"
12,New York,"[Midtown Manhattan,Consulate General of the United Arab Emirates,Consulate General of the United Arab Emirates to the United States of America,Emirati Consulate]",NY,United States,USA,North America,40.7548287,-73.9793823,"[NiWJJYRq5Og,Ay1lt7f3x-o]","[[0,0,0,0,0,0,0,0,0,1,0,0,0,0,0,2,0,2,2,2,1,1],[1,1,1,1,1,1,1,1,1,1,1,1,1,1,1,1,1,1,1,1,1,1,1,1,1,1,1,1,1,1,1,1,1,1,1,1,1,1,1,1,1,1,1,1,1,1,1,1,1,1,1,1,1,1,1,1,1,1,1,1,1,1,1,1,1,1,1,1,1,1,1,1,1,1,1,1,1,1,1,1,1,1,1,1,1,1,1,1,1,1,1,1,1,1,1,1,1,1,1,1,1,1,1,1,1,1,1,1,1,1,1,1,1,1,1]]","[[street,mixed,street,street,street,street,street,indoor,indoor,indoor,street,street,street,street,street,street,square_plaza,street,street,street,street,square_plaza],[street,street,street,street,street,street,street,street,street,street,street,street,street,street,street,street,street,street,street,street,street,street,street,street,street,street,street,street,street,street,street,street,street,street,street,street,street,street,street,street,street,street,street,street,street,street,street,street,street,street,street,street,street,street,street,street,street,street,street,street,street,street,street,street,street,street,street,street,street,street,street,street,street,street,street,street,street,street,street,street,street,street,street,street,street,street,street,street,street,street,street,street,street,street,street,street,street,street,street,street,street,street,street,street,street,street,street,street,street,street,street,street,street,street,street]]","[[[[77,01:17,Intro],[99,01:39,Columbus Circle]],[[99,01:39,Columbus Circle],[283,04:43,8th Ave]],[[283,04:43,8th Ave],[466,07:46,W 51st St],[501,08:21,Gershwin Theatre]],[[501,08:21,Gershwin Theatre],[755,12:35,Broadway]],[[755,12:35,Broadway]],[[755,12:35,Broadway],[1117,18:37,W 48th St],[1170,19:30,7th Ave]],[[1170,19:30,7th Ave],[1285,21:25,Times Square]],[[1285,21:25,Times Square]],[[1285,21:25,Times Square]],[[1285,21:25,Times Square]],[[1285,21:25,Times Square]],[[1285,21:25,Times Square],[1713,28:33,W 47th St],[1784,29:44,Serendipity 3]],[[1784,29:44,Serendipity 3],[1863,31:03,W 47th St],[2009,33:29,6th Ave]],[[2009,33:29,6th Ave]],[[2009,33:29,6th Ave]],[[2009,33:29,6th Ave],[2537,42:17,W 50th St]],[[2649,44:09,Rockefeller Center]],[[2649,44:09,Rockefeller Center],[2781,46:21,5th Ave]],[[2781,46:21,5th Ave]],[[2781,46:21,5th Ave]],[[2781,46:21,5th Ave],[3426,57:06,W 42nd St],[3543,59:03,Bryant Park 📍Filming Information Filmed on: Aug. 10; 2026 (Mon.]],[[3543,59:03,Bryant Park 📍Filming Information Filmed on: Aug. 10; 2026 (Mon.]]],[[],[],[],[],[],[],[],[],[],[],[],[],[],[],[],[],[],[],[],[],[],[],[],[],[],[],[],[],[],[],[],[],[],[],[],[],[],[],[],[],[],[],[],[],[],[],[],[],[],[],[],[],[],[],[],[],[],[],[],[],[],[],[],[],[],[],[],[],[],[],[],[],[],[],[],[],[],[],[],[],[],[],[],[],[],[],[],[],[],[],[],[],[],[],[],[],[],[],[],[],[],[],[],[],[],[],[],[],[],[],[],[],[],[],[]]]","[[[],[],[SALLY],[],['JUKEBOX THEATRE'],['7TH AVE'],[Hershey's Chocolate World],[World's Largest Peanut Bar],[],['CENTRAL PERK COFFEE CO.'],[TIMES SQUARE],[serendipity NOW OPEN],[],[DIAMOND CENTER],['W 42 St' 'Broadway' 'Avenue & West 42nd Street'],['RAINBOW ROOM OBSERVATION DECK NBC STUDIOS'],[Rockefeller Center],[],[LACOSTE],[],[LIBRARY],[]],[['THE METLIFE BUILDING'],[],[],[EAST 23RD ST],[TACO BELL],[walksacity],[Nancy's Hot Dog],[walks city],['THE METROPOLITAN OPERA'],[walksacity],[walksociety],[NEW YORK GIFTS],[walks in the city],[walks.city],['Fifth Ave'],[St. Patrick's],[NEW YORK GIFTS],[walks.city],[walksacitv],[walksacity],[walksacity],[New York School of Designers],[walks in the city],[],[],[walksacity],[walks.city],[CAMPERO],[walks.city],[Fifth Ave],[Staples],[TIMES SQUARE],[walks city],[],[walksacity],[walks.city],[walksacity],[],[walksacity],[],[W 36],[walks.city],[],[walksacity],[],['TATTOO' 'PARKING' 'FIVE GUYS' 'M8' 'BROADWAY'],[walksac],[THE MELLON BUILDING],['Fifth Ave'],[walksociety],[NEW YORK GIFTS],[walksac],[],[walksacity],[],[TACO BELL],[DUST],[walksac],[walksacity],[walksacity],[TATTOO],[walksacity],[walks.city],['THE WELLS HOTEL'],[City Cafe],[],[New York School of Dance],[walks in city],[],[],[TAXI],[walksacit],[],[],[],[New York School of Design],[walksacity],[],['THE MAYFAIR HOTEL'],[],[New York School of Chicanos],[walksacity],[],[THE METROPOLITAN OPERA],[walksacity],[NEW YORK GIFTS],[walks.city],[],[],[TATTOO & BODY],[walks in the city],[],[],[TACO BELL],[walks in the city],[],[Royal],[],[TATTOO],[],[],[],[Fifth Ave],[walks city],[NEW YORK GIFTS],[karaoke],[],[walksacity],[TIMES SQUARE],[dust],[],[walksacity],[TATTOO],[],[walksacity]]]","[[timestamp_description,timestamp_description,both,timestamp_description,both,both,both,both,timestamp_description,both,both,both,timestamp_description,both,both,both,both,timestamp_description,both,timestamp_description,both,timestamp_description],[embedded_video,none,none,embedded_video,embedded_video,embedded_video,embedded_video,embedded_video,embedded_video,embedded_video,embedded_video,embedded_video,embedded_video,embedded_video,embedded_video,embedded_video,embedded_video,embedded_video,embedded_video,embedded_video,embedded_video,embedded_video,embedded_video,none,none,embedded_video,embedded_video,embedded_video,embedded_video,embedded_video,embedded_video,embedded_video,embedded_video,none,embedded_video,embedded_video,embedded_video,none,embedded_video,none,embedded_video,embedded_video,none,embedded_video,none,embedded_video,embedded_video,embedded_video,embedded_video,embedded_video,embedded_video,embedded_video,none,embedded_video,none,embedded_video,embedded_video,embedded_video,embedded_video,embedded_video,embedded_video,embedded_video,embedded_video,embedded_video,embedded_video,none,embedded_video,embedded_video,none,none,embedded_video,embedded_video,none,none,none,embedded_video,embedded_video,none,embedded_video,none,embedded_video,embedded_video,none,embedded_video,embedded_video,embedded_video,embedded_video,none,none,embedded_video,embedded_video,none,none,embedded_video,embedded_video,none,embedded_video,none,embedded_video,none,none,none,embedded_video,embedded_video,embedded_video,embedded_video,none,embedded_video,embedded_video,embedded_video,none,embedded_video,embedded_video,none,embedded_video]]","[[87,264,416,600,784,968,1187,1320,1390,1460,1576,1699,1860,2033,2185,2530,2729,2765,2867,3050,3416,3804],[1,230,687,915,1143,1371,1599,1827,2059,2521,2752,2983,3214,3676,4139,4601,4832,5063,5525,6218,6449,6680,6911,7373,8066,8297,8527,8757,9217,9680,10142,10373,10604,11066,11990,12221,12452,12914,13607,13838,14068,14298,14758,15452,15683,15914,16607,16839,17070,17532,17763,17994,18456,19149,19380,19611,19842,20303,20996,21227,21458,21689,22151,22383,22845,23076,23307,23538,24000,24925,25156,25387,25849,26542,26773,27004,27235,27697,27929,28622,28853,29084,29546,29778,30471,30702,30933,31395,32319,32550,32781,33243,34168,34399,34630,35092,35786,36017,36248,36479,36941,37173,37404,37866,38097,38328,38790,39714,39945,40176,40638,41563,41794,42025,42692]]","[[263,415,599,783,967,1186,1292,1365,1419,1476,1647,1808,2032,2184,2336,2562,2754,2866,3049,3232,3583,3848],[229,458,914,1142,1370,1598,1826,2058,2289,2751,2982,3213,3444,3907,4369,4831,5062,5293,5755,6448,6679,6910,7141,7603,8296,8526,8756,8986,9448,9910,10372,10603,10834,11296,12220,12451,12682,13144,13837,14067,14297,14527,14989,15682,15913,16144,16838,17069,17300,17762,17993,18224,18686,19379,19610,19841,20072,20533,21226,21457,21688,21919,22382,22613,23075,23306,23537,23768,24231,25155,25386,25617,26079,26772,27003,27234,27465,27928,28159,28852,29083,29314,29777,30008,30701,30932,31163,31625,32549,32780,33011,33474,34398,34629,34860,35323,36016,36247,36478,36709,37172,37403,37634,38096,38327,38558,39020,39944,40175,40406,40869,41793,42024,42255,42896]]","[12082026,9082026]","[UCiVSJutRI7WdDuXV93fRWvA,UCnvLGayHxWh5YZjpJjZ6WRg]"
13,Lazise,[],Veneto,Italy,ITA,Europe,45.4790509,10.7084414,[fYYOjDav0Mg],"[[0,0,0,0,0,0,0,0,0,0]]","[[waterfront,market,waterfront,waterfront,street,street,waterfront,market,street,street]]","[[[],[],[],[],[],[],[],[],[],[]]]","[[[PixelPulse Travels],[PixelPulse Travels],[],[PixelPulse Travels],[],[BIANCANORA],[PixelPulse Travels],[RESTAURANT ALLA GROTTA],[Caffè del Teatro],[IMMOBILIENBURG]]]","[[embedded_video,embedded_video,none,embedded_video,none,embedded_video,embedded_video,embedded_video,embedded_video,embedded_video]]","[[11,94,313,532,1189,1408,1626,1844,2280,2483]]","[[93,312,531,750,1407,1625,1843,2061,2482,2685]]",[15082026],[UCLW_iDFpAlbfhe8DJbdd8GQ]
14,Rotterdam,[],South Holland,Netherlands,NLD,Europe,51.9244424,4.47775,[1ViC-Y5pEu8],"[[0,0,0,0,0,0,0,0,0,0,0,0,0,0,0,0,0,0,0,0,0,0,0,0,0]]","[[mixed,street,mixed,mixed,mixed,market,market,market,mixed,mixed,mixed,mixed,mixed,mixed,mixed,street,mixed,mixed,street,street,street,street,indoor,square_plaza,mixed]]","[[[],[],[],[],[],[],[],[],[],[],[],[],[],[],[],[],[],[],[],[],[],[],[],[],[]]]","[[[Korte Lijnbaan],[],[],[],[],[],[Sushi],[BROK],[],[],[],[],[],[],[],[VERDACHTE SITUATIE OF CALMANT OP ONZE BOUWPLAATS? STADSBESTUUR],[],[],[PULL & BEAR],[],[],[],[],[],[]]]","[[embedded_video,none,none,none,none,none,embedded_video,embedded_video,none,none,none,none,none,none,none,embedded_video,none,none,embedded_video,none,none,none,none,none,none]]","[[13,245,477,709,941,1173,1405,1637,1869,2101,2333,2565,2797,3029,3261,3493,3725,3957,4188,4419,4650,4881,5343,5574,5794]]","[[244,476,708,940,1172,1404,1636,1868,2100,2332,2564,2796,3028,3260,3492,3724,3956,4187,4418,4649,4880,5111,5573,5793,6012]]",[8082026],[UC20vyRWEaC2GIS8DkmeRQaA]
15,Shibuya,[],,Japan,JPN,Asia,35.6637109,139.6976941,"[KQsIs4uQSuA,2y2Z06hVmWE]","[[2,0,0,0,0,0,2,2,2,2,2,1,1,1],[1,1,1,1,1,1,1,1,1,1,1,1,1,1,1,1,1,1]]","[[street,street,street,mixed,mixed,mixed,mixed,street,mixed,street,street,street,street,street],[street,street,street,street,street,street,street,street,street,street,street,street,street,street,street,street,street,street]]","[[[],[],[],[],[],[],[],[],[],[],[],[],[],[]],[[[30,00:00:30,Walk begins]],[[30,00:00:30,Walk begins]],[[30,00:00:30,Walk begins]],[[30,00:00:30,Walk begins]],[[30,00:00:30,Walk begins]],[[30,00:00:30,Walk begins]],[[30,00:00:30,Walk begins]],[[30,00:00:30,Walk begins]],[[30,00:00:30,Walk begins]],[[30,00:00:30,Walk begins]],[[30,00:00:30,Walk begins]],[[3907,01:05:07,Loop starts 🌧️ Date Filmed: March 2025 📍 Location: Shibuya; Tokyo; Japan 🎼 Listen on Spotify]],[[3907,01:05:07,Loop starts 🌧️ Date Filmed: March 2025 📍 Location: Shibuya; Tokyo; Japan 🎼 Listen on Spotify]],[[3907,01:05:07,Loop starts 🌧️ Date Filmed: March 2025 📍 Location: Shibuya; Tokyo; Japan 🎼 Listen on Spotify]],[[3907,01:05:07,Loop starts 🌧️ Date Filmed: March 2025 📍 Location: Shibuya; Tokyo; Japan 🎼 Listen on Spotify]],[[3907,01:05:07,Loop starts 🌧️ Date Filmed: March 2025 📍 Location: Shibuya; Tokyo; Japan 🎼 Listen on Spotify]],[[3907,01:05:07,Loop starts 🌧️ Date Filmed: March 2025 📍 Location: Shibuya; Tokyo; Japan 🎼 Listen on Spotify]],[[3907,01:05:07,Loop starts 🌧️ Date Filmed: March 2025 📍 Location: Shibuya; Tokyo; Japan 🎼 Listen on Spotify]]]]","[[[],[],[],[],[],[],[],[],[],[],[7-11],[],[Yahutu],[ORANGE JUICE]],[[],[],[],[],[],[],[UNIQLO],[],[KOMATSU],[],[],[],[],[],[],[],[],[]]]","[[none,none,none,none,none,none,none,none,none,none,embedded_video,none,embedded_video,embedded_video],[timestamp_description,timestamp_description,timestamp_description,timestamp_description,timestamp_description,timestamp_description,both,timestamp_description,both,timestamp_description,timestamp_description,timestamp_description,timestamp_description,timestamp_description,timestamp_description,timestamp_description,timestamp_description,timestamp_description]]","[[19,445,871,1084,1297,1738,1967,2425,2883,3112,3340,3568,3796,4024],[31,245,1100,1308,1516,1930,2137,2339,2832,3044,3209,4153,4389,4625,6056,6828,7040,7205]]","[[231,657,1083,1296,1508,1966,2195,2653,3111,3339,3567,3795,4023,4251],[244,458,1307,1515,1722,2136,2338,2539,3043,3208,3444,4388,4624,4860,6295,7039,7204,7384]]","[12082026,8042025]","[UCoXm66ArnAYGC0SCItOb2Tg,UC1T_pR-Rt-NdHgytn2GkTeA]"
16,Athens,[Αθήναι],Attica,Greece,GRC,Europe,37.9755648,23.7348324,[Hszp0xDRNjg],"[[0,0,0,0,0,0,0,0,0,0,0,0,0,0,0,0,0,0,0,0,0,0,0,0,0,0]]","[[square_plaza,mixed,street,street,street,street,street,street,street,market,market,street,street,street,street,street,street,market,mixed,market,market,market,market,street,street,street]]","[[[],[],[],[],[],[],[],[],[],[],[],[],[],[],[],[],[],[],[],[],[],[],[],[],[],[]]]","[[[],[],[TO LUCO],[BIORECH],[LYNNE],[],[],[],[],[FELT MARKET],[],[Metro Piscis],[],[],[ATM],[],[],[],[],[],[],[],[],[ATTRACTION],[VICTORINOX SWISS ARMY],[Bdtk]]]","[[none,none,embedded_video,embedded_video,embedded_video,none,none,none,none,embedded_video,none,embedded_video,none,none,embedded_video,none,none,none,none,none,none,none,none,embedded_video,embedded_video,embedded_video]]","[[441,475,639,871,1103,1335,1567,1799,2031,2263,2494,2956,3187,3418,3678,3903,4128,4353,4578,4803,5028,5253,5478,5703,5927,6151]]","[[463,638,870,1102,1334,1566,1798,2030,2262,2493,2724,3186,3417,3505,3902,4127,4352,4577,4802,5027,5252,5477,5702,5926,6150,6374]]",[4082026],[UCEZ_zB95xT6J8u33-pBF6UA]
17,Bellagio,[],Lombardy,Italy,ITA,Europe,45.9872549,9.2613001,[AKALO_mZKVw],"[[0,0,0,0,0,0,0,0,0,0,0,0,0,0,0,0,0,0]]","[[street,mixed,mixed,street,street,street,street,mixed,street,street,mixed,mixed,street,mixed,waterfront,street,mixed,mixed]]","[[[[0,0:00:00,Introduction]],[[0,0:00:00,Introduction],[47,0:00:47,Ferry Terminal Bellagio],[101,0:01:41,Piazza Giuseppe Mazzini]],[[101,0:01:41,Piazza Giuseppe Mazzini]],[[101,0:01:41,Piazza Giuseppe Mazzini],[544,0:09:04,Salita Serbelloni (Iconic Stairs)]],[[544,0:09:04,Salita Serbelloni (Iconic Stairs)]],[[544,0:09:04,Salita Serbelloni (Iconic Stairs)],[1073,0:17:53,Via Giuseppe Garibaldi]],[[1073,0:17:53,Via Giuseppe Garibaldi],[1236,0:20:36,Piazza della Chiesa]],[[1618,0:26:58,Pontile 1 (Lake Views)]],[[1618,0:26:58,Pontile 1 (Lake Views)]],[[1618,0:26:58,Pontile 1 (Lake Views)],[2350,0:39:10,Salita Serbelloni (Descent)]],[[2350,0:39:10,Salita Serbelloni (Descent)],[2703,0:45:03,Via Lungo Lario Manzoni]],[[2703,0:45:03,Via Lungo Lario Manzoni]],[[2703,0:45:03,Via Lungo Lario Manzoni],[3297,0:54:57,Parco Martiri della Libertà]],[[3297,0:54:57,Parco Martiri della Libertà],[3463,0:57:43,Historic Center Streets]],[[3463,0:57:43,Historic Center Streets]],[[3463,0:57:43,Historic Center Streets]],[[3463,0:57:43,Historic Center Streets],[4240,1:10:40,Punta Spartivento (Scenic Views)]],[[4240,1:10:40,Punta Spartivento (Scenic Views)]]]]","[[[TRATTORIA],[HOTEL],['TAXI BOAT RENTAL TOURS'],[],[ENOTECA],[SHOE SHOP],[],[TAXI STAND],[],[LAVATO ALL'1952],[],[],[Teresza Maria],[HOTEL],[],[],[],[]]]","[[both,both,both,timestamp_description,both,both,timestamp_description,both,timestamp_description,both,timestamp_description,timestamp_description,both,both,timestamp_description,timestamp_description,timestamp_description,timestamp_description]]","[[11,29,264,499,734,969,1204,1674,1909,2143,2611,2845,3079,3313,3547,3781,4015,4249]]","[[28,263,498,733,968,1203,1438,1908,2142,2376,2844,3078,3312,3546,3780,4014,4248,4482]]",[7082026],[UC0TqihOw3aHbHDi-EWBfFeA]
18,Hà Nội,"[Old Quarter,Kẻ Chợ,Đông Kinh]",,Vietnam,VNM,Asia,21.0353243,105.8500395,[xId3cHWsta4],"[[1,0,0,0,0,0,0,0,0,0,0,0,0,0,2,0,2,2,2,2,2,2,1,1,1,1,1,1,1,1,1,1,1,1,1]]","[[street,street,street,street,street,street,street,street,street,street,street,street,market,market,street,market,park_nature,mixed,mixed,street,street,street,park_nature,street,street,market,street,market,street,street,street,street,market,street,street]]","[[[[0,0:00,Intro Preview],[199,3:19,Hanoi Train Street]],[[199,3:19,Hanoi Train Street]],[[199,3:19,Hanoi Train Street]],[[199,3:19,Hanoi Train Street]],[[199,3:19,Hanoi Train Street]],[[199,3:19,Hanoi Train Street]],[[199,3:19,Hanoi Train Street]],[[199,3:19,Hanoi Train Street]],[[199,3:19,Hanoi Train Street]],[[199,3:19,Hanoi Train Street]],[[199,3:19,Hanoi Train Street]],[[199,3:19,Hanoi Train Street]],[[199,3:19,Hanoi Train Street],[4428,1:13:48,Hanoi Local Market]],[[4428,1:13:48,Hanoi Local Market]],[[4428,1:13:48,Hanoi Local Market]],[[4428,1:13:48,Hanoi Local Market],[5869,1:37:49,Hoàn Kiếm Lake]],[[5869,1:37:49,Hoàn Kiếm Lake]],[[5869,1:37:49,Hoàn Kiếm Lake]],[[5869,1:37:49,Hoàn Kiếm Lake]],[[5869,1:37:49,Hoàn Kiếm Lake]],[[5869,1:37:49,Hoàn Kiếm Lake]],[[5869,1:37:49,Hoàn Kiếm Lake]],[[5869,1:37:49,Hoàn Kiếm Lake]],[[5869,1:37:49,Hoàn Kiếm Lake],[8740,2:25:40,Dong Kinh Nghia Thuc Square]],[[8740,2:25:40,Dong Kinh Nghia Thuc Square]],[[8740,2:25:40,Dong Kinh Nghia Thuc Square],[9284,2:34:44,Nightlife & Rain Walk]],[[9284,2:34:44,Nightlife & Rain Walk]],[[9284,2:34:44,Nightlife & Rain Walk]],[[9284,2:34:44,Nightlife & Rain Walk]],[[9284,2:34:44,Nightlife & Rain Walk]],[[9284,2:34:44,Nightlife & Rain Walk]],[[9284,2:34:44,Nightlife & Rain Walk]],[[9284,2:34:44,Nightlife & Rain Walk],[12432,3:27:12,Phố Tạ Hiện (aka Beer Street)]],[[12432,3:27:12,Phố Tạ Hiện (aka Beer Street)]],[[12432,3:27:12,Phố Tạ Hiện (aka Beer Street)]]]]","[[[],[],[],[],[SAIGON],[Hanoi Train Street],[],[HANOI BEER 14K / CỐC],[],[],[],[],[],[],[PHO BO],[Vietnam],[],[],[],[],[HOTEL],[LOUIS],[],[],[],[BAN BAO],[Hanoi],[],[],[MAISON D'ART],[],[],[],[],[COM RANG PHO XAO]]]","[[timestamp_description,timestamp_description,timestamp_description,timestamp_description,both,both,timestamp_description,both,timestamp_description,timestamp_description,timestamp_description,timestamp_description,timestamp_description,timestamp_description,both,both,timestamp_description,timestamp_description,timestamp_description,timestamp_description,both,both,timestamp_description,timestamp_description,timestamp_description,both,both,timestamp_description,timestamp_description,both,timestamp_description,timestamp_description,timestamp_description,timestamp_description,both]]","[[189,222,431,1027,1086,1302,1518,1734,3095,3327,3499,3927,4383,4611,5543,5781,6019,6257,6495,6733,6971,7209,8378,8611,8844,9077,9302,9975,10893,11127,11326,11755,12213,12442,12485]]","[[221,430,638,1071,1301,1517,1733,1949,3326,3498,3669,4154,4610,4838,5780,6018,6256,6494,6732,6970,7208,7442,8610,8843,9076,9301,9526,10198,11126,11325,11524,11983,12441,12484,12680]]",[14062024],[UCiVH7ncT6ghUKvSpY_e0DNQ]
19,New York,[Manhattan],NY,United States,USA,North America,40.7579554,-73.9855319,"[1aedKShR1rA,i0S6wxOuX88,27Pv4Cg4EV4,9atX_UfWXT4,UHMLmdA_PYU,4l9yOtmi_UQ,q_Q4YTQkD2Y,ajKY8mNJmDw]","[[2,2,2,2,1,1,1,1,1,1,2,2,2,2,2,1,1,1,1,1,1,2,2,2,1,1,1,1,1,1,2,2,2,2,1,1,1,1,1,1,1,2,2,2,2,2,1,1,1],[0,0,0,0,0,0,0,0,0,0,0,0,0,0,0,0,0,0,0,0,2,2,2,2,2,2,0,0,0,0,0,0,0,0,0,0,0,0,0,0,0,0,0,2,2,2,2,2,2,2],[0,0,0,0,0,0,0,0,0,0,0,0,0,0,0,0,0,0,0,0,0,0,0,0,0,0,0,0,0,0,0,0,0,0,1,1,1,1,1,1,1,1,1,1,1,1,1,1,1,1,1,2,0,0,0,0,0,0,0,0,0,0,0,0,0,0,0,0,0,0,0,0,0,0,0,0,0,0,0,0,0,0,0,0,0,0,0,0,0,0,0,0,0,0,0,0,0,0,0,0,0,0,0,0,0,0,0,0,0,0,0,0,0,0,0,0,0,0,0,0,0,0,0,0],[0,0,0,0,0,0,0,0,0,0,0,0,0,0,0,0,0,0,0,0,0,0,0,0,0,0,0,0,0,0,0,0,0,0,0,0,0,0,0,0,0,0,0,0,0,0,0,0],[0,0,0,0,0,0,0,0,0,0,0,0,0,0,0,0,0,0,2,2,1,1,1,0,0,0,0,0,0,0,0,0,0,0,0,0,0,0,0,0,0,0,2,2,2,2,1,1,1],[0,0,0,0,0,0,0,0,0,0,0,0,0,0,0,0,0,0,0,0,0,0,0,0,0,0,0,0,0,0,0,0,0,0,0,0,0,0,0,0,0,0,0,0,0,0,0,0,0,0,0,0,0,0,0,0,0,0,0,0,0,0,0,0,0,0,0,0,0,0,0,0,0,0,0,0,0,0,0,0,0,0,0,0,0,0,0,0,0,0,0,0,0,0,0,0,0,0,0,0,0,0,0,0,0,0,0,0,0,0,0,0,0,0,0,0,0,0,0,0,0,0,0,0,0,0,0,0,0,0,0,0,0,0,0,0,0,0,0,0,0,0,0,0,0,0,0,0,0,0,0,0,0,0,0,0,0,0,0,0,0,0,0,0,0],[0,0,0,0,0,0,0,0,0,0,0,2,2,2,1,1,1,1,1,1,1,0,0,0,0,0,0,0,0,0,0,0,2,2,2,1,1,1,1,1,1,1],[1,1,1,2,2,2,2,1,1,1,2,2,2,1,1,2,2,2,2,1,1,2,2,2,2,1,2,1,2,2,1,1,1,2,2,1,1,2,2,2,2,1,1,2,2,1,1,1,2,2,2,1,2,2,2,2,1,1,1,2,2,1,1,1,2,2,2,2,1,2,2,2,2,1,1,2,2,2,2,1,1,2,2,2,2,1,1,2,2,2,1,1,1,2,2,1,2,2,1,1,1,1,2,2,2,1,1,1,1,2,2,1,1,2,2,1,1,1,2,2,2,1,1,1,2,2]]","[[street,street,street,street,street,street,street,street,street,street,street,street,street,street,street,street,street,street,street,street,street,street,street,street,street,street,street,street,street,street,square_plaza,street,street,street,street,street,street,street,street,street,street,square_plaza,street,street,street,street,street,street,street],[street,street,street,street,street,street,mixed,park_nature,park_nature,mixed,street,street,street,waterfront,mixed,mixed,mixed,mixed,mixed,street,street,street,street,street,street,street,street,street,street,street,street,mixed,park_nature,mixed,street,street,mixed,waterfront,mixed,mixed,mixed,mixed,street,street,street,street,street,street,street,street],[street,street,street,street,street,street,street,street,street,street,street,street,street,street,mixed,mixed,street,street,street,mixed,street,street,street,street,street,street,mixed,mixed,mixed,mixed,mixed,mixed,mixed,mixed,street,street,street,street,street,street,street,street,street,street,street,street,street,street,street,street,street,street,street,street,street,street,street,street,street,street,street,street,street,street,street,street,street,street,street,street,mixed,park_nature,mixed,street,street,street,street,street,street,street,street,street,street,street,street,park_nature,street,street,street,street,street,street,street,street,street,street,street,street,street,street,street,street,street,street,street,street,street,street,street,street,street,street,street,square_plaza,street,street,street,street,mixed,park_nature,mixed,street,street,street],[street,street,street,street,street,street,street,street,street,street,street,street,street,market,market,street,mixed,street,street,street,street,street,mixed,street,street,street,street,street,street,street,street,street,street,street,street,street,street,market,market,street,street,street,street,street,street,street,street,mixed],[street,street,street,street,street,street,street,street,street,street,street,street,street,street,street,street,street,street,street,street,street,street,street,street,street,street,street,street,street,street,street,street,street,street,street,street,street,street,street,street,street,street,street,mixed,mixed,street,street,street,street],[street,street,street,street,street,street,street,street,street,street,street,street,street,street,street,street,street,street,street,street,street,street,street,street,street,street,street,street,street,street,street,street,street,street,street,street,street,street,street,street,street,street,street,street,street,street,street,street,street,street,street,street,street,street,street,street,street,street,street,street,street,street,street,street,street,street,street,street,street,street,street,street,street,street,street,street,street,street,street,street,street,street,street,street,street,street,street,street,street,street,street,street,street,street,street,street,street,street,street,street,street,street,street,street,street,street,street,street,street,street,street,street,street,street,street,street,street,street,street,street,street,street,street,street,street,street,street,street,street,street,street,street,street,street,street,street,street,street,street,street,street,street,street,street,street,street,street,street,street,street,street,street,street,street,street,street,street,street,street,street,street,street,street,street,street],[street,square_plaza,street,street,street,street,street,street,street,street,street,street,street,street,street,street,street,street,street,street,street,street,street,mixed,street,street,street,street,street,street,street,street,street,street,street,street,street,street,street,street,street,street],[street,street,street,street,street,street,street,street,street,street,street,street,street,street,street,street,street,street,street,street,street,street,street,street,street,street,street,street,street,street,street,street,street,street,street,street,street,street,street,street,street,street,street,street,street,street,street,street,street,street,street,street,street,street,street,street,street,street,street,street,street,street,street,street,street,street,street,street,street,street,street,street,street,street,street,street,street,street,street,street,street,street,street,street,street,street,street,street,street,street,street,street,street,street,street,street,street,street,street,street,street,street,street,street,street,street,street,street,street,street,street,street,street,street,street,street,street,street,street,street,street,street,street,street,street,street]]","[[[],[],[],[],[],[],[],[],[],[],[],[],[],[],[],[],[],[],[],[],[],[],[],[],[],[],[],[],[],[],[],[],[],[],[],[],[],[],[],[],[],[],[],[],[],[],[],[],[]],[[],[],[],[],[],[],[],[],[],[],[],[],[],[],[],[],[],[],[],[],[],[],[],[],[],[],[],[],[],[],[],[],[],[],[],[],[],[],[],[],[],[],[],[],[],[],[],[],[],[]],[[],[],[],[],[],[],[],[],[],[],[],[],[],[],[],[],[],[],[],[],[],[],[],[],[],[],[],[],[],[],[],[],[],[],[],[],[],[],[],[],[],[],[],[],[],[],[],[],[],[],[],[],[],[],[],[],[],[],[],[],[],[],[],[],[],[],[],[],[],[],[],[],[],[],[],[],[],[],[],[],[],[],[],[],[],[],[],[],[],[],[],[],[],[],[],[],[],[],[],[],[],[],[],[],[],[],[],[],[],[],[],[],[],[],[],[],[],[],[],[],[],[],[],[]],[[],[],[],[],[],[],[],[],[],[],[],[],[],[],[],[],[],[],[],[],[],[],[],[],[],[],[],[],[],[],[],[],[],[],[],[],[],[],[],[],[],[],[],[],[],[],[],[]],[[],[],[],[],[],[],[],[],[],[],[],[],[],[],[],[],[],[],[],[],[],[],[],[],[],[],[],[],[],[],[],[],[],[],[],[],[],[],[],[],[],[],[],[],[],[],[],[],[]],[[],[],[],[],[],[],[],[],[],[],[],[],[],[],[],[],[],[],[],[],[],[],[],[],[],[],[],[],[],[],[],[],[],[],[],[],[],[],[],[],[],[],[],[],[],[],[],[],[],[],[],[],[],[],[],[],[],[],[],[],[],[],[],[],[],[],[],[],[],[],[],[],[],[],[],[],[],[],[],[],[],[],[],[],[],[],[],[],[],[],[],[],[],[],[],[],[],[],[],[],[],[],[],[],[],[],[],[],[],[],[],[],[],[],[],[],[],[],[],[],[],[],[],[],[],[],[],[],[],[],[],[],[],[],[],[],[],[],[],[],[],[],[],[],[],[],[],[],[],[],[],[],[],[],[],[],[],[],[],[],[],[],[],[],[]],[[],[],[],[],[],[],[],[],[],[],[],[],[],[],[],[],[],[],[],[],[],[],[],[],[],[],[],[],[],[],[],[],[],[],[],[],[],[],[],[],[],[]],[[],[],[],[],[],[],[],[],[],[],[],[],[],[],[],[],[],[],[],[],[],[],[],[],[],[],[],[],[],[],[],[],[],[],[],[],[],[],[],[],[],[],[],[],[],[],[],[],[],[],[],[],[],[],[],[],[],[],[],[],[],[],[],[],[],[],[],[],[],[],[],[],[],[],[],[],[],[],[],[],[],[],[],[],[],[],[],[],[],[],[],[],[],[],[],[],[],[],[],[],[],[],[],[],[],[],[],[],[],[],[],[],[],[],[],[],[],[],[],[],[],[],[],[],[],[]]]","[[[walks.city],[walks.city],[],[walks in the city],[walks.city],[69th Avenue],[AVOCADO],[],[walks city],[BROADWAY],[],[],[walks.city],[walks.city],[walks.city],[walks.city],[walks.city],[],[walks.city],[walks.city],[walks.city],[walks_in_nyc],[walks.city],[walks.city],[walks.city],[],[walks_in_nyc],[],[walks.city],[COFFEE BROTHERS],[walks.city],[CROOKS],[walks.city],[],[The Residences],[],[walks.city],[],[Termini's Ice Creamery],[walks.city],[walks.city],[walks.city],[TIMOTHY HORTON'S],[walks.city],[],[walks.city],[SEPHORA],[],[]],[[Times Square],[TABLE B],[],[WINE & LIQUOR],[TABLE],[21 PARK],[TABLE],[],[],[],[],[],[HUBLOT],[],[],[],[],[I-95],[INDIANAPOLIS],[Subway],[SUBWAY],[TIMES SQUARE],[TIMES SQUARE],[Apple Pay],[5 AV],[BROADWAY PLAZA HOTEL 1155],[TIMES SQUARE],[24th Street],[SUSHI],[PARK & FIFTH],[PARISIEN],[Fashion Ave],[],[],[],[],[],[],[],[],[],[],[7-ELEVEN],[CATERING],[ESSEN],['West 34th St' 'ONE WAY' 'Madison Square Garden' 'Saks Fifth Avenue' '24/7' 'Saks Fifth Avenue'],[TIMES SQUARE],[TIM HORTONS],[TABLE],[BROADWAY PLAZA HOTEL 1155]],[[],[],[TIMES SQUARE],[MADAME TUSSAUDS],[],[Times Square],[],[CHASE],[498],[TIMES SQUARE],[West 32nd St],[352],[KIRK],[],[WILDLIFE WONDERS],[],[],[Convent],[INTENPS],[],[NATIONAL MUSEUM OF LONDON],[Bartlett],[AMBIDENT],[FOSHAY PLAZA],[],[],[],[],[],[],[],[],[],[],[TIMES SQUARE],[TIMES SQUARE],[TIMES SQUARE],[Times Square],[Times Square],[Times Square],[TIMES SQUARE],[1370],[Times Square],[West 33],[BOWERY BOWL],[42nd Street-Herald Sq],[PENN STATION],[DEZER],[Times Square],[],[],[],[],[TIMES SQUARE],[CBS],[],[fresh & co],[Macy's],[HERALD TOWERS],[BUSES ONLY],[350],[],['K-BBQ' 'West 42nd St' 'The Harold' 'DUNKIN''],[NORDSTROM],[Lucky Street Food],[Apple Pie],[VILLAGE COFFEE & LOUNGE],[ONE WAY],[],[],[],[],[],[],[],[BIXEN],[THE COLONNADE],[BIGBUS.COM],[PARKER],[LOST CAT BETWEEN PRINCE],[],['Broadway'],[],[],[],[],[],[],[],[],[Greeley],[URBAN OUTFITTERS],[WALL ST],[TIMEPENN],[SECOND],[],[CAVALLERIA LUXE],[TIMES SQUARE],['West 34th St'],[CHOCOLATE DIP],[],[1370],[Broadway],[AMERICA GROCERY FOOD],[],[The Bowery],[PRINCESS],[Carnegie House],[],[121],[WALL ST],[Observation Deck],[CHRISTIE'S],[TIFFANY & CO.],[],[],[5th Avenue],[],[],[],[],[],[ZALES JEWELERS],[BROOKLYN MUSEUM]],[[ABLE],[],[SILVER MIRRO],[],[GILLETTE],[STATE OF AMERICA],[TABLE],[GRAND CENTRAL TERMINAL],[],[PARK AVENUE],[Brooklyn Bridge Park],[],[Broadway],[BANANA REPUBLIC],[],[Capital One café],[],[],[McDonald's],[],[MERCER],[KABACK],[TABLE],[],[Kew],[MITSUBISHI],[],[],[ONE WAY],[FRANKLIN],[SEPHORA],[DHL Supply Chain],[],[ONE WAY],[],[],[],[],[Sycamore],[1 WEST 20th],[],['E 11 St'],[McDonald's],[],[Broadway],[],[],[52nd Street]],[[],[THE TABLE],[02 97 St],[BROADWAY NYC],[750 7th Avenue],[IBM],[BONVOYAGE],[BONOBOS],[DE JANEIRO],[BILLS],[MICHIGAN AVE],[ZARA],[],[TIMES SQUARE],[Soho Channel],[THE TABLE],[THE TABLE],[THE TABLE],[],[],[CITIZENS],[STARBUCKS RESERVE],[THE TABLE],[],[THE TABLE],[MORRIS HOTEL],[THE TABLE],[],[],[FreshDirect],[THE TABLE],[THE TABLE],[],[EAST 42ND ST],[THE TABLE],[],[],[COSTENO],[TIMES SQUARE],[GIFTS & LUGGAGE],[GOTHAM GIFTS],[THE TABLE],[],[],[],[THE TABLE],[501 5TH AVE],[Broadway],[THE TABLE]],[[PART BANK. PART CAFE. the perfect twist.],[W 10 St],[Cooper Union],[NEW YORK TV],[MINI SO],[New York TV],[New York TV],[70 W 42nd St],[New York TV],[ALISAKINT],[CERONE],[babylist],[COTTON ON],[Capital One],[14th St],[PLUMB & HEATING],[Madison Ave],[DOCKING],[CERONE],[New York],[New York TV],[700 9th],[New York TV Instagram: @then.kirsh],[ALLSAINTS],[CERONE],[PINK],[COTTON ON],[New York TV],[New York TV],[700],[W 4 St],[New York TV],[New York TV],[LUSTRE],[New York TV],[New York TV],[New York TV],[New York TV],[New York TV],[PINK],[COTTON ON],[Capital One],[],[625],[New York TV],[HOLLISTER],[NEW YORK TV],[GARAGE],[New York TV],[700 6th],[New York TV],[ALLSAINTS],[New York TV],[PINK],[COTTON ON],[6 Street Station],[NYC],[212-641-7510],[New York TV],[ONE WAY],[New York TV],[New York TV],[9 Street Station Downtown & Brooklyn],[New York TV],[Bond St],[CROCS],[New York TV],[New York TV],[New York TV],[New York TV],[NYU],[New York TV],[New York TV],[ONE WAY],[New York TV],[COTTON ON],[Capital One],[New York TV],[New York TV],[New York TV],[BOLLYTER],[New York TV],[GARAGE],[8 Street Station Downtown 3-Brooklyn],[NYU],[Bond St],[Broadway],[New York TV],[New York TV],[COTTON ON],[New York TV],[New York TV],[700],[Little Market NYC],[DOE JANE],[CERONE],[SABRETT],[New York TV],[New York TV],[New York TV],[],[New York TV],[PINK],[COTTON ON],[],[New York TV],[New York TV],[W 4 St],[New York TV],[PARIS 64],[LUSTREG],[New York TV],[ALLSAINTS],[CINEMA],[PINK],[COTTON ON],[Capital One],[Broadway],[New York TV],[New York TV],[New York TV],[New York TV],[New York TV],[ONE WAY],[New York TV],[ALL SAINTS],[New York TV],[babylist],[COTTON ON],[Capital One],[Broadway],[BIRDLAND],[New York TV],[New York TV],[New York TV],[LAM GARAGE],[New York TV],[New York TV],[ALUSIA NYC],[CERONE],[PINK],[COTTON ON],[8 Street Station 6 M Downtown & Brooklyn],[EATGELATO.COM],[Broad St],[NYPD],[New York TV],[New York TV],[ONE WAY],[New York TV],[New York TV],[New York TV],[New York TV Instagram @nycnyc],[HOLLISTER],[New York TV],[UAC],[Street Station Downtown & Brooklyn],[NYU],[BOND ST],[New York TV],[New York TV],[New York City],[COTTON ON],[Capital One],[New York TV]],[[Broadway],[CENT PARK],[DO NOT CROSS],[THEYAREL],[THE TABLE],[GRILLED STEAK],[7-ELEVEN],[],[GOURMET MARKET],[Cork & Oak Bistro Bar],[BOB MOTT],[],[THE PLAYGROUND NEW YORK],[THE TABLE],[TOWER RECORDS],[],[THE WORLD OF ANCHOR STORE],[THE TABLE],[],[TIMES SQUARE],[TIMES SQUARE],[],[],[],[MONDAY NIGHTS],[THE TABLE],[THE TABLE],[NEW YORK WORLD'S FAIR],[PENNSYLVANIA STATION],[],[Café],[TABLE],[],[FLATIRON],[THE TABLE],[TOWNE],[],[Broadway],[NEW YORK GIFTS],[Times Square],[],[THE TABLE]],[[],[],[],[],[],[],[ROOM VAUX HALL SUBWAY],[],[Madison],[walksacity],[STEINWAY & SONS],[],[walksacity],[INDIANA],[walksacity],[walksacity],[STEINWAY & SONS],[walksacity],[walksacity],[],[E 23 St],[walksacity],[STEINWAY & SONS],[],[walksacity],[walks.city],[walksac],[STEINWAY & SONS],[],[walksac],[],[STARBUCKS COFFEE],[walksac],[STEINWAY & SONS],[],[walksacity],[walksacit],[walksac],[STEINWAY & SONS],[],[walksacity],[W 58 St],[walksac],[STEINWAY & SONS],[],[],[INDIANA GROCERS],[Macy's],[walksacity],[walksacity],[walksacity],[Broadway],[walksacity],[STEINWAY & SONS],[],[walksacity],[NEW YORK GIFTS],[walksac],[walksacity],[STEINWAY & SONS],[],[walksacity],[NEW YORK EYES],[walksacity],[walksac],[STEINWAY & SONS],[],[],[BROADWAY],[walksacity],[],[],[Subway],[],[West 31st Street],[TESO],[],[],[ROOM VA N STUDIOS],[],[West 31st St],[walksacity],[walksacity],[],[walks.city],[Fifth Avenue],[],[STEINWAY & SONS],[],[walksacity],[INDIAN MARKETS],[Mays],[walksacity],[walksacity],[],[W 32 St],[walksacity],[],[walksacity],[],[walksac],[],[STEINWAY & SONS],[],[],[INDIAN BAGGAGE],[walks.city],[walksac],[STEINWAY & SONS],[],[walksacity],[NEW YORK CITY],[walksacity],[walksacity],[],[],[INDIANA],[SALSA UP TO 70% OFF],[walksacity],[STEINWAY & SONS],[],[walksacity],[W 34 St],[walksacity],[walksacity],[walksacity]]]","[[embedded_video,embedded_video,none,embedded_video,embedded_video,embedded_video,embedded_video,none,embedded_video,embedded_video,none,none,embedded_video,embedded_video,embedded_video,embedded_video,embedded_video,none,embedded_video,embedded_video,embedded_video,embedded_video,embedded_video,embedded_video,embedded_video,none,embedded_video,none,embedded_video,embedded_video,embedded_video,embedded_video,embedded_video,none,embedded_video,none,embedded_video,none,embedded_video,embedded_video,embedded_video,embedded_video,embedded_video,embedded_video,none,embedded_video,embedded_video,none,none],[embedded_video,embedded_video,none,embedded_video,embedded_video,embedded_video,embedded_video,none,none,none,none,none,embedded_video,none,none,none,none,embedded_video,embedded_video,embedded_video,embedded_video,embedded_video,embedded_video,embedded_video,embedded_video,embedded_video,embedded_video,embedded_video,embedded_video,embedded_video,embedded_video,embedded_video,none,none,none,none,none,none,none,none,none,none,embedded_video,embedded_video,embedded_video,embedded_video,embedded_video,embedded_video,embedded_video,embedded_video],[none,none,embedded_video,embedded_video,none,embedded_video,none,embedded_video,embedded_video,embedded_video,embedded_video,embedded_video,embedded_video,none,embedded_video,none,none,embedded_video,embedded_video,none,embedded_video,embedded_video,embedded_video,embedded_video,none,none,none,none,none,none,none,none,none,none,embedded_video,embedded_video,embedded_video,embedded_video,embedded_video,embedded_video,embedded_video,embedded_video,embedded_video,embedded_video,embedded_video,embedded_video,embedded_video,embedded_video,embedded_video,none,none,none,none,embedded_video,embedded_video,none,embedded_video,embedded_video,embedded_video,embedded_video,embedded_video,none,embedded_video,embedded_video,embedded_video,embedded_video,embedded_video,embedded_video,none,none,none,none,none,none,none,embedded_video,embedded_video,embedded_video,embedded_video,embedded_video,none,embedded_video,none,none,none,none,none,none,none,none,embedded_video,embedded_video,embedded_video,embedded_video,embedded_video,none,embedded_video,embedded_video,embedded_video,embedded_video,none,embedded_video,embedded_video,embedded_video,none,embedded_video,embedded_video,embedded_video,none,embedded_video,embedded_video,embedded_video,embedded_video,embedded_video,none,none,embedded_video,none,none,none,none,none,embedded_video,embedded_video],[embedded_video,none,embedded_video,none,embedded_video,embedded_video,embedded_video,embedded_video,none,embedded_video,embedded_video,none,embedded_video,embedded_video,none,embedded_video,none,none,embedded_video,none,embedded_video,embedded_video,embedded_video,none,embedded_video,embedded_video,none,none,embedded_video,embedded_video,embedded_video,embedded_video,none,embedded_video,none,none,none,none,embedded_video,embedded_video,none,embedded_video,embedded_video,none,embedded_video,none,none,embedded_video],[none,embedded_video,embedded_video,embedded_video,embedded_video,embedded_video,embedded_video,embedded_video,embedded_video,embedded_video,embedded_video,embedded_video,none,embedded_video,embedded_video,embedded_video,embedded_video,embedded_video,none,none,embedded_video,embedded_video,embedded_video,none,embedded_video,embedded_video,embedded_video,none,none,embedded_video,embedded_video,embedded_video,none,embedded_video,embedded_video,none,none,embedded_video,embedded_video,embedded_video,embedded_video,embedded_video,none,none,none,embedded_video,embedded_video,embedded_video,embedded_video],[embedded_video,embedded_video,embedded_video,embedded_video,embedded_video,embedded_video,embedded_video,embedded_video,embedded_video,embedded_video,embedded_video,embedded_video,embedded_video,embedded_video,embedded_video,embedded_video,embedded_video,embedded_video,embedded_video,embedded_video,embedded_video,embedded_video,embedded_video,embedded_video,embedded_video,embedded_video,embedded_video,embedded_video,embedded_video,embedded_video,embedded_video,embedded_video,embedded_video,embedded_video,embedded_video,embedded_video,embedded_video,embedded_video,embedded_video,embedded_video,embedded_video,embedded_video,none,embedded_video,embedded_video,embedded_video,embedded_video,embedded_video,embedded_video,embedded_video,embedded_video,embedded_video,embedded_video,embedded_video,embedded_video,embedded_video,embedded_video,embedded_video,embedded_video,embedded_video,embedded_video,embedded_video,embedded_video,embedded_video,embedded_video,embedded_video,embedded_video,embedded_video,embedded_video,embedded_video,embedded_video,embedded_video,embedded_video,embedded_video,embedded_video,embedded_video,embedded_video,embedded_video,embedded_video,embedded_video,embedded_video,embedded_video,embedded_video,embedded_video,embedded_video,embedded_video,embedded_video,embedded_video,embedded_video,embedded_video,embedded_video,embedded_video,embedded_video,embedded_video,embedded_video,embedded_video,embedded_video,embedded_video,embedded_video,embedded_video,none,embedded_video,embedded_video,embedded_video,none,embedded_video,embedded_video,embedded_video,embedded_video,embedded_video,embedded_video,embedded_video,embedded_video,embedded_video,embedded_video,embedded_video,embedded_video,embedded_video,embedded_video,embedded_video,embedded_video,embedded_video,embedded_video,embedded_video,embedded_video,embedded_video,embedded_video,embedded_video,embedded_video,embedded_video,embedded_video,embedded_video,embedded_video,embedded_video,embedded_video,embedded_video,embedded_video,embedded_video,embedded_video,embedded_video,embedded_video,embedded_video,embedded_video,embedded_video,embedded_video,embedded_video,embedded_video,embedded_video,embedded_video,embedded_video,embedded_video,embedded_video,embedded_video,embedded_video,embedded_video,embedded_video,embedded_video,embedded_video,embedded_video,embedded_video,embedded_video,embedded_video,embedded_video,embedded_video,embedded_video],[embedded_video,embedded_video,embedded_video,embedded_video,embedded_video,embedded_video,embedded_video,none,embedded_video,embedded_video,embedded_video,none,embedded_video,embedded_video,embedded_video,none,embedded_video,embedded_video,none,embedded_video,embedded_video,none,none,none,embedded_video,embedded_video,embedded_video,embedded_video,embedded_video,none,embedded_video,embedded_video,none,embedded_video,embedded_video,embedded_video,none,embedded_video,embedded_video,embedded_video,none,embedded_video],[none,none,none,none,none,none,embedded_video,none,embedded_video,embedded_video,embedded_video,none,embedded_video,embedded_video,embedded_video,embedded_video,embedded_video,embedded_video,embedded_video,none,embedded_video,embedded_video,embedded_video,none,embedded_video,embedded_video,embedded_video,embedded_video,none,embedded_video,none,embedded_video,embedded_video,embedded_video,none,embedded_video,embedded_video,embedded_video,embedded_video,none,embedded_video,embedded_video,embedded_video,embedded_video,none,none,embedded_video,embedded_video,embedded_video,embedded_video,embedded_video,embedded_video,embedded_video,embedded_video,none,embedded_video,embedded_video,embedded_video,embedded_video,embedded_video,none,embedded_video,embedded_video,embedded_video,embedded_video,embedded_video,none,none,embedded_video,embedded_video,none,none,embedded_video,none,embedded_video,embedded_video,none,none,embedded_video,none,embedded_video,embedded_video,embedded_video,none,embedded_video,embedded_video,none,embedded_video,none,embedded_video,embedded_video,embedded_video,embedded_video,embedded_video,none,embedded_video,embedded_video,none,embedded_video,none,embedded_video,none,embedded_video,none,none,embedded_video,embedded_video,embedded_video,embedded_video,none,embedded_video,embedded_video,embedded_video,embedded_video,none,none,embedded_video,embedded_video,embedded_video,embedded_video,none,embedded_video,embedded_video,embedded_video,embedded_video,embedded_video]]","[[1,237,472,942,1177,1412,1882,2117,2587,2822,3057,3294,3531,3768,4005,4242,4951,5187,5423,5659,5895,6131,6605,7079,7316,7553,8025,8261,8497,8969,9205,9442,9679,10153,10390,10627,11099,11335,11571,11807,12043,12279,12512,12744,12976,13208,13440,13672,13904],[1,237,472,707,942,1177,1412,1647,2117,2352,2587,2605,2840,3075,3310,3545,3779,3999,4219,4439,4659,5097,5316,5535,5754,5973,6192,6428,6664,7136,7372,7608,8316,8551,8786,9012,9238,9464,9690,9916,10142,10368,10594,10820,11045,11270,11495,11720,11938,12156],[3,88,316,544,772,1000,1228,1455,1682,1909,2136,2363,2822,3054,3518,3750,3982,4214,4446,4910,5142,5374,5784,5989,6194,6398,6629,6860,7091,7322,7552,7756,7960,8164,8367,8510,8652,8748,8907,9145,9382,9846,10073,10300,10527,10753,10979,11205,11431,11558,11685,11722,11951,12180,12409,12638,12867,13096,13325,13554,13783,14012,14241,14470,14699,14927,15165,15403,15641,16117,16355,16593,16831,17069,17307,17545,17783,18021,18259,18497,18972,19209,19446,19809,20012,20447,20913,21146,21379,21611,21843,22075,22307,22539,22771,23003,23235,23449,23663,23877,24091,24305,24518,24731,24944,25157,25328,25534,25740,25946,26152,26357,26527,26697,26866,27087,27308,27529,27750,27971,28192,28412,28632,28852],[23,258,493,728,963,1198,1433,1668,1903,2138,2373,2608,2843,3078,3313,3548,3782,4016,4488,4726,4964,5202,5439,5676,5913,6150,6387,6624,6855,7086,7548,7779,8010,8241,8471,8701,8931,9161,9391,9621,10081,10311,10531,10751,10971,11190,11409,11628],[1,239,477,715,953,1428,1665,1902,2139,2376,2613,2850,3087,3324,3561,3798,4035,4272,4509,4983,5220,5694,5931,6168,6405,6642,6879,7116,7353,7825,8061,8509,8720,8922,9124,9325,9526,9743,9960,10176,10392,10630,10868,11106,11344,11582,11820,12058,12295],[1,233,465,696,927,1158,1399,1599,1799,1998,2197,2418,2639,2860,2964,3126,3363,3600,3837,4074,4320,4520,4720,4919,5118,5339,5560,5781,5885,6047,6286,6525,6764,7003,7242,7442,7641,7840,8039,8260,8481,8702,8806,9031,9256,9481,9705,9929,10163,10363,10562,10761,10960,11181,11402,11623,11831,12039,12246,12453,12660,12867,13084,13293,13502,13711,13920,14128,14336,14544,14752,14960,15167,15374,15581,15788,16005,16109,16334,16559,16784,17008,17232,17466,17674,17881,18088,18295,18502,18709,18926,19030,19192,19429,19666,19903,20140,20387,20587,20786,20985,21184,21405,21626,21847,21951,22113,22352,22591,22830,23069,23308,23907,24106,24327,24548,24769,24873,25098,25323,25547,25771,25995,26229,26629,26828,27027,27248,27469,27690,27794,28019,28244,28468,28692,28916,29150,29550,29749,29948,30169,30390,30611,30819,31026,31233,31440,31647,31854,32071,32175,32400,32625,32850,33074,33298,33532,33740,33947,34154,34361,34568,34775,34993,35097],[25,265,505,745,985,1225,1465,1704,2182,2421,2660,2899,3377,3616,4094,4333,4570,5044,5281,5518,5755,5992,6229,6466,6703,7177,7414,7888,8125,8362,8599,8836,9073,9547,9784,10258,10494,10722,10950,11404,11631,11858],[1,233,465,697,929,1161,1392,1623,1854,2328,2802,3038,3274,3510,3746,4220,4694,4931,5168,5405,5642,6115,6587,6823,7059,7531,8005,8479,8716,8953,9190,9427,9899,10371,10607,10843,11315,11789,12263,12500,12737,13211,13683,14155,14391,14627,14863,15099,15573,16284,16521,16994,17466,17938,18174,18410,18646,18882,19356,19830,20066,20302,20538,20774,21248,21722,21959,22196,22670,23144,23618,23855,24092,24329,24566,25040,25514,25750,25986,26222,26458,26930,27402,27638,27874,28346,28818,29290,29526,29762,29998,30234,30708,31419,31656,32129,32601,33309,33545,33781,34017,34491,34965,35201,35437,35673,35909,36383,36857,37093,37329,37565,37801,38275,38985,39221,39457,39693,40167,40641,40878,41114,41586,41805,42462,42681]]","[[236,471,706,1176,1411,1646,2116,2351,2821,3056,3293,3530,3767,4004,4241,4478,5186,5422,5658,5894,6130,6367,6841,7315,7552,7788,8260,8496,8732,9204,9441,9678,9915,10389,10626,10862,11334,11570,11806,12042,12278,12511,12743,12975,13207,13439,13671,13903,14135],[236,471,706,941,1176,1411,1646,1881,2351,2586,2604,2839,3074,3309,3544,3778,3998,4218,4438,4658,4877,5315,5534,5753,5972,6191,6427,6663,6899,7371,7607,7843,8550,8785,9011,9237,9463,9689,9915,10141,10367,10593,10819,11044,11269,11494,11719,11937,12155,12372],[87,315,543,771,999,1227,1454,1681,1908,2135,2362,2589,3053,3285,3749,3981,4213,4445,4677,5141,5373,5578,5988,6193,6397,6628,6859,7090,7321,7551,7755,7959,8163,8366,8509,8651,8747,8906,9144,9381,9618,10072,10299,10526,10752,10978,11204,11430,11557,11684,11721,11950,12179,12408,12637,12866,13095,13324,13553,13782,14011,14240,14469,14698,14926,15164,15402,15640,15878,16354,16592,16830,17068,17306,17544,17782,18020,18258,18496,18734,19208,19445,19682,20011,20213,20679,21145,21378,21610,21842,22074,22306,22538,22770,23002,23234,23448,23662,23876,24090,24304,24517,24730,24943,25156,25327,25533,25739,25945,26151,26356,26526,26696,26865,27086,27307,27528,27749,27970,28191,28411,28631,28851,29071],[257,492,727,962,1197,1432,1667,1902,2137,2372,2607,2842,3077,3312,3547,3781,4015,4249,4725,4963,5201,5438,5675,5912,6149,6386,6623,6854,7085,7316,7778,8009,8240,8470,8700,8930,9160,9390,9620,9850,10310,10530,10750,10970,11189,11408,11627,11846],[238,476,714,952,1190,1664,1901,2138,2375,2612,2849,3086,3323,3560,3797,4034,4271,4508,4745,5219,5456,5930,6167,6404,6641,6878,7115,7352,7588,8060,8296,8719,8921,9123,9324,9525,9742,9959,10175,10391,10629,10867,11105,11343,11581,11819,12057,12294,12531],[232,464,695,926,1157,1388,1598,1798,1997,2196,2417,2638,2859,2963,3125,3362,3599,3836,4073,4310,4519,4719,4918,5117,5338,5559,5780,5884,6046,6285,6524,6763,7002,7241,7441,7640,7839,8038,8259,8480,8701,8805,9030,9255,9480,9704,9928,10152,10362,10561,10760,10959,11180,11401,11622,11830,12038,12245,12452,12659,12866,13073,13292,13501,13710,13919,14127,14335,14543,14751,14959,15166,15373,15580,15787,15994,16108,16333,16558,16783,17007,17231,17455,17673,17880,18087,18294,18501,18708,18915,19029,19191,19428,19665,19902,20139,20376,20586,20785,20984,21183,21404,21625,21846,21950,22112,22351,22590,22829,23068,23307,23507,24105,24326,24547,24768,24872,25097,25322,25546,25770,25994,26218,26428,26827,27026,27247,27468,27689,27793,28018,28243,28467,28691,28915,29139,29349,29748,29947,30168,30389,30610,30818,31025,31232,31439,31646,31853,32060,32174,32399,32624,32849,33073,33297,33521,33739,33946,34153,34360,34567,34774,34981,35096,35257],[264,504,744,984,1224,1464,1703,1942,2420,2659,2898,3137,3615,3854,4332,4569,4806,5280,5517,5754,5991,6228,6465,6702,6939,7413,7650,8124,8361,8598,8835,9072,9309,9783,10020,10493,10721,10949,11176,11630,11857,12084],[232,464,696,928,1160,1391,1622,1853,2090,2564,3037,3273,3509,3745,3982,4456,4930,5167,5404,5641,5878,6350,6822,7058,7294,7767,8241,8715,8952,9189,9426,9662,10134,10606,10842,11078,11551,12025,12499,12736,12973,13446,13918,14390,14626,14862,15098,15335,15809,16520,16757,17229,17701,18173,18409,18645,18881,19118,19592,20065,20301,20537,20773,21010,21484,21958,22195,22432,22906,23380,23854,24091,24328,24565,24802,25276,25749,25985,26221,26457,26693,27165,27637,27873,28109,28581,29053,29525,29761,29997,30233,30470,30944,31655,31892,32364,32836,33544,33780,34016,34253,34727,35200,35436,35672,35908,36145,36619,37092,37328,37564,37800,38037,38511,39220,39456,39692,39929,40403,40877,41113,41349,41804,42023,42680,42899]]","[22012025,14082026,17052026,8082026,2082026,15082026,13072026,7092025]","[UCnvLGayHxWh5YZjpJjZ6WRg,UCNuWCBM-4pn582kUg0BVexw,UC20vyRWEaC2GIS8DkmeRQaA,UCNuWCBM-4pn582kUg0BVexw,UCNuWCBM-4pn582kUg0BVexw,UCRODS6wub2VZ6nKON6PDwdQ,UCNuWCBM-4pn582kUg0BVexw,UCnvLGayHxWh5YZjpJjZ6WRg]"
20,Chicago,[City of Chicago],IL,United States,USA,North America,41.8755616,-87.6244212,"[3jljJvpUMwg,d3b5XetksD8]","[[1,1,1,1,1,1,1,1,1,1,1,1],[0,0]]","[[street,street,street,street,street,street,street,street,street,street,street,street],[street,street]]","[[[],[],[[690,11:30,pm Thank you for watching; Kindly Subscribe! ⭐️ Help support my channel @ 💳 paypal]],[[690,11:30,pm Thank you for watching; Kindly Subscribe! ⭐️ Help support my channel @ 💳 paypal]],[[690,11:30,pm Thank you for watching; Kindly Subscribe! ⭐️ Help support my channel @ 💳 paypal]],[[690,11:30,pm Thank you for watching; Kindly Subscribe! ⭐️ Help support my channel @ 💳 paypal]],[[690,11:30,pm Thank you for watching; Kindly Subscribe! ⭐️ Help support my channel @ 💳 paypal]],[[690,11:30,pm Thank you for watching; Kindly Subscribe! ⭐️ Help support my channel @ 💳 paypal]],[[690,11:30,pm Thank you for watching; Kindly Subscribe! ⭐️ Help support my channel @ 💳 paypal]],[[690,11:30,pm Thank you for watching; Kindly Subscribe! ⭐️ Help support my channel @ 💳 paypal]],[[690,11:30,pm Thank you for watching; Kindly Subscribe! ⭐️ Help support my channel @ 💳 paypal]],[[690,11:30,pm Thank you for watching; Kindly Subscribe! ⭐️ Help support my channel @ 💳 paypal]]],[[],[[346,5:46,pm Thank you for watching; Kindly Subscribe! ⭐️ Help support my channel @ 💳 paypal]]]]","[[[530],[ONE WAY],[],[],[],[],[RIVER NORTH],[1000],[MOTEL],[],[],[Paul Revere Hotel]],[[BEGIN ONE WAY],[]]]","[[embedded_video,embedded_video,timestamp_description,timestamp_description,timestamp_description,timestamp_description,both,both,both,timestamp_description,timestamp_description,both],[embedded_video,timestamp_description]]","[[5,244,482,720,958,1348,1543,1738,2152,2371,3028,3466],[45,517]]","[[243,481,719,957,1152,1542,1737,1932,2370,2589,3246,3684],[280,752]]","[9082026,15082026]","[UCZNi0qQIU-pZRsteKDHbUJg,UCZNi0qQIU-pZRsteKDHbUJg]"
21,Chelsea and Knightsbridge,[],England,United Kingdom,,,,,[57KGmgkQOiM],"[[0,0,0,0,0,0,0,0,0,0,0,0,0,0,0,0,0,0,0,0,0,0,0,0,0]]","[[street,street,street,street,street,street,street,street,street,street,street,street,street,street,street,street,street,street,street,street,street,street,street,street,street]]","[[[],[],[],[],[],[],[],[],[],[],[],[],[],[],[],[],[],[],[],[],[],[],[],[],[]]]","[[[CARMEN],[],[GREAT PALL MALL],[KARL LAGERFELD],[],[ROASTING PARTY],[],[],[],[],[SPACE NK],[],[SUPER SOFIES HOT DOGS],[Apple Store],[Dior],[],[],[],[BANK OF ENGLAND],[HOT DOGS],[FENDI UK],[101],[],[],[]]]","[[embedded_video,none,embedded_video,embedded_video,none,embedded_video,none,none,none,none,embedded_video,none,embedded_video,embedded_video,embedded_video,none,none,none,embedded_video,embedded_video,embedded_video,embedded_video,none,none,none]]","[[45,194,429,664,899,1134,1369,1604,1839,2074,2542,2776,3010,3244,3478,3712,3755,3782,3829,3981,4132,4342,4762,4972,5182]]","[[193,428,663,898,1133,1368,1603,1838,2073,2307,2775,3009,3243,3477,3711,3754,3781,3828,3980,4131,4341,4551,4971,5181,5390]]",[9082026],[UCfJKHk7lav13YHgCsYcvsHQ]
22,Naples,[],Campania,Italy,ITA,Europe,40.8358846,14.2487679,[i4KOQfEQSyQ],"[[0,0,0,0,0,0,0,0,0,0,0,0,0,0,0,0,0,0]]","[[street,market,street,street,street,street,street,street,street,market,street,street,street,street,street,street,street,street]]","[[[],[],[],[],[],[],[],[],[],[],[],[],[],[],[],[],[],[]]]","[[[],[],[TERRA],[PALERMO],[],[SOGNO],[MILANO],[OUTLET],[GRANITI VARIE],[],[Napoli Pizza],[],[MONDO CARTA],[],[],[],[],[]]]","[[none,none,embedded_video,embedded_video,none,embedded_video,embedded_video,embedded_video,embedded_video,none,embedded_video,none,embedded_video,none,none,none,none,none]]","[[39,237,435,459,594,769,944,1118,1337,1555,1773,2003,2233,2463,2693,2923,3152,3381]]","[[236,434,458,593,768,943,1117,1336,1554,1772,2002,2232,2462,2692,2922,3151,3380,3528]]",[1082026],[UCGaLMzdEMwwjghJBSfZlEXQ]
23,East Honolulu,"[Waikiki,Waikīkī]",HI,United States,USA,North America,21.2793568,-157.8285713,[saRic7RKpdo],"[[0,0,0,0,0,0,0,0,0,0,0,0,0,0,0,0,0]]","[[mixed,mixed,mixed,mixed,mixed,indoor,indoor,mixed,mixed,mixed,mixed,mixed,mixed,mixed,beach,park_nature,park_nature]]","[[[[103,0:01:43,History of Waikiki and Hawaii (Open CC for subtitles/description)]],[[103,0:01:43,History of Waikiki and Hawaii (Open CC for subtitles/description)]],[[103,0:01:43,History of Waikiki and Hawaii (Open CC for subtitles/description)]],[[1172,0:19:32,Kalākaua Avenue],[1431,0:23:51,International Market Place]],[[1431,0:23:51,International Market Place]],[[1431,0:23:51,International Market Place]],[[1431,0:23:51,International Market Place]],[[1431,0:23:51,International Market Place],[2148,0:35:48,Royal Hawaiian Center]],[[2148,0:35:48,Royal Hawaiian Center]],[[2148,0:35:48,Royal Hawaiian Center]],[[2148,0:35:48,Royal Hawaiian Center]],[[3291,0:54:51,Diamond Head]],[[3291,0:54:51,Diamond Head]],[[3291,0:54:51,Diamond Head]],[[3291,0:54:51,Diamond Head],[4173,1:09:33,Fort DeRussy Beach]],[[4701,1:18:21,Hilton Lagoon],[4804,1:20:04,PART II: Ala Moana Beach 👍 If you enjoyed this video; please like this video and subscribe to our channel for more awesome content 😊 ♡ THANKS FOR WATCHING ♡ #waikiki #hawaii #walkingtours ________ No]],[[4804,1:20:04,PART II: Ala Moana Beach 👍 If you enjoyed this video; please like this video and subscribe to our channel for more awesome content 😊 ♡ THANKS FOR WATCHING ♡ #waikiki #hawaii #walkingtours ________ No]]]]","[[[],[],[],[],['INTERNATIONAL MARKET PLACE'],[],[],[],[],[],[],[],[],[],[],[Part II: Ala Moana Beach],[]]]","[[timestamp_description,timestamp_description,timestamp_description,timestamp_description,both,timestamp_description,timestamp_description,timestamp_description,timestamp_description,timestamp_description,timestamp_description,timestamp_description,timestamp_description,timestamp_description,timestamp_description,both,timestamp_description]]","[[256,493,729,1201,1437,1673,1768,1979,2215,2450,2685,3390,3625,3860,4095,4800,5198]]","[[492,728,964,1436,1672,1767,1973,2214,2449,2684,2919,3624,3859,4094,4329,4998,5396]]",[14012025],[UCV2_l3k3JuZwIhiY1H0kSxA]
24,Málaga,[],Andalusia,Spain,ESP,Europe,36.7647913,-4.4422005,[SDrqloSJDCo],"[[0,0,0,0,0,0,0,0,0,0,0,0,0,0,0,0,-1,0,0,0,0,0,0,0,0,0,0]]","[[mixed,street,mixed,mixed,street,street,street,street,street,street,square_plaza,street,street,street,indoor,indoor,indoor,square_plaza,street,street,park_nature,mixed,mixed,waterfront,waterfront,waterfront,park_nature]]","[[[[0,0:00,Intro],[103,1:43,road to Malaga],[236,3:56,The beginning of the walk — the city streets]],[[236,3:56,The beginning of the walk — the city streets]],[[236,3:56,The beginning of the walk — the city streets]],[[236,3:56,The beginning of the walk — the city streets],[868,14:28,Teatro Romano de Málaga]],[[868,14:28,Teatro Romano de Málaga]],[[868,14:28,Teatro Romano de Málaga]],[[868,14:28,Teatro Romano de Málaga],[1603,26:43,Plaza del Obispo]],[[1603,26:43,Plaza del Obispo],[1943,32:23,Mercado Central de Atarazanas]],[[1943,32:23,Mercado Central de Atarazanas]],[[1943,32:23,Mercado Central de Atarazanas]],[[1943,32:23,Mercado Central de Atarazanas]],[[1943,32:23,Mercado Central de Atarazanas]],[[1943,32:23,Mercado Central de Atarazanas]],[[1943,32:23,Mercado Central de Atarazanas]],[[1943,32:23,Mercado Central de Atarazanas],[3473,57:53,Santa Iglesia Catedral Basílica de la Encarnación de Málaga]],[[3473,57:53,Santa Iglesia Catedral Basílica de la Encarnación de Málaga]],[[3473,57:53,Santa Iglesia Catedral Basílica de la Encarnación de Málaga]],[[3473,57:53,Santa Iglesia Catedral Basílica de la Encarnación de Málaga]],[[3473,57:53,Santa Iglesia Catedral Basílica de la Encarnación de Málaga]],[[3473,57:53,Santa Iglesia Catedral Basílica de la Encarnación de Málaga]],[[3473,57:53,Santa Iglesia Catedral Basílica de la Encarnación de Málaga]],[[3473,57:53,Santa Iglesia Catedral Basílica de la Encarnación de Málaga],[5196,1:26:36,Palmeral de las Sorpresas]],[[5196,1:26:36,Palmeral de las Sorpresas]],[[5196,1:26:36,Palmeral de las Sorpresas]],[[5901,1:38:21,Centre Pompidou Málaga]],[[5901,1:38:21,Centre Pompidou Málaga]],[[6855,1:54:15,Alcazaba Fortress]]]]","[[[],[],[],[INTERPRETACION TEATRO ROMANO],[],[],[],[Casa del Libro],[],[],[],[],[],[],[],[],[],[],[LO GUENO],[],[],[],[],[],[],[],[]]]","[[timestamp_description,timestamp_description,timestamp_description,both,timestamp_description,timestamp_description,timestamp_description,both,timestamp_description,timestamp_description,timestamp_description,timestamp_description,timestamp_description,timestamp_description,timestamp_description,timestamp_description,timestamp_description,timestamp_description,both,timestamp_description,timestamp_description,timestamp_description,timestamp_description,timestamp_description,timestamp_description,timestamp_description,timestamp_description]]","[[71,310,549,788,1027,1266,1505,1744,1983,2222,2461,2700,2939,3178,3417,3656,3894,4132,4370,4608,4846,5084,5322,5560,6036,6274,6988]]","[[309,548,787,1026,1265,1504,1743,1982,2221,2460,2699,2938,3177,3416,3655,3893,4131,4369,4607,4845,5083,5321,5559,5797,6273,6511,7225]]",[2082025],[UCOlx478DxwYAwkLnz9ELNIQ]
25,Peschiera del Garda,[],Veneto,Italy,ITA,Europe,45.4391576,10.6803955,[hvPgyoA6x5c],"[[2,2,2,0,2,2,2,1,2,2]]","[[mixed,street,waterfront,waterfront,waterfront,mixed,street,indoor,mixed,market]]","[[[],[],[],[],[],[],[],[],[],[]]]","[[[],[CORSO VITTORIO EMANUELE II],[],[],[],[],[],[],[],[]]]","[[none,embedded_video,none,none,none,none,none,none,none,none]]","[[17,240,463,686,1132,1355,1578,2024,2662,2870]]","[[239,462,685,908,1354,1577,1800,2245,2869,3077]]",[15082026],[UC9S8HtK0MtJkRYzC2gPafUA]
26,Paris,"[6th Arrondissement,Arrondissement du Luxembourg,VIe Arrondissement]",Ile-de-France,France,FRA,Europe,48.8504333,2.3329507,[FLNTNoVFFNg],"[[0,0,0,0,0,0,0,2]]","[[street,street,street,street,street,street,street,street]]","[[[],[],[],[],[],[],[],[]]]","[[[],[],[],[ZUBER],['La Petite Cour Carrée'],[HOTEL],[],[]]]","[[none,none,none,embedded_video,embedded_video,embedded_video,none,none]]","[[169,402,1334,1803,2012,2220,2428,2560]]","[[401,634,1566,2011,2219,2427,2559,2691]]",[7082026],[UChoRNJ8IPEHwqYNxgvXMLlA]
27,Arezzo,[Provincia di Arezzo],Tuscany,Italy,ITA,Europe,43.5171442,11.7639282,[1fGa0rZRQj0],"[[0,0,0,0,0,0,0,0,0,-1,-1,0]]","[[mixed,street,street,street,square_plaza,indoor,street,street,street,indoor,indoor,indoor]]","[[[[0,0:00,Intro]],[[392,6:32,Church of Sant'Agostino]],[[392,6:32,Church of Sant'Agostino],[941,15:41,Church of Saints Michele and Adriano]],[[941,15:41,Church of Saints Michele and Adriano]],[[1455,24:15,Piazza Grande]],[[1455,24:15,Piazza Grande]],[[1455,24:15,Piazza Grande],[2160,36:00,The medieval streets]],[[2160,36:00,The medieval streets]],[[2160,36:00,The medieval streets]],[[3076,51:16,Cathedral of Saints Peter and Donatus]],[[3076,51:16,Cathedral of Saints Peter and Donatus]],[[3076,51:16,Cathedral of Saints Peter and Donatus],[4007,1:06:47,View of the valley Watch My Previous Videos]]]]","[[[],[],[],[BENNIS],[],[],[],[],['Antica Bottega Toscana'],[],[],[]]]","[[timestamp_description,timestamp_description,timestamp_description,both,timestamp_description,timestamp_description,timestamp_description,timestamp_description,both,timestamp_description,timestamp_description,timestamp_description]]","[[96,558,789,1020,1480,1710,1940,2400,2630,3090,3550,3780]]","[[326,788,1019,1249,1709,1939,2169,2629,2859,3319,3779,4009]]",[8082026],[UCOlx478DxwYAwkLnz9ELNIQ]
28,Nice,[],Provence-Alpes-Côte d'Azur,France,FRA,Europe,43.7009358,7.2683912,[hQVJf95u7Yg],"[[0,0,0,0,0,0,0,2,2,0,0]]","[[street,street,street,mixed,mixed,street,street,waterfront,mixed,street,mixed]]","[[[],[],[],[],[],[],[],[],[],[],[]]]","[[[GARE DE NICE VILLE],[],[],[PHOCEENS V],['VILLE DE NICE'],[],[BOUTIQUE DE MODE],[],[france tv],[],[]]]","[[embedded_video,none,none,embedded_video,embedded_video,none,embedded_video,none,embedded_video,none,none]]","[[28,504,742,980,1456,1931,2168,2405,2642,2879,3116]]","[[265,741,979,1217,1693,2167,2404,2641,2878,3115,3352]]",[12082026],[UCP9ppOVBnkMvO09sd-SavSw]
29,Lisbon,[Município de Lisboa],,Portugal,PRT,Europe,38.7077507,-9.1365919,[SVXruCljW3E],"[[0,0,0,0,0,0,0,0,0,0,0,0,0,0,0,0,0]]","[[street,street,street,street,street,street,street,street,street,street,street,street,street,street,street,mixed,mixed]]","[[[[0,0:00,Restauradores & Rossio Area],[183,3:03,Rossio Square & Praça Dom Pedro IV]],[[183,3:03,Rossio Square & Praça Dom Pedro IV]],[[183,3:03,Rossio Square & Praça Dom Pedro IV],[660,11:00,Rua Augusta & Baixa District]],[[660,11:00,Rua Augusta & Baixa District]],[[660,11:00,Rua Augusta & Baixa District]],[[660,11:00,Rua Augusta & Baixa District]],[[660,11:00,Rua Augusta & Baixa District]],[[660,11:00,Rua Augusta & Baixa District]],[[660,11:00,Rua Augusta & Baixa District]],[[660,11:00,Rua Augusta & Baixa District]],[[660,11:00,Rua Augusta & Baixa District],[2335,38:55,Santa Justa Lift]],[[2335,38:55,Santa Justa Lift],[2559,42:39,Rua do Carmo & Shopping Streets]],[[2559,42:39,Rua do Carmo & Shopping Streets],[2889,48:09,Carmo Convent Ruins]],[[2889,48:09,Carmo Convent Ruins],[3020,50:20,Walking down beautiful streets]],[[3293,54:53,Praça Dom Pedro IV],[3697,1:01:37,Famous Monument to the Discoveries]],[[3697,1:01:37,Famous Monument to the Discoveries],[4023,1:07:03,Jerónimos Monastery & Belém Park]],[[4023,1:07:03,Jerónimos Monastery & Belém Park],[4462,1:14:22,Belém District 🎬 Filming Info: 📍 Location: Lisbon; Portugal 🇵🇹 📽️ Format: 4K Ultra HD at 60fps 🎧 Audio: Real city sounds – no music; no commentary ☀️ Time: Daytime 🤝 Business Inquiries and Contact: wa]]]]","[[[L PORTUGUES],[],[],[],[The Carmo Market],[],['PRAÇA DO COMÉRCIO'],[],[PASTELARIA LA REINA],[],[],[OY SHOP],[],[MUSEU],[Cais do Sodré],[],[]]]","[[both,timestamp_description,timestamp_description,timestamp_description,both,timestamp_description,both,timestamp_description,both,timestamp_description,timestamp_description,both,timestamp_description,both,both,timestamp_description,timestamp_description]]","[[1,233,464,695,926,1157,1388,1619,1850,2081,2312,2543,2774,3005,3467,3904,4316]]","[[232,463,694,925,1156,1387,1618,1849,2080,2311,2542,2773,3004,3235,3697,4109,4491]]",[16082026],[UC20vyRWEaC2GIS8DkmeRQaA]
30,Versailles,[],Ile-de-France,France,FRA,Europe,48.8035403,2.1266886,[ETppPmu76ls],"[[0,0,0,0,0,0,0,0,0,0,0,0,0,0,0,0,0,0,0,0,0,0,0,0,0,0,0,0,0,0,0,0]]","[[square_plaza,indoor,indoor,indoor,indoor,indoor,indoor,indoor,indoor,indoor,indoor,indoor,mixed,park_nature,park_nature,park_nature,park_nature,park_nature,park_nature,park_nature,mixed,indoor,indoor,park_nature,park_nature,park_nature,park_nature,park_nature,indoor,indoor,park_nature,park_nature]]","[[[[128,02:08,Palace Entrance & Royal Gate]],[[128,02:08,Palace Entrance & Royal Gate],[562,09:22,Inside the Palace of Versailles]],[[562,09:22,Inside the Palace of Versailles],[942,15:42,Grands Appartements]],[[942,15:42,Grands Appartements]],[[942,15:42,Grands Appartements]],[[942,15:42,Grands Appartements]],[[942,15:42,Grands Appartements]],[[942,15:42,Grands Appartements]],[[942,15:42,Grands Appartements],[1604,26:44,Galerie des Glaces(Hall of Mirrors)]],[[1604,26:44,Galerie des Glaces(Hall of Mirrors)]],[[1887,31:27,The Queen's Bedchamber]],[[1887,31:27,The Queen's Bedchamber]],[[1887,31:27,The Queen's Bedchamber],[2060,34:20,The Royal Gardens & Fountains]],[[2060,34:20,The Royal Gardens & Fountains]],[[2060,34:20,The Royal Gardens & Fountains]],[[2060,34:20,The Royal Gardens & Fountains]],[[2060,34:20,The Royal Gardens & Fountains]],[[2060,34:20,The Royal Gardens & Fountains]],[[2060,34:20,The Royal Gardens & Fountains]],[[2060,34:20,The Royal Gardens & Fountains],[3670,01:01:10,La Flottille]],[[3670,01:01:10,La Flottille]],[[3997,01:06:37,Le Grand Trianon]],[[3997,01:06:37,Le Grand Trianon]],[[3997,01:06:37,Le Grand Trianon],[4306,01:11:46,Jardin du Roi]],[[4306,01:11:46,Jardin du Roi]],[[4306,01:11:46,Jardin du Roi]],[[4601,01:16:41,Petit Trianon]],[[4601,01:16:41,Petit Trianon]],[[4601,01:16:41,Petit Trianon]],[[4601,01:16:41,Petit Trianon]],[[4601,01:16:41,Petit Trianon]],[[4601,01:16:41,Petit Trianon],[5057,01:24:17,Temple de l'Amour(The Temple of Love)]]]]","[[[],[],[],[],[],['CHAPELLE ROYALE ROYAL CHAPEL'],[],[Venus Salon],[],[],['Grand Couvert Antechamber of the Queen'],[],[],[],[],[],[],[],[],[],[],[],[],[],[],[],[],[],[],[Silverware Room],[],[]]]","[[timestamp_description,timestamp_description,timestamp_description,timestamp_description,timestamp_description,both,timestamp_description,both,timestamp_description,timestamp_description,both,timestamp_description,timestamp_description,timestamp_description,timestamp_description,timestamp_description,timestamp_description,timestamp_description,timestamp_description,timestamp_description,timestamp_description,timestamp_description,timestamp_description,timestamp_description,timestamp_description,timestamp_description,timestamp_description,timestamp_description,timestamp_description,both,timestamp_description,timestamp_description]]","[[401,484,910,945,1237,1278,1418,1434,1580,1810,1934,1978,2039,2543,2822,3023,3270,3438,3460,3640,3685,4010,4038,4233,4361,4393,4717,4744,4856,4946,5008,5026]]","[[441,678,944,1049,1255,1341,1433,1476,1809,1835,1977,1996,2136,2668,2974,3071,3285,3459,3639,3684,3704,4025,4115,4360,4392,4461,4743,4844,4878,4968,5025,5116]]",[31032026],[UCiVSJutRI7WdDuXV93fRWvA]
31,Melbourne,[Greater Melbourne],Victoria,Australia,AUS,Oceania,-37.8142454,144.9631732,[G3Yvn__8k10],"[[0,0,0,0,0,0,0,0,0,2,2,2,2,2]]","[[street,street,street,street,street,mixed,market,market,waterfront,waterfront,waterfront,mixed,street,mixed]]","[[[[283,4:43,pm to]],[[283,4:43,pm to],[347,5:47,pm Day: Saturday Temperature: 12℃/53.6℉ Season: Winter Melbourne Australia City Walking Tour in August; Winter Season 2026. Experience the City of Melbourne in August. Winter Season. Walking Tour in M]],[[347,5:47,pm Day: Saturday Temperature: 12℃/53.6℉ Season: Winter Melbourne Australia City Walking Tour in August; Winter Season 2026. Experience the City of Melbourne in August. Winter Season. Walking Tour in M]],[[347,5:47,pm Day: Saturday Temperature: 12℃/53.6℉ Season: Winter Melbourne Australia City Walking Tour in August; Winter Season 2026. Experience the City of Melbourne in August. Winter Season. Walking Tour in M]],[[347,5:47,pm Day: Saturday Temperature: 12℃/53.6℉ Season: Winter Melbourne Australia City Walking Tour in August; Winter Season 2026. Experience the City of Melbourne in August. Winter Season. Walking Tour in M]],[[347,5:47,pm Day: Saturday Temperature: 12℃/53.6℉ Season: Winter Melbourne Australia City Walking Tour in August; Winter Season 2026. Experience the City of Melbourne in August. Winter Season. Walking Tour in M]],[[347,5:47,pm Day: Saturday Temperature: 12℃/53.6℉ Season: Winter Melbourne Australia City Walking Tour in August; Winter Season 2026. Experience the City of Melbourne in August. Winter Season. Walking Tour in M]],[[347,5:47,pm Day: Saturday Temperature: 12℃/53.6℉ Season: Winter Melbourne Australia City Walking Tour in August; Winter Season 2026. Experience the City of Melbourne in August. Winter Season. Walking Tour in M]],[[347,5:47,pm Day: Saturday Temperature: 12℃/53.6℉ Season: Winter Melbourne Australia City Walking Tour in August; Winter Season 2026. Experience the City of Melbourne in August. Winter Season. Walking Tour in M]],[[347,5:47,pm Day: Saturday Temperature: 12℃/53.6℉ Season: Winter Melbourne Australia City Walking Tour in August; Winter Season 2026. Experience the City of Melbourne in August. Winter Season. Walking Tour in M]],[[347,5:47,pm Day: Saturday Temperature: 12℃/53.6℉ Season: Winter Melbourne Australia City Walking Tour in August; Winter Season 2026. Experience the City of Melbourne in August. Winter Season. Walking Tour in M]],[[347,5:47,pm Day: Saturday Temperature: 12℃/53.6℉ Season: Winter Melbourne Australia City Walking Tour in August; Winter Season 2026. Experience the City of Melbourne in August. Winter Season. Walking Tour in M]],[[347,5:47,pm Day: Saturday Temperature: 12℃/53.6℉ Season: Winter Melbourne Australia City Walking Tour in August; Winter Season 2026. Experience the City of Melbourne in August. Winter Season. Walking Tour in M]],[[347,5:47,pm Day: Saturday Temperature: 12℃/53.6℉ Season: Winter Melbourne Australia City Walking Tour in August; Winter Season 2026. Experience the City of Melbourne in August. Winter Season. Walking Tour in M]]]]","[[[Queen Street],['Queen Street'],['Queen Street'],[Queen Street],['Flinders Street'],['Queens Bridge Street' 'Queens Bridge Square'],[Queen's Bridge Square],['Queens Bridge Square'],[Southbank Promenade],['Flinders Street Station'],[Flinders Walk],[Flinders Walk],['Flinders Street and Swanston Street'],['Hosier Lane']]]","[[both,both,both,both,both,both,both,both,both,both,both,both,both,both]]","[[63,287,510,721,932,1564,1774,1984,2194,2362,2530,2730,3328,3746]]","[[286,509,720,931,1142,1773,1983,2193,2361,2529,2729,2929,3526,3813]]",[13082026],[UC-OkQ5JhnX5wCAgYJRxi6bw]
32,Sorrento,[],Campania,Italy,ITA,Europe,40.624906,14.374836,[vDTNIngMPqw],"[[0,0,0,0,0,0,0,0,0,0]]","[[mixed,street,market,market,waterfront,mixed,mixed,market,market,mixed]]","[[[],[],[],[],[],[],[],[],[],[]]]","[[[],[],[DUBLIN TRAVEL],[],[DUBLIN TRAVEL],[],[],[],[ANTICA GELATERIA SORRENTINA ARTIGIANALE DAL 1960],[]]]","[[none,none,embedded_video,none,embedded_video,none,none,none,embedded_video,none]]","[[48,283,518,753,1693,2163,2398,2633,2868,3292]]","[[282,517,752,987,1927,2397,2632,2867,3101,3481]]",[25072026],[UCGaLMzdEMwwjghJBSfZlEXQ]
33,Aldgate Square to Royal Exchange,[],,United Kingdom,,,,,[SQNC4ggjXBs],"[[0,0,0,0,0,0]]","[[street,street,street,street,street,mixed]]","[[[[60,01:00,Aldgate Square],[240,04:00,Dukes Pl]],[[240,04:00,Dukes Pl]],[[718,11:58,St Helens Church Compound],[969,16:09,Great Winchester St]],[[969,16:09,Great Winchester St],[1141,19:01,Augistine Fairs]],[[1141,19:01,Augistine Fairs],[1269,21:09,Throgmorton St]],[[1269,21:09,Throgmorton St],[1528,25:28,The Royal Exchange Avenue],[1554,25:54,Cornhill]]]]","[[[LONDON],[FAZENDA],[],[],[ROAD AHEAD CLOSED],[]]]","[[both,both,timestamp_description,timestamp_description,both,timestamp_description]]","[[61,259,853,1051,1208,1365]]","[[258,456,1050,1207,1364,1585]]",[7082026],[UCTO_5Tth4CmjW4UyPfy90Hg]
34,"Amerikamura, Dotonbori",[],,Japan,,,,,[axewALA2s_E],"[[0,0,0,0,0,0,0,0,0,0,0,0,0,0,0,0,0,0,0,0,0,0,0,0,0,0,2,0,0,0,0,0,0,0,0,0,0,0]]","[[street,street,street,street,mixed,mixed,mixed,street,street,street,street,street,street,mixed,street,street,market,street,street,market,street,street,street,street,waterfront,street,mixed,street,street,street,street,street,street,street,street,street,street,street]]","[[[[300,5:00,Amerikamura Fashion Street]],[[300,5:00,Amerikamura Fashion Street]],[[300,5:00,Amerikamura Fashion Street]],[[300,5:00,Amerikamura Fashion Street]],[[300,5:00,Amerikamura Fashion Street]],[[300,5:00,Amerikamura Fashion Street]],[[300,5:00,Amerikamura Fashion Street]],[[300,5:00,Amerikamura Fashion Street]],[[300,5:00,Amerikamura Fashion Street]],[[300,5:00,Amerikamura Fashion Street]],[[300,5:00,Amerikamura Fashion Street]],[[300,5:00,Amerikamura Fashion Street]],[[300,5:00,Amerikamura Fashion Street]],[[300,5:00,Amerikamura Fashion Street]],[[300,5:00,Amerikamura Fashion Street],[3960,1:06:00,Dotonbori Cosplay Scene Explore the vibrant heart of Tokyo in this immersive virtual walking tour. Experience the dynamic citylife as we navigate through bustling streets and quiet alleys. From the ic]],[[3960,1:06:00,Dotonbori Cosplay Scene Explore the vibrant heart of Tokyo in this immersive virtual walking tour. Experience the dynamic citylife as we navigate through bustling streets and quiet alleys. From the ic]],[[3960,1:06:00,Dotonbori Cosplay Scene Explore the vibrant heart of Tokyo in this immersive virtual walking tour. Experience the dynamic citylife as we navigate through bustling streets and quiet alleys. From the ic]],[[3960,1:06:00,Dotonbori Cosplay Scene Explore the vibrant heart of Tokyo in this immersive virtual walking tour. Experience the dynamic citylife as we navigate through bustling streets and quiet alleys. From the ic]],[[3960,1:06:00,Dotonbori Cosplay Scene Explore the vibrant heart of Tokyo in this immersive virtual walking tour. Experience the dynamic citylife as we navigate through bustling streets and quiet alleys. From the ic]],[[3960,1:06:00,Dotonbori Cosplay Scene Explore the vibrant heart of Tokyo in this immersive virtual walking tour. Experience the dynamic citylife as we navigate through bustling streets and quiet alleys. From the ic]],[[3960,1:06:00,Dotonbori Cosplay Scene Explore the vibrant heart of Tokyo in this immersive virtual walking tour. Experience the dynamic citylife as we navigate through bustling streets and quiet alleys. From the ic]],[[3960,1:06:00,Dotonbori Cosplay Scene Explore the vibrant heart of Tokyo in this immersive virtual walking tour. Experience the dynamic citylife as we navigate through bustling streets and quiet alleys. From the ic]],[[3960,1:06:00,Dotonbori Cosplay Scene Explore the vibrant heart of Tokyo in this immersive virtual walking tour. Experience the dynamic citylife as we navigate through bustling streets and quiet alleys. From the ic]],[[3960,1:06:00,Dotonbori Cosplay Scene Explore the vibrant heart of Tokyo in this immersive virtual walking tour. Experience the dynamic citylife as we navigate through bustling streets and quiet alleys. From the ic]],[[3960,1:06:00,Dotonbori Cosplay Scene Explore the vibrant heart of Tokyo in this immersive virtual walking tour. Experience the dynamic citylife as we navigate through bustling streets and quiet alleys. From the ic]],[[3960,1:06:00,Dotonbori Cosplay Scene Explore the vibrant heart of Tokyo in this immersive virtual walking tour. Experience the dynamic citylife as we navigate through bustling streets and quiet alleys. From the ic]],[[3960,1:06:00,Dotonbori Cosplay Scene Explore the vibrant heart of Tokyo in this immersive virtual walking tour. Experience the dynamic citylife as we navigate through bustling streets and quiet alleys. From the ic]],[[3960,1:06:00,Dotonbori Cosplay Scene Explore the vibrant heart of Tokyo in this immersive virtual walking tour. Experience the dynamic citylife as we navigate through bustling streets and quiet alleys. From the ic]],[[3960,1:06:00,Dotonbori Cosplay Scene Explore the vibrant heart of Tokyo in this immersive virtual walking tour. Experience the dynamic citylife as we navigate through bustling streets and quiet alleys. From the ic]],[[3960,1:06:00,Dotonbori Cosplay Scene Explore the vibrant heart of Tokyo in this immersive virtual walking tour. Experience the dynamic citylife as we navigate through bustling streets and quiet alleys. From the ic]],[[3960,1:06:00,Dotonbori Cosplay Scene Explore the vibrant heart of Tokyo in this immersive virtual walking tour. Experience the dynamic citylife as we navigate through bustling streets and quiet alleys. From the ic]],[[3960,1:06:00,Dotonbori Cosplay Scene Explore the vibrant heart of Tokyo in this immersive virtual walking tour. Experience the dynamic citylife as we navigate through bustling streets and quiet alleys. From the ic]],[[3960,1:06:00,Dotonbori Cosplay Scene Explore the vibrant heart of Tokyo in this immersive virtual walking tour. Experience the dynamic citylife as we navigate through bustling streets and quiet alleys. From the ic]],[[3960,1:06:00,Dotonbori Cosplay Scene Explore the vibrant heart of Tokyo in this immersive virtual walking tour. Experience the dynamic citylife as we navigate through bustling streets and quiet alleys. From the ic]],[[3960,1:06:00,Dotonbori Cosplay Scene Explore the vibrant heart of Tokyo in this immersive virtual walking tour. Experience the dynamic citylife as we navigate through bustling streets and quiet alleys. From the ic]],[[3960,1:06:00,Dotonbori Cosplay Scene Explore the vibrant heart of Tokyo in this immersive virtual walking tour. Experience the dynamic citylife as we navigate through bustling streets and quiet alleys. From the ic]],[[3960,1:06:00,Dotonbori Cosplay Scene Explore the vibrant heart of Tokyo in this immersive virtual walking tour. Experience the dynamic citylife as we navigate through bustling streets and quiet alleys. From the ic]],[[3960,1:06:00,Dotonbori Cosplay Scene Explore the vibrant heart of Tokyo in this immersive virtual walking tour. Experience the dynamic citylife as we navigate through bustling streets and quiet alleys. From the ic]]]]","[[[],[],[],[LIGHT CLUB],[],[],[FRESHCAPS],[],[],[DOWA],[],[],[Kichirin's New School Ramen],[1F],[],[],[とつめ道楽],[KURA BISTRO],[],[KAMABOKO],[],[],[Dotonbori],[Dotonbori],[Dotonbori],[],[],[],[],[],[],[],[],[BRONZE],[],[Shinjuku],[],[]]]","[[timestamp_description,timestamp_description,timestamp_description,both,timestamp_description,timestamp_description,both,timestamp_description,timestamp_description,both,timestamp_description,timestamp_description,both,both,timestamp_description,timestamp_description,both,both,timestamp_description,both,timestamp_description,timestamp_description,both,both,both,timestamp_description,timestamp_description,timestamp_description,timestamp_description,timestamp_description,timestamp_description,timestamp_description,timestamp_description,both,timestamp_description,both,timestamp_description,timestamp_description]]","[[301,537,773,1009,1245,1481,1716,1952,2424,2660,2896,3132,3367,3602,3837,4072,4216,4360,4495,4630,4689,4903,5116,5329,5542,5755,6185,6618,6834,7050,7274,7498,7722,7945,8168,8391,8614,8837]]","[[536,772,1008,1244,1480,1715,1951,2187,2659,2895,3131,3366,3601,3836,4071,4215,4359,4494,4629,4688,4902,5115,5328,5541,5754,5967,6401,6833,7049,7273,7497,7721,7944,8167,8390,8613,8836,9059]]",[9012026],[UCiVH7ncT6ghUKvSpY_e0DNQ]
35,Rome,"[Roma Capitale,Roma]",Lazio,Italy,ITA,Europe,41.8933203,12.4829321,"[TgMWwmsrTuc,-0PKZALTqrI]","[[0,0,0,0,0,0,0,0,0,0,0,0,0,0,0,0,0,0,-1,-1,1,-1,-1],[0,0,0,0,0,0,0,0,0,0,0,0,0,0,0,0,0,0,0,0,0,0,0,0,0,0,0]]","[[street,street,street,street,square_plaza,street,street,street,street,square_plaza,street,indoor,mixed,street,mixed,mixed,mixed,mixed,indoor,indoor,indoor,indoor,indoor],[square_plaza,mixed,mixed,mixed,mixed,mixed,mixed,square_plaza,square_plaza,mixed,mixed,street,street,street,street,market,market,mixed,indoor,street,street,indoor,mixed,street,market,street,street]]","[[[],[],[],[],[],[],[],[],[],[],[],[],[],[],[],[],[],[],[],[],[],[],[]],[[],[],[],[],[],[],[],[],[],[],[],[],[],[],[],[],[],[],[],[],[],[],[],[],[],[],[]]]","[[[],[],[TRATTORIA],[],[CHIANTI DOCG],[],[],[ROMA],[],[MUSEI DEL PANTEON],[],[],[],[],[This is the Roman Forum. It was the heart of the ancient Roman Empire],[],[],['PRIGIONE DELLE SANTISSIME MARTIRI MAMERTINU'],[],[],[],[],[]],[[],[Colosseo],[],[],[],[],[],['Monumento a Vittorio Emanuele II'],[],[],[],[],[],[],['Piazza Benedetto Cairoli'],[],[],[],['chiesa s. luigi dei francesi' 'duomo di san lorenzo' 'chiesa di san lorenzo'],[],[BANCA],[],[],[],[],[],['Colonna dell'Immacolata Concezione']]]","[[none,none,embedded_video,none,embedded_video,none,none,embedded_video,none,embedded_video,none,none,none,none,embedded_video,none,none,embedded_video,none,none,none,none,none],[none,embedded_video,none,none,none,none,none,embedded_video,none,none,none,none,none,none,embedded_video,none,none,none,embedded_video,none,embedded_video,none,none,none,none,none,embedded_video]]","[[3,211,419,626,833,1066,1299,1532,1765,1998,2231,2463,2695,2927,3159,3391,3461,3622,3783,3831,3996,4064,4084],[265,681,889,926,1160,1862,2330,2564,2798,3032,3266,3968,4670,4904,5138,5371,5837,6069,6301,6533,6765,6997,7229,7461,8157,8620,8851]]","[[210,418,625,832,1065,1298,1531,1764,1997,2230,2462,2694,2926,3158,3390,3460,3621,3782,3815,3860,4063,4083,4127],[472,888,925,1159,1393,2095,2563,2797,3031,3265,3499,4201,4903,5137,5370,5603,6068,6300,6532,6764,6996,7228,7460,7692,8388,8850,9081]]","[8082026,18082023]","[UCI8AqWwOld45OeIIwIr6IZA,UC9S8HtK0MtJkRYzC2gPafUA]"
36,Kabul,[],Kabul Province,Afghanistan,AFG,Asia,34.5269503,69.1850584,[X6e9deGEKgM],"[[2,2,2,2,2,2]]","[[street,street,street,street,market,street]]","[[[[38,00:38,Walking through the main streets]],[[38,00:38,Walking through the main streets],[300,05:00,Local shops and markets]],[[300,05:00,Local shops and markets],[600,10:00,Everyday life and people If you enjoyed this walk through Kabul; don't forget to like; comment; and subscribe for more city walking tours from Afghanistan and around the world. Let me know in the comm]],[[600,10:00,Everyday life and people If you enjoyed this walk through Kabul; don't forget to like; comment; and subscribe for more city walking tours from Afghanistan and around the world. Let me know in the comm]],[[600,10:00,Everyday life and people If you enjoyed this walk through Kabul; don't forget to like; comment; and subscribe for more city walking tours from Afghanistan and around the world. Let me know in the comm]],[[600,10:00,Everyday life and people If you enjoyed this walk through Kabul; don't forget to like; comment; and subscribe for more city walking tours from Afghanistan and around the world. Let me know in the comm]]]]","[[[],[],[],[],[],[]]]","[[timestamp_description,timestamp_description,timestamp_description,timestamp_description,timestamp_description,timestamp_description]]","[[39,276,513,750,986,1222]]","[[275,512,749,985,1221,1457]]",[10082026],[UC4q-WPF8HFipy4QmuMI3WWw]
37,"Aventine Hill, Orange Garden",[],Lazio,Italy,,,,,[Yl-cKxLuuqo],"[[0,0,0,0,0,0,0,0]]","[[mixed,mixed,park_nature,mixed,mixed,indoor,street,mixed]]","[[[[50,0:50,Clivo di Rocca Savella]],[[50,0:50,Clivo di Rocca Savella],[315,5:15,Via di Santa Sabina],[430,7:10,Orange Garden]],[[430,7:10,Orange Garden],[935,15:35,Basilica of Santa Sabina on the Aventine Hill]],[[1875,31:15,Belvedere Viewpoint],[2085,34:45,Basilica of Saints Boniface and Alexius]],[[2838,47:18,Piazza dei Cavalieri di Malta],[2925,48:45,Church of Sant'Anselmo on the Aventine Hill]],[[2925,48:45,Church of Sant'Anselmo on the Aventine Hill]],[[4770,1:19:30,Church of Saint Prisca],[5270,1:27:50,Largo Arrigo VII]],[[5495,1:31:35,Municipal Rose Garden],[5600,1:33:20,Piazzale Ugo La Malfa],[5630,1:33:50,Monument to Giuseppe Mazzini],[5720,1:35:20,Via del Circo Massimo ▬▬▬▬▬▬▬▬▬▬▬▬▬▬▬▬▬▬▬▬ #RomeWalkingTour #Rome4K #VirtualTour #CityWalk #ItalyTravel #RomaWalkingTour]]]]","[[[],[],[],[],[],[],[],[]]]","[[timestamp_description,timestamp_description,timestamp_description,timestamp_description,timestamp_description,timestamp_description,timestamp_description,timestamp_description]]","[[51,287,759,1934,2862,3090,5134,5587]]","[[286,522,993,2168,3089,3317,5360,5812]]",[15082026],[UCcllQnmB4x4OPhcXbCwA6dA]
38,Bellagio,[],Lake Como,Italy,,,,,[uoEW2-pdux4],"[[0,0,0,0,0,0,0,0,0,0,0]]","[[waterfront,mixed,mixed,street,street,street,street,street,mixed,waterfront,park_nature]]","[[[],[],[],[],[],[],[],[],[],[],[]]]","[[[],[],[],[SANDWICHES & MILANESE],[],[aperitivo at al],[CINEMA],[Corso Vittorio Emanuele II],[SETA RESTAURANT],[DUBLIN TRAVELS],[DUBLIN TRAVELER]]]","[[none,none,none,embedded_video,none,embedded_video,embedded_video,embedded_video,embedded_video,embedded_video,embedded_video]]","[[54,285,515,745,975,1205,1435,1665,2125,2351,2576]]","[[284,514,744,974,1204,1434,1664,1894,2350,2575,2800]]",[8082026],[UCGaLMzdEMwwjghJBSfZlEXQ]
39,Sirmione,[],Lombardy,Italy,ITA,Europe,45.4688494,10.6078237,[D9Ftx1VYnaI],"[[0,0,0,0,0,0,0,0,0,0,0,0,0,0,0,0,0,0]]","[[market,square_plaza,street,market,mixed,street,street,street,mixed,street,mixed,street,street,mixed,street,mixed,street,mixed]]","[[[[0,0:00,Welcome to Sirmione; Italy — Lake Garda],[52,0:52,Piazzale Porto],[159,2:39,Ponte Levatoio di Sirmione],[228,3:48,Castello Scaligero]],[[228,3:48,Castello Scaligero],[260,4:20,Piazza Castello],[322,5:22,Pozzo Piazza Castello],[438,7:18,We float in Sirmione]],[[438,7:18,We float in Sirmione],[599,9:59,Via Vittorio Emanuele]],[[599,9:59,Via Vittorio Emanuele],[707,11:47,Piazza Giosuè Carducci],[810,13:30,Sirmione Port],[870,14:30,Piazza Giosuè Carducci]],[[870,14:30,Piazza Giosuè Carducci],[994,16:34,Via Casello]],[[994,16:34,Via Casello],[1167,19:27,Via Santa Maria Maggiore],[1288,21:28,Parrocchia di Santa Maria Maggiore]],[[1288,21:28,Parrocchia di Santa Maria Maggiore],[1490,24:50,Piazza Flaminia]],[[1490,24:50,Piazza Flaminia],[1520,25:20,Via Antiche Mura]],[[1520,25:20,Via Antiche Mura],[1755,29:15,Spiaggia del Prete]],[[1755,29:15,Spiaggia del Prete],[1890,31:30,Via Antiche Mura],[2041,34:01,Via Vittorio Emanuele]],[[2041,34:01,Via Vittorio Emanuele],[2078,34:38,Velvet Tree],[2135,35:35,Piazza Porto Valentino]],[[2135,35:35,Piazza Porto Valentino],[2275,37:55,Velvet Tree],[2297,38:17,Via Vittorio Emanuele]],[[2297,38:17,Via Vittorio Emanuele],[2428,40:28,Morelli Giulio Ceramiche Italiane]],[[2428,40:28,Morelli Giulio Ceramiche Italiane],[2695,44:55,Parco Lino Zorzi]],[[2695,44:55,Parco Lino Zorzi],[2853,47:33,Via Giuseppe Piana]],[[2853,47:33,Via Giuseppe Piana],[3015,50:15,Velvet Tree],[3057,50:57,Via Vittorio Emanuele]],[[3057,50:57,Via Vittorio Emanuele],[3384,56:24,Castello Scaligero]],[[3384,56:24,Castello Scaligero],[3397,56:37,Via Dante],[3556,59:16,Spiaggia 🎬 Filming Info: 📍 Location: Sirmione; Italy 🇮🇹 📽️ Format: 4K HDR at 60fps 🎧 Audio: Real city sounds – no music; no commentary ☀️ Time: Daytime 👉 If you enjoyed this walk through Sirmione; ple]]]]","[[[],[],['GELATERIA ARTIGIANALE DADU 393'],[],[],[],[],[CAMPANIA],[],[],[LUXURY GIFT],[],[ELIOTO],[],[],[],[],[]]]","[[timestamp_description,timestamp_description,both,timestamp_description,timestamp_description,timestamp_description,timestamp_description,both,timestamp_description,timestamp_description,both,timestamp_description,both,timestamp_description,timestamp_description,timestamp_description,timestamp_description,timestamp_description]]","[[43,257,470,683,896,1109,1343,1513,1683,1852,2046,2239,2412,2585,2757,2970,3183,3395]]","[[256,469,682,895,1108,1342,1512,1682,1851,2045,2238,2411,2584,2756,2969,3182,3394,3606]]",[15082026],[UC7M0L-ZU-TzS6ZoRXz-iRWg]
40,Zurich,[],Zurich,Switzerland,CHE,Europe,47.3744489,8.5410422,[r5V08HF7eRE],"[[0,2,0,0,0,0,2,2,0,2,0,2,0,0,0]]","[[street,square_plaza,waterfront,street,street,street,street,street,street,street,street,street,street,street,transport_hub]]","[[[],[],[],[],[],[],[],[],[],[],[],[],[],[],[]]]","[[[Zurich in Rain:-)],[TIESTO],[],[],[BAUERLI CAFE],[],[Zollernzone],[BUNTINGFORD],[],[OMEGA],[],[],[GLOBUS],[],[Gare du Nord]]]","[[embedded_video,embedded_video,none,none,embedded_video,none,embedded_video,embedded_video,none,embedded_video,none,none,embedded_video,none,embedded_video]]","[[15,100,370,509,540,560,632,791,859,1084,1226,1453,1679,1857,2035]]","[[99,125,441,539,559,631,790,858,1083,1151,1452,1678,1856,2034,2212]]",[27072026],[UC3riFUL-NCNBQWAwR98fq4A]
41,İzmir,[Kemeraltı Bazaar],,Turkey,TUR,Asia,38.4186891,27.132904,[kIpc6pQJ9-Q],"[[0,1,0,0,1,0,0,0,0,0,0,0,0,0,0,0,0,0]]","[[market,market,market,market,indoor,market,market,market,market,market,market,market,market,market,market,market,market,market]]","[[[],[],[],[],[],[],[],[],[],[],[],[],[],[],[],[],[],[]]]","[[[Bakery],[KASA],[],[MY VACATION TIME],[],[],[BALKAN HANES],[BAHKAN],[],[TURKIYE BANKASI],[DOSTURAL],[argum],[],[Sarayönü],[ZUCCACIVE CARŞI KEMERALTINA ÇIKAR],[],[TURKISH MARKET],[ALPASLAN]]]","[[embedded_video,embedded_video,none,embedded_video,none,none,embedded_video,embedded_video,none,embedded_video,embedded_video,embedded_video,none,embedded_video,embedded_video,none,embedded_video,embedded_video]]","[[173,390,606,822,1038,1254,1445,1636,1827,2018,2240,2462,2684,2906,3127,3356,3585,3814]]","[[389,605,821,1037,1253,1444,1635,1826,2017,2239,2461,2683,2905,3126,3355,3584,3813,4042]]",[16082026],[UCFzssulsGA5-IeD75IFJJ9g]
42,Mumbai,[],Maharashtra,India,IND,Asia,19.054999,72.8692035,"[DFQO7Zn-KM4,azLFLAi-9e4]","[[0,0,0,0,0,0,0,0,0,0,0,0,0,0,0,0,0,0,0,2,2,2,0,0,0,0,0,0,0,1,1,1,1,1,1,1,1,1,1,1],[0,0,0,-1,0,1,-1,-1,-1,-1,-1,0,0,0,-1,-1,-1,0]]","[[market,market,street,street,street,street,market,market,market,market,street,street,market,market,market,street,market,market,market,street,street,mixed,street,mixed,street,street,street,market,street,street,market,street,street,street,street,street,mixed,waterfront,waterfront,street],[indoor,indoor,indoor,indoor,indoor,indoor,indoor,indoor,indoor,indoor,indoor,indoor,mixed,mixed,indoor,indoor,indoor,market]]","[[[],[],[],[],[],[],[],[],[],[],[],[],[],[],[],[],[],[],[],[],[],[],[],[],[],[],[],[],[],[],[],[],[],[],[],[],[],[],[],[]],[[],[],[],[],[],[],[],[],[],[],[],[],[],[],[],[],[],[]]]","[[[],[],[],[],[],[],[],[],[],[],[],[],[],[],[],[],[MAAZ COLLECTION],[],[],[],[],[],[],[],[],[],[],[],[XEROX SCANNING BOOKMARK COLOUR JUMBO BROSURE PRINT FULL COLOUR PRINT JUMBO XEROX OFFSET PRINTING],[LEOPOLDCAFEIND],[ROSE BAGS],[],[],[],[],[],[],[],[],[]],[[],[],[],[],[],[],[],[],[],[],[],[],[],[],[],['THE CRYSTAL ROOM'],[],[]]]","[[none,none,none,none,none,none,none,none,none,none,none,none,none,none,none,none,embedded_video,none,none,none,none,none,none,none,none,none,none,none,embedded_video,embedded_video,embedded_video,none,none,none,none,none,none,none,none,none],[none,none,none,none,none,none,none,none,none,none,none,none,none,none,none,embedded_video,none,none]]","[[1,214,427,639,851,1063,1275,1485,1720,1955,2189,2891,3125,3359,3536,3804,4004,4204,4404,4613,4822,5031,5239,5447,5655,5845,6043,6634,6802,7712,7945,8177,8641,8873,9105,9337,9967,10597,10806,11222],[35,109,188,213,445,921,1456,1582,1640,1694,1744,1826,1867,1922,1943,1968,1995,2048]]","[[213,426,638,850,1062,1274,1484,1719,1954,2188,2422,3124,3358,3535,3603,4003,4203,4403,4612,4821,5030,5238,5446,5654,5844,6042,6239,6801,6968,7944,8176,8408,8872,9104,9336,9546,10176,10805,11013,11453],[58,134,212,259,492,935,1472,1623,1667,1725,1780,1840,1898,1942,1963,1994,2009,2127]]","[24042023,17052026]","[UCU29V2Jl2unpcOxm1kPDqmw,UCds9ox_aTIGDCpB6rODmS7w]"
43,Manila,[Intramuros],,Philippines,PHL,Asia,14.5909588,120.9746537,[Dg43DBs32Eo],"[[0,0,0,0,0,0,0,0,0,0,0,0,0,0,0,0,0,0,0,0,0,0,0,2,2,2,2,2,2,2,2,2]]","[[mixed,mixed,street,market,market,market,market,market,street,street,mixed,street,street,street,street,street,mixed,street,street,street,street,street,street,street,street,street,market,market,market,market,market,market]]","[[[[115,01:55,Soriano Avenue],[145,02:25,Plaza de Roma]],[[145,02:25,Plaza de Roma],[205,03:25,Manila Cathedral],[315,05:15,Cabildo Street]],[[315,05:15,Cabildo Street],[459,07:39,Anda Street],[498,08:18,Plazuela de Santa Isabel]],[[498,08:18,Plazuela de Santa Isabel],[568,09:28,General Luna St & Weekend Food Bazaar]],[[568,09:28,General Luna St & Weekend Food Bazaar]],[[568,09:28,General Luna St & Weekend Food Bazaar]],[[568,09:28,General Luna St & Weekend Food Bazaar]],[[568,09:28,General Luna St & Weekend Food Bazaar]],[[568,09:28,General Luna St & Weekend Food Bazaar],[902,15:02,San Agustin Church]],[[902,15:02,San Agustin Church],[978,16:18,Plaza San Luis Complex]],[[978,16:18,Plaza San Luis Complex]],[[978,16:18,Plaza San Luis Complex],[1347,22:27,General Luna Street]],[[1347,22:27,General Luna Street]],[[1347,22:27,General Luna Street]],[[1578,26:18,Cabildo Street],[1709,28:29,Real Street]],[[1709,28:29,Real Street]],[[2022,33:42,Intramuros Walls],[2200,36:40,Baluarte de San Francisco de Dilao]],[[2200,36:40,Baluarte de San Francisco de Dilao],[2443,40:43,Muralla Street],[2490,41:30,Victoria Street]],[[2490,41:30,Victoria Street]],[[2490,41:30,Victoria Street],[2820,47:00,Cabildo Street],[2926,48:46,San Jose Street],[2987,49:47,General Luna Street]],[[2987,49:47,General Luna Street]],[[2987,49:47,General Luna Street]],[[2987,49:47,General Luna Street]],[[2987,49:47,General Luna Street]],[[2987,49:47,General Luna Street]],[[2987,49:47,General Luna Street]],[[2987,49:47,General Luna Street]],[[2987,49:47,General Luna Street]],[[2987,49:47,General Luna Street]],[[2987,49:47,General Luna Street]],[[2987,49:47,General Luna Street]],[[2987,49:47,General Luna Street],[3791,01:03:11,Manila Cathedral If you love Philippine history; local street food; and urban walking tours; this video is for you! 🔔 Don’t forget to LIKE; COMMENT; and SUBSCRIBE for more walking tours and street foo]]]]","[[[],[],[Plazuela de Santa Isabel],[],[],[],[],[],['Real Street'],[Barlas],[],[],[],[],[],[],[],[],['WAN DRY GOODS PRESYONG DIVISION'],['General Luna Street'],['INTRAMUROS'],['INTRAMUROS'],[],[Café Intramuros],[],[Mercado],[Mercadillo],[],[],[],[],[]]]","[[timestamp_description,timestamp_description,both,timestamp_description,timestamp_description,timestamp_description,timestamp_description,timestamp_description,both,both,timestamp_description,timestamp_description,timestamp_description,timestamp_description,timestamp_description,timestamp_description,timestamp_description,timestamp_description,both,both,both,both,timestamp_description,both,timestamp_description,both,both,timestamp_description,timestamp_description,timestamp_description,timestamp_description,timestamp_description]]","[[118,197,371,548,632,666,784,807,845,975,1164,1328,1381,1400,1645,1812,2180,2418,2716,2774,3052,3084,3144,3299,3454,3485,3514,3579,3646,3675,3750,3778]]","[[196,370,543,631,665,783,806,831,974,1104,1223,1380,1399,1444,1811,1978,2274,2556,2737,3001,3083,3143,3298,3453,3474,3513,3553,3618,3661,3708,3766,3860]]",[19052025],[UCwivAqc3tPrvbionZl5SjJQ]
44,Amalfi,[],Campania,Italy,ITA,Europe,40.63367,14.6026095,[_ofEQYA2V58],"[[2,2,2,2,2,2,1,1,1,1]]","[[waterfront,mixed,street,square_plaza,street,street,market,street,street,street]]","[[[[151,02:31,Tonino's Beach Amalfi Coast],[360,06:00,Mandingo Beach]],[[360,06:00,Mandingo Beach]],[[360,06:00,Mandingo Beach],[564,09:24,Piazza Duomo],[603,10:03,Duomo di Amalfi (Amalfi Cathedral)]],[[603,10:03,Duomo di Amalfi (Amalfi Cathedral)]],[[603,10:03,Duomo di Amalfi (Amalfi Cathedral)],[871,14:31,Ristorante Piazza Duomo (Piazza Duomo Restaurant)]],[[871,14:31,Ristorante Piazza Duomo (Piazza Duomo Restaurant)],[1014,16:54,Via Lorenzo D'Amalfi (Lorenzo d'Amalfi Street)]],[[1014,16:54,Via Lorenzo D'Amalfi (Lorenzo d'Amalfi Street)]],[[1014,16:54,Via Lorenzo D'Amalfi (Lorenzo d'Amalfi Street)]],[[1014,16:54,Via Lorenzo D'Amalfi (Lorenzo d'Amalfi Street)],[1463,24:23,La Fontana De Cape E Ciucci About Me 👩 I'm Ellie; a girl living in New York City who loves to walk; discover new places and film! Follow me on Instagram]],[[1463,24:23,La Fontana De Cape E Ciucci About Me 👩 I'm Ellie; a girl living in New York City who loves to walk; discover new places and film! Follow me on Instagram]]]]","[[[],[SOGNO AMARO],[],[],[],[],[LIMONCELLO],[],[TRATTORIA],[MUSEO ARQUEOLOGICO]]]","[[timestamp_description,both,timestamp_description,timestamp_description,timestamp_description,timestamp_description,both,timestamp_description,both,both]]","[[194,379,539,728,785,904,1063,1220,1376,1601]]","[[378,538,697,784,887,1062,1219,1375,1600,1824]]",[11062024],[UCTRu4KWehF1sviOJtUV5Haw]
45,Ercolano,[],Campania,Italy,ITA,Europe,40.806309,14.360933,[Y__fRvziRko],"[[0,0,0,0,0,0,0,0,0,0,0,0,0,0,0,0,0,0,0,0,0,0,0,0,0,0,0]]","[[mixed,mixed,mixed,mixed,mixed,mixed,indoor,mixed,mixed,mixed,street,street,mixed,mixed,mixed,indoor,mixed,indoor,indoor,mixed,street,mixed,indoor,mixed,mixed,mixed,mixed]]","[[[[69,1:09,Herculaneum Viewpoint],[488,8:08,Ticket Office]],[[488,8:08,Ticket Office],[830,13:50,House of Aristides],[851,14:11,House of Argus]],[[851,14:11,House of Argus],[991,16:31,House of the Albergo],[1115,18:35,House of the Skeleton]],[[1115,18:35,House of the Skeleton],[1340,22:20,Thermopolium],[1391,23:11,House of Galba *]],[[1391,23:11,House of Galba *],[1475,24:35,Men's Central Baths*]],[[1475,24:35,Men's Central Baths*],[1785,29:45,Workshop of Lanarius],[1908,31:48,House of the Two Atriums]],[[1908,31:48,House of the Two Atriums],[2026,33:46,House of the Tuscan Colonnade]],[[2026,33:46,House of the Tuscan Colonnade],[2174,36:14,Hall of the Augustales],[2363,39:23,Decumanus Maximus North]],[[2363,39:23,Decumanus Maximus North],[2442,40:42,House of the Tuscan Colonnade],[2550,42:30,House of the Black Salon]],[[2550,42:30,House of the Black Salon],[2825,47:05,House of the Bicentenary]],[[2825,47:05,House of the Bicentenary]],[[2825,47:05,House of the Bicentenary],[3195,53:15,House of Wooden Shrine],[3273,54:33,Bakery]],[[3273,54:33,Bakery],[3326,55:26,Shop],[3364,56:04,Dye Workshop],[3397,56:37,Palestra],[3469,57:49,Palestra Swimming Pool]],[[3469,57:49,Palestra Swimming Pool],[3672,1:01:12,House of the Large Portal]],[[3672,1:01:12,House of the Large Portal],[3939,1:05:39,House of Neptune and Amphitrite]],[[3939,1:05:39,House of Neptune and Amphitrite],[4099,1:08:19,House of the Beautiful Courtyard *]],[[4099,1:08:19,House of the Beautiful Courtyard *]],[[4099,1:08:19,House of the Beautiful Courtyard *],[4409,1:13:29,Women's Central Baths*]],[[4409,1:13:29,Women's Central Baths*],[4557,1:15:57,Samnite House]],[[4741,1:19:01,House of the Wooden Screen],[4916,1:21:56,House of the Alcove]],[[5164,1:26:04,House of the Bronze Herm],[5293,1:28:13,Casa dell'Albergo]],[[5293,1:28:13,Casa dell'Albergo],[5491,1:31:31,Bakery],[5666,1:34:26,House of the Relief of Telephus]],[[5726,1:35:26,House of the Deer],[6028,1:40:28,House of the Gem]],[[6354,1:45:54,Ancient Shoreline and Boatsheds*],[6719,1:51:59,Sacred Area]],[[6719,1:51:59,Sacred Area],[6857,1:54:17,Cardo V],[6961,1:56:01,Decumanus Maximus]],[[6961,1:56:01,Decumanus Maximus],[7077,1:57:57,Cardo III Explore the ancient Roman city of Herculaneum; buried by the eruption of Mount Vesuvius in 79 AD. This 2025 walking tour revisits the archaeological site in Ercolano; Italy; seven years afte]],[[7077,1:57:57,Cardo III Explore the ancient Roman city of Herculaneum; buried by the eruption of Mount Vesuvius in 79 AD. This 2025 walking tour revisits the archaeological site in Ercolano; Italy; seven years afte]]]]","[[[],['3. House of Aristides (II.1)'],[],[],[],[],[],[],[],[],[www.prowalktours.com],[],[],[],[],[],[],[],[],['30. House of the Alcove (IV.4)'],[],[],[],['39. Sacred Area'],[],[],[]]]","[[timestamp_description,both,timestamp_description,timestamp_description,timestamp_description,timestamp_description,timestamp_description,timestamp_description,timestamp_description,timestamp_description,both,timestamp_description,timestamp_description,timestamp_description,timestamp_description,timestamp_description,timestamp_description,timestamp_description,timestamp_description,both,timestamp_description,timestamp_description,timestamp_description,both,timestamp_description,timestamp_description,timestamp_description]]","[[283,751,985,1218,1451,1684,1917,2150,2383,2616,2849,3082,3315,3548,3754,4007,4183,4358,4533,4862,5243,5460,5894,6545,6762,6991,7220]]","[[516,984,1217,1450,1683,1916,2149,2382,2615,2848,3081,3314,3547,3753,3958,4182,4357,4532,4697,5025,5459,5676,6110,6761,6990,7219,7448]]",[3082025],[UCNzul4dnciIlDg8BAcn5-cQ]
46,Lucerne,[],Lucerne,Switzerland,CHE,Europe,47.052144,8.3058123,[3nYnfYJAkao],"[[0,0,0,0,0,0,0,0,0,0,0,0,0,0,0,0,0,0,0,0]]","[[indoor,mixed,waterfront,park_nature,park_nature,waterfront,waterfront,waterfront,mixed,street,street,mixed,mixed,mixed,street,mixed,street,mixed,indoor,mixed]]","[[[[435,7:15,Church of St. Leodegar]],[[435,7:15,Church of St. Leodegar]],[[1576,26:16,Lake Lucerne]],[[1576,26:16,Lake Lucerne]],[[1576,26:16,Lake Lucerne]],[[1576,26:16,Lake Lucerne]],[[1576,26:16,Lake Lucerne]],[[1576,26:16,Lake Lucerne]],[[1576,26:16,Lake Lucerne]],[[1576,26:16,Lake Lucerne],[3693,1:01:33,Old Town]],[[3693,1:01:33,Old Town]],[[3693,1:01:33,Old Town],[4326,1:12:06,The Chapel Bridge]],[[4326,1:12:06,The Chapel Bridge]],[[4326,1:12:06,The Chapel Bridge]],[[4326,1:12:06,The Chapel Bridge]],[[4326,1:12:06,The Chapel Bridge]],[[4326,1:12:06,The Chapel Bridge]],[[4326,1:12:06,The Chapel Bridge]],[[4326,1:12:06,The Chapel Bridge]],[[4326,1:12:06,The Chapel Bridge]]]]","[[[],[],[],[],[],[],[],[],[],[GALERIE],[],[],[],[],[],[Bath House],[],[],[],[]]]","[[timestamp_description,timestamp_description,timestamp_description,timestamp_description,timestamp_description,timestamp_description,timestamp_description,timestamp_description,timestamp_description,both,timestamp_description,timestamp_description,timestamp_description,timestamp_description,timestamp_description,both,timestamp_description,timestamp_description,timestamp_description,timestamp_description]]","[[868,1102,2035,2268,2501,2734,2967,3200,3433,3666,3899,4132,4365,4831,5064,5297,5530,5763,5996,6462]]","[[1101,1335,2267,2500,2733,2966,3199,3432,3665,3898,4131,4364,4597,5063,5296,5529,5762,5995,6228,6694]]",[5042025],[UCOlx478DxwYAwkLnz9ELNIQ]
47,Toronto,[Downtown Toronto],ON,Canada,CAN,North America,43.6573229,-79.3810085,[yNun-Rs-OU4],"[[0,0,0,0,0,0,0,0,0,0,0,0,0,0,0,0,0,0,0,0,0,0,0,0,0,0,0,0,0,0,0,0,0,0,0,0,0,0,0,0,0,0,0,0,0,0,0,0,0,0,0,0,0,0]]","[[street,indoor,street,mixed,street,square_plaza,mixed,mixed,mixed,street,park_nature,street,street,mixed,street,market,street,market,street,square_plaza,mixed,street,mixed,mixed,indoor,mixed,mixed,street,street,mixed,mixed,square_plaza,street,street,street,mixed,square_plaza,square_plaza,street,street,mixed,street,mixed,park_nature,mixed,street,street,street,street,street,street,street,street,street]]","[[[[0,0:00,Preview]],[[0,0:00,Preview]],[[0,0:00,Preview]],[[0,0:00,Preview]],[[0,0:00,Preview]],[[0,0:00,Preview]],[[0,0:00,Preview]],[[0,0:00,Preview]],[[0,0:00,Preview]],[[0,0:00,Preview]],[[0,0:00,Preview]],[[0,0:00,Preview]],[[0,0:00,Preview]],[[0,0:00,Preview]],[[0,0:00,Preview]],[[0,0:00,Preview]],[[0,0:00,Preview]],[[0,0:00,Preview]],[[0,0:00,Preview]],[[0,0:00,Preview],[819,13:39,Royal York Hotel],[930,15:30,Union Station]],[[930,15:30,Union Station]],[[930,15:30,Union Station]],[[930,15:30,Union Station],[1440,24:00,Fairmont Royal York]],[[1440,24:00,Fairmont Royal York],[1916,31:56,Royal Plaza Tower],[1980,33:00,Brookfield Place]],[[1980,33:00,Brookfield Place]],[[1980,33:00,Brookfield Place],[2325,38:45,Hockey Hall of Fame]],[[2325,38:45,Hockey Hall of Fame],[2580,43:00,Berczy Park Dog Fountain]],[[2580,43:00,Berczy Park Dog Fountain]],[[2580,43:00,Berczy Park Dog Fountain],[3120,52:00,Commerce Court Tower]],[[3120,52:00,Commerce Court Tower],[3522,58:42,Toronto Dominion Centre]],[[3522,58:42,Toronto Dominion Centre]],[[4380,1:13:00,Scotia Plaza & Tower]],[[4380,1:13:00,Scotia Plaza & Tower]],[[4380,1:13:00,Scotia Plaza & Tower]],[[4380,1:13:00,Scotia Plaza & Tower]],[[4380,1:13:00,Scotia Plaza & Tower]],[[5304,1:28:24,Toronto City Hall]],[[5304,1:28:24,Toronto City Hall]],[[5895,1:38:15,Osgoode Hall],[6240,1:44:00,Queen Street West]],[[6240,1:44:00,Queen Street West]],[[6840,1:54:00,Grange Park OCAD AGO]],[[6840,1:54:00,Grange Park OCAD AGO],[7395,2:03:15,AGO Art Gallery of Ontario]],[[7395,2:03:15,AGO Art Gallery of Ontario],[7890,2:11:30,OCAD Ontario College of Art & Design]],[[7890,2:11:30,OCAD Ontario College of Art & Design]],[[7890,2:11:30,OCAD Ontario College of Art & Design],[8440,2:20:40,Queen Street]],[[8440,2:20:40,Queen Street]],[[8440,2:20:40,Queen Street]],[[8440,2:20:40,Queen Street],[9120,2:32:00,China Town]],[[9120,2:32:00,China Town]],[[9120,2:32:00,China Town]],[[9626,2:40:26,Kensington Market]],[[9626,2:40:26,Kensington Market]],[[9626,2:40:26,Kensington Market]],[[9626,2:40:26,Kensington Market]]]]","[[[],[],[],[],[HIGHLIGHTS FROM THE WALK],['TORONTO'],[],[],[],[],[],[HIGHLIGHTS FROM THE WALK],[],[],[],[HIGHLIGHTS FROM THE WALK],[921],[],[],[],[],[40],[],[],[],[ROCKEFELLER CENTER],[],[SUBWAY],[JPMorgan Chase],[],[],[],[MORGAN ST],[],[100% of net proceeds of all Point Blanket sales will go to Indigenous causes],[],['TORONTO'],[TORONTO],[],[],[],[],[],[],[],[],[],[Public Parking],['SOUTH CHINA HERBS'],[Maison Lotus],[The Best Beauty],[NATURAL WOOD PRODUCTS],[4504],[]]]","[[timestamp_description,timestamp_description,timestamp_description,timestamp_description,both,both,timestamp_description,timestamp_description,timestamp_description,timestamp_description,timestamp_description,both,timestamp_description,timestamp_description,timestamp_description,both,both,timestamp_description,timestamp_description,timestamp_description,timestamp_description,both,timestamp_description,timestamp_description,timestamp_description,both,timestamp_description,both,both,timestamp_description,timestamp_description,timestamp_description,both,timestamp_description,both,timestamp_description,both,both,timestamp_description,timestamp_description,timestamp_description,timestamp_description,timestamp_description,timestamp_description,timestamp_description,timestamp_description,timestamp_description,both,both,both,both,both,both,timestamp_description]]","[[120,203,263,296,365,395,422,440,456,474,536,554,598,651,683,715,733,748,801,818,1085,1247,1408,1801,2033,2265,2497,2853,3031,3445,3547,4485,4500,4701,4902,5103,5505,5529,6218,6447,7134,7363,7814,8036,8257,8478,8699,8920,9141,9362,9830,10064,10297,10534]]","[[136,226,277,342,379,421,439,455,473,488,553,576,615,670,714,732,747,762,817,951,1246,1407,1568,2032,2264,2496,2674,3030,3234,3546,3781,4499,4700,4901,5102,5303,5528,5758,6446,6675,7362,7591,8035,8256,8477,8698,8919,9140,9361,9595,10063,10296,10529,10680]]",[7012023],[UCiVH7ncT6ghUKvSpY_e0DNQ]
48,Bangkok,"[กรุงเทพมหานคร อมรรัตนโกสินทร์ มหินทรายุธยา มหาดิลกภพ นพรัตนราชธานีบูรีรมย์ อุดมราชนิเวศน์มหาสถาน อมรพิมานอวตารสถิต สักกะทัตติยวิษณุกรรมประสิทธิ์,บางกอก]",,Thailand,THA,Asia,13.7524938,100.4935089,[GhAJUYwjkU8],"[[1,1,1,1,1,1,1,1,1,1,1,1,1,1,1,1,1,1,1,1,1,1,1,1,1,1,1,1,1,0,0,0,1]]","[[market,market,market,market,market,market,market,market,market,street,street,market,market,street,market,street,street,street,market,street,market,street,street,street,street,market,street,market,market,market,market,market,market]]","[[[[0,0:00,Food Tour Intro]],[[159,2:39,Sunset Snack Market]],[[159,2:39,Sunset Snack Market]],[[159,2:39,Sunset Snack Market]],[[159,2:39,Sunset Snack Market]],[[159,2:39,Sunset Snack Market]],[[159,2:39,Sunset Snack Market],[1363,22:43,CentralWorld Pop-Up Market]],[[1363,22:43,CentralWorld Pop-Up Market]],[[1363,22:43,CentralWorld Pop-Up Market]],[[1363,22:43,CentralWorld Pop-Up Market]],[[1363,22:43,CentralWorld Pop-Up Market]],[[1363,22:43,CentralWorld Pop-Up Market]],[[1363,22:43,CentralWorld Pop-Up Market],[2064,34:24,Khao San Road Night Market]],[[2064,34:24,Khao San Road Night Market]],[[2064,34:24,Khao San Road Night Market]],[[2064,34:24,Khao San Road Night Market]],[[2064,34:24,Khao San Road Night Market]],[[2064,34:24,Khao San Road Night Market]],[[2064,34:24,Khao San Road Night Market]],[[2064,34:24,Khao San Road Night Market],[3485,58:05,Yaowarat Road Chinatown Street Food]],[[3485,58:05,Yaowarat Road Chinatown Street Food]],[[3485,58:05,Yaowarat Road Chinatown Street Food]],[[3485,58:05,Yaowarat Road Chinatown Street Food]],[[3485,58:05,Yaowarat Road Chinatown Street Food]],[[3485,58:05,Yaowarat Road Chinatown Street Food]],[[3485,58:05,Yaowarat Road Chinatown Street Food]],[[3485,58:05,Yaowarat Road Chinatown Street Food]],[[3485,58:05,Yaowarat Road Chinatown Street Food],[5434,1:30:34,Pak Khlong Talat (Flower Market)]],[[5434,1:30:34,Pak Khlong Talat (Flower Market)]],[[5434,1:30:34,Pak Khlong Talat (Flower Market)]],[[5434,1:30:34,Pak Khlong Talat (Flower Market)]],[[5434,1:30:34,Pak Khlong Talat (Flower Market)]],[[5434,1:30:34,Pak Khlong Talat (Flower Market)]]]]","[[[],[ตลาดน้ำดำเนินสะดวก],[],[],[],[],[],[KAPPAK],[Your Favourite],[],[],[],[],[],[KHANSAH PALACE],[Suan Walking Street],[KUSH MAN],[DM x EDM],[SLEEP WITHINN],[18],[Khaosan Road],[Khaosan Hotel],[PANGA SHANGHA],[JUMAMA],[],[Khaosan Road],[Royal Hotel],[HOTEL MELIA],[],[],[],[],[]]]","[[timestamp_description,both,timestamp_description,timestamp_description,timestamp_description,timestamp_description,timestamp_description,both,both,timestamp_description,timestamp_description,timestamp_description,timestamp_description,timestamp_description,both,both,both,both,both,both,both,both,both,both,timestamp_description,both,both,both,timestamp_description,timestamp_description,timestamp_description,timestamp_description,timestamp_description]]","[[33,338,403,589,977,1128,1249,1370,1513,1656,1833,2010,2062,2248,2434,2625,2825,3025,3224,3420,3886,4078,4270,4487,4680,4873,5066,5259,5452,5534,5699,5864,6028]]","[[124,402,588,825,1127,1248,1369,1512,1655,1832,2009,2061,2247,2433,2618,2824,3024,3223,3419,3614,4077,4269,4486,4679,4872,5065,5258,5451,5533,5698,5863,6027,6188]]",[6042024],[UCiVH7ncT6ghUKvSpY_e0DNQ]
49,Quebec,[Old Quebec City],QC,Canada,CAN,North America,46.8138529,-71.2071594,[OqYUd8OuI5Q],"[[0,0,0,0,0,0,0,0,0,0,0,0,0,0,0,0,0,0,0,0,0]]","[[street,street,street,street,street,street,square_plaza,street,street,street,street,square_plaza,mixed,mixed,park_nature,street,street,street,street,street,square_plaza]]","[[[[145,02:25,Petit Champlain]],[[145,02:25,Petit Champlain]],[[145,02:25,Petit Champlain],[855,14:15,Bd Champlain]],[[855,14:15,Bd Champlain],[1088,18:08,Rue du Cul-de-Sac]],[[1088,18:08,Rue du Cul-de-Sac]],[[1088,18:08,Rue du Cul-de-Sac],[1217,20:17,Rue Notre-Dame]],[[1217,20:17,Rue Notre-Dame],[1315,21:55,Place Royale],[1464,24:24,Quebec City Mural]],[[1464,24:24,Quebec City Mural],[1565,26:05,Cote de Montagne]],[[1565,26:05,Cote de Montagne]],[[1565,26:05,Cote de Montagne],[1918,31:58,Rue de Buade],[1987,33:07,Rue du Tresor - Paintings gallery]],[[1987,33:07,Rue du Tresor - Paintings gallery],[2231,37:11,Place de l'Hôtel de Ville]],[[2231,37:11,Place de l'Hôtel de Ville]],[[2231,37:11,Place de l'Hôtel de Ville]],[[2231,37:11,Place de l'Hôtel de Ville],[2555,42:35,City Hall Gardens]],[[2555,42:35,City Hall Gardens]],[[3493,58:13,Rue Saint-Louis]],[[3493,58:13,Rue Saint-Louis]],[[3493,58:13,Rue Saint-Louis]],[[3493,58:13,Rue Saint-Louis]],[[3493,58:13,Rue Saint-Louis]],[[3838,1:03:58,Fountain Monument of Faith]]]]","[[[],[Café du Parc],[],[Café du Parvis],[],[Poutine],[],[],[RESTAURANT],[],[Bouchard],[UNION],[],[],[],[],[Le Baccus],[],[],[],[]]]","[[timestamp_description,both,timestamp_description,both,timestamp_description,both,timestamp_description,timestamp_description,both,timestamp_description,both,both,timestamp_description,timestamp_description,timestamp_description,timestamp_description,both,timestamp_description,timestamp_description,timestamp_description,timestamp_description]]","[[145,383,621,859,1096,1123,1313,1503,1693,1897,2100,2303,2341,2523,2748,3517,3554,3574,3598,3680,3839]]","[[382,620,858,1095,1110,1312,1502,1692,1896,2099,2302,2340,2503,2747,2963,3553,3573,3592,3669,3781,3922]]",[7092024],[UCssLZSqf3M3okxPdG6kt9_w]
50,Dubai,[],Dubai Emirate,United Arab Emirates,ARE,Asia,25.0742823,55.1885624,[I9XB1gHvF74],"[[0,0,0,0,0,0,0,0,0,0,0,0,0,0,0,0,0,0,0,0,0,0,0,0,0,0,0,0,0,0,0,0,0,0,0,0,0,0,0,0,0,0,0,0,0,0,0,0,0,0]]","[[square_plaza,mixed,indoor,indoor,mixed,mixed,square_plaza,mixed,indoor,indoor,indoor,indoor,indoor,indoor,indoor,indoor,indoor,indoor,mixed,square_plaza,waterfront,mixed,mixed,park_nature,mixed,mixed,mixed,square_plaza,waterfront,waterfront,mixed,waterfront,waterfront,mixed,street,street,market,market,market,market,waterfront,market,market,market,market,market,market,market,street,market]]","[[[[0,0:00:00,Intro | Preview PART I: DUBAI MALL; DUBAI FOUNTAIN; BURJ KHALIFA],[25,0:00:25,The Dubai Mall Heart],[59,0:00:59,Burj Khalifa],[159,0:02:39,About Dubai | History of Dubai (Open CC for subtitles/description)]],[[159,0:02:39,About Dubai | History of Dubai (Open CC for subtitles/description)],[326,0:05:26,Fountain bridge],[472,0:07:52,Souk Al Bahar (Sailor’s Market bazaar)]],[[472,0:07:52,Souk Al Bahar (Sailor’s Market bazaar)]],[[472,0:07:52,Souk Al Bahar (Sailor’s Market bazaar)]],[[1271,0:21:11,The Dubai Fountain]],[[1271,0:21:11,The Dubai Fountain]],[[1271,0:21:11,The Dubai Fountain]],[[1271,0:21:11,The Dubai Fountain],[2255,0:37:35,Dubai Mall Waterfalls; Dubai Mall]],[[2255,0:37:35,Dubai Mall Waterfalls; Dubai Mall],[2545,0:42:25,Dubai Ice Rink; Dubai Mall]],[[2545,0:42:25,Dubai Ice Rink; Dubai Mall]],[[2545,0:42:25,Dubai Ice Rink; Dubai Mall]],[[2545,0:42:25,Dubai Ice Rink; Dubai Mall]],[[2545,0:42:25,Dubai Ice Rink; Dubai Mall],[3323,0:55:23,Dubai Aquarium & Underwater Zoo; Dubai Mall]],[[3323,0:55:23,Dubai Aquarium & Underwater Zoo; Dubai Mall]],[[3323,0:55:23,Dubai Aquarium & Underwater Zoo; Dubai Mall]],[[3323,0:55:23,Dubai Aquarium & Underwater Zoo; Dubai Mall]],[[3323,0:55:23,Dubai Aquarium & Underwater Zoo; Dubai Mall]],[[3323,0:55:23,Dubai Aquarium & Underwater Zoo; Dubai Mall]],[[3323,0:55:23,Dubai Aquarium & Underwater Zoo; Dubai Mall]],[[3323,0:55:23,Dubai Aquarium & Underwater Zoo; Dubai Mall]],[[3323,0:55:23,Dubai Aquarium & Underwater Zoo; Dubai Mall]],[[3323,0:55:23,Dubai Aquarium & Underwater Zoo; Dubai Mall]],[[3323,0:55:23,Dubai Aquarium & Underwater Zoo; Dubai Mall],[5851,1:37:31,Dubai Opera],[5940,1:39:00,Burj Park]],[[5940,1:39:00,Burj Park]],[[5940,1:39:00,Burj Park]],[[5940,1:39:00,Burj Park]],[[5940,1:39:00,Burj Park],[6850,1:54:10,Burj Plaza by Emaar PART II: DUBAI MARINA]],[[6850,1:54:10,Burj Plaza by Emaar PART II: DUBAI MARINA],[6958,1:55:58,Dubai Marina Walk PART III: AL FAHIDI HISTORICAL NEIGHTBORHOOD]],[[6958,1:55:58,Dubai Marina Walk PART III: AL FAHIDI HISTORICAL NEIGHTBORHOOD]],[[6958,1:55:58,Dubai Marina Walk PART III: AL FAHIDI HISTORICAL NEIGHTBORHOOD]],[[6958,1:55:58,Dubai Marina Walk PART III: AL FAHIDI HISTORICAL NEIGHTBORHOOD]],[[6958,1:55:58,Dubai Marina Walk PART III: AL FAHIDI HISTORICAL NEIGHTBORHOOD]],[[6958,1:55:58,Dubai Marina Walk PART III: AL FAHIDI HISTORICAL NEIGHTBORHOOD],[8413,2:20:13,Al Fahidi (Al Bastakiya): Wall of Old Dubai; Sheikh Mohammed Centre for Cultural Understanding; etc.]],[[8413,2:20:13,Al Fahidi (Al Bastakiya): Wall of Old Dubai; Sheikh Mohammed Centre for Cultural Understanding; etc.]],[[8413,2:20:13,Al Fahidi (Al Bastakiya): Wall of Old Dubai; Sheikh Mohammed Centre for Cultural Understanding; etc.]],[[9348,2:35:48,Al Farooq Mosque PART IV: DUBAI CREEK; SPICE SOUK; GOLDEN SOUK (Deira)]],[[9348,2:35:48,Al Farooq Mosque PART IV: DUBAI CREEK; SPICE SOUK; GOLDEN SOUK (Deira)]],[[9348,2:35:48,Al Farooq Mosque PART IV: DUBAI CREEK; SPICE SOUK; GOLDEN SOUK (Deira)]],[[9348,2:35:48,Al Farooq Mosque PART IV: DUBAI CREEK; SPICE SOUK; GOLDEN SOUK (Deira)]],[[9348,2:35:48,Al Farooq Mosque PART IV: DUBAI CREEK; SPICE SOUK; GOLDEN SOUK (Deira)],[10672,2:57:52,Abra Marina; Dubai Creek]],[[10672,2:57:52,Abra Marina; Dubai Creek],[10936,3:02:16,Abra traditional wooden boat across the Dubai Creek]],[[11299,3:08:19,Old Baladiya Street (Deira): Dubai Spice Souk; Dubai Gold Souk; etc. 👍 If you enjoyed this video; please like this video and subscribe to our channel for more awesome content 😊 ♡ THANKS FOR WATCHING ♡]],[[11299,3:08:19,Old Baladiya Street (Deira): Dubai Spice Souk; Dubai Gold Souk; etc. 👍 If you enjoyed this video; please like this video and subscribe to our channel for more awesome content 😊 ♡ THANKS FOR WATCHING ♡]],[[11299,3:08:19,Old Baladiya Street (Deira): Dubai Spice Souk; Dubai Gold Souk; etc. 👍 If you enjoyed this video; please like this video and subscribe to our channel for more awesome content 😊 ♡ THANKS FOR WATCHING ♡]],[[11299,3:08:19,Old Baladiya Street (Deira): Dubai Spice Souk; Dubai Gold Souk; etc. 👍 If you enjoyed this video; please like this video and subscribe to our channel for more awesome content 😊 ♡ THANKS FOR WATCHING ♡]],[[11299,3:08:19,Old Baladiya Street (Deira): Dubai Spice Souk; Dubai Gold Souk; etc. 👍 If you enjoyed this video; please like this video and subscribe to our channel for more awesome content 😊 ♡ THANKS FOR WATCHING ♡]],[[11299,3:08:19,Old Baladiya Street (Deira): Dubai Spice Souk; Dubai Gold Souk; etc. 👍 If you enjoyed this video; please like this video and subscribe to our channel for more awesome content 😊 ♡ THANKS FOR WATCHING ♡]],[[11299,3:08:19,Old Baladiya Street (Deira): Dubai Spice Souk; Dubai Gold Souk; etc. 👍 If you enjoyed this video; please like this video and subscribe to our channel for more awesome content 😊 ♡ THANKS FOR WATCHING ♡]],[[11299,3:08:19,Old Baladiya Street (Deira): Dubai Spice Souk; Dubai Gold Souk; etc. 👍 If you enjoyed this video; please like this video and subscribe to our channel for more awesome content 😊 ♡ THANKS FOR WATCHING ♡]],[[11299,3:08:19,Old Baladiya Street (Deira): Dubai Spice Souk; Dubai Gold Souk; etc. 👍 If you enjoyed this video; please like this video and subscribe to our channel for more awesome content 😊 ♡ THANKS FOR WATCHING ♡]]]]","[[[PART 1: Dubai Mall,Dubai Fountain,Burj Khalifa],['Souk Al Bahar'],[GAP],[],[],[],[],[EMAAR],[],[],[],[],[DUBAI MALL AQUARIUM & SUGIMURA SEA],[SINGAPORE],[H&M],[],[],[],[],[BURJ AL ARAB JUMEIRAH],[],[],[],['Burj Park'],[],[],[],[],[],[SAMSUNG],[],[],[],[],[Sheikh Moha],['Dubai Culture' and 'Museum of the Future' visible on signage],[],[Al Khazna],[],[PART IV: Dubai Creek,Old Baladiya Street (Spice & Gold Souks)],[],[SOUQ RAMADAN],[],[],[],[HAPPY W],[MADINA],[MUK JEWELLERS],[SINGULAR],[]]]","[[both,both,both,timestamp_description,timestamp_description,timestamp_description,timestamp_description,both,timestamp_description,timestamp_description,timestamp_description,timestamp_description,both,both,both,timestamp_description,timestamp_description,timestamp_description,timestamp_description,both,timestamp_description,timestamp_description,timestamp_description,both,timestamp_description,timestamp_description,timestamp_description,timestamp_description,timestamp_description,both,timestamp_description,timestamp_description,timestamp_description,timestamp_description,both,both,timestamp_description,both,timestamp_description,both,timestamp_description,both,timestamp_description,timestamp_description,timestamp_description,both,both,both,both,timestamp_description]]","[[23,256,489,722,1420,1652,1884,2116,2338,2560,2781,3002,3223,3665,3886,4107,4328,4549,4782,5015,5248,5481,5714,5947,6180,6413,6646,6879,7112,7578,7811,8044,8277,8743,8976,9442,9908,10141,10374,10607,10840,11306,11538,11742,11946,12150,12354,12558,12762,12826]]","[[255,488,721,954,1651,1883,2115,2337,2559,2780,3001,3222,3443,3885,4106,4327,4548,4781,5014,5247,5480,5713,5946,6179,6412,6645,6878,7111,7344,7810,8043,8276,8509,8975,9208,9674,10140,10373,10606,10839,11072,11537,11741,11945,12149,12353,12557,12761,12825,12926]]",[18032025],[UCV2_l3k3JuZwIhiY1H0kSxA]
51,Budapest,[],,Hungary,HUN,Europe,47.4978789,19.0402383,[VvBy52kYmAQ],"[[0,2,2,0,2,2,0,0,0,0,0,0,0,0,0,0,0,0,0,0,0,0,0,0,0,0,0,0,0,0,0,0,0,0,0,0,0,0,0,0]]","[[mixed,waterfront,waterfront,mixed,mixed,mixed,mixed,market,market,market,market,market,market,market,mixed,mixed,mixed,mixed,market,market,mixed,square_plaza,mixed,mixed,mixed,street,mixed,street,mixed,mixed,market,street,street,street,street,street,market,market,mixed,park_nature]]","[[[[21,0:00:21,Our Budapest Travel Guide PART I: Hungarian Parliament; Fisherman's Bastion; Buda Castle],[47,0:00:47,Hungarian Parliament and tram passing by]],[[471,0:07:51,HISTORY OF BUDAPEST | About Budapest (Open CC for subtitles/description)],[1616,0:26:56,Shoes on the Danube Bank]],[[1862,0:31:02,Panoramic views towards Buda Castle and Fisherman's Bastion]],[[1862,0:31:02,Panoramic views towards Buda Castle and Fisherman's Bastion]],[[1862,0:31:02,Panoramic views towards Buda Castle and Fisherman's Bastion],[2369,0:39:29,Széchenyi Chain Bridge]],[[2369,0:39:29,Széchenyi Chain Bridge]],[[2970,0:49:30,Riding a Buda Castle Funicular],[3449,0:57:29,Sándor Palace]],[[3449,0:57:29,Sándor Palace],[3774,1:02:54,Folk-art and Craft FESTIVAL Mesterségek Ünnepe]],[[3774,1:02:54,Folk-art and Craft FESTIVAL Mesterségek Ünnepe]],[[3774,1:02:54,Folk-art and Craft FESTIVAL Mesterségek Ünnepe]],[[3774,1:02:54,Folk-art and Craft FESTIVAL Mesterségek Ünnepe]],[[3774,1:02:54,Folk-art and Craft FESTIVAL Mesterségek Ünnepe],[4607,1:16:47,Fisherman's Bastion]],[[4607,1:16:47,Fisherman's Bastion],[4691,1:18:11,PANORAMIC VIEWS from Fisherman's Bastion towards Budapest Parliament]],[[4691,1:18:11,PANORAMIC VIEWS from Fisherman's Bastion towards Budapest Parliament]],[[4691,1:18:11,PANORAMIC VIEWS from Fisherman's Bastion towards Budapest Parliament]],[[4691,1:18:11,PANORAMIC VIEWS from Fisherman's Bastion towards Budapest Parliament]],[[4691,1:18:11,PANORAMIC VIEWS from Fisherman's Bastion towards Budapest Parliament]],[[5741,1:35:41,Matthias Church]],[[5741,1:35:41,Matthias Church]],[[5741,1:35:41,Matthias Church]],[[5741,1:35:41,Matthias Church]],[[5741,1:35:41,Matthias Church],[6993,1:56:33,Buda Castle]],[[6993,1:56:33,Buda Castle]],[[6993,1:56:33,Buda Castle]],[[7947,2:12:27,PANORAMIC VIEWS from Buda Castle],[8552,2:22:32,Castle Garden Bazaar PART II: St. Stephen's Basilica; Váci utca; Central Market Hall]],[[8552,2:22:32,Castle Garden Bazaar PART II: St. Stephen's Basilica; Váci utca; Central Market Hall],[8764,2:26:04,St. Stephen's Basilica]],[[8764,2:26:04,St. Stephen's Basilica]],[[8764,2:26:04,St. Stephen's Basilica]],[[8764,2:26:04,St. Stephen's Basilica],[9544,2:39:04,Ferris Wheel of Budapest]],[[9544,2:39:04,Ferris Wheel of Budapest]],[[9544,2:39:04,Ferris Wheel of Budapest],[10002,2:46:42,Vörösmarty tér]],[[10267,2:51:07,Váci utca (Vaci Street)]],[[10267,2:51:07,Váci utca (Vaci Street)],[10707,2:58:27,IKONO Budapest]],[[10707,2:58:27,IKONO Budapest]],[[10707,2:58:27,IKONO Budapest]],[[10707,2:58:27,IKONO Budapest]],[[10707,2:58:27,IKONO Budapest],[11613,3:13:33,Central Market Hall Nagyvásárcsarnok PART III: City Park (Heroes' Square; Vajdahunyad Castle; Széchenyi Baths)]],[[11613,3:13:33,Central Market Hall Nagyvásárcsarnok PART III: City Park (Heroes' Square; Vajdahunyad Castle; Széchenyi Baths)]],[[12265,3:24:25,Vajdahunyad Castle]],[[12265,3:24:25,Vajdahunyad Castle]]]]","[[[PART 1: Hungarian Parliament,Fisherman's Bastion,Buda Castle],[],[],[BUDAPEST CARD],[],[srdcev],[],['Mesterségek Ünnepe' 'Szent István napja'],[],[],[],[],[],[ROOFTOP BAR],[ELVITEL TAKEAWAY],[],[Budapest],[],[],[],[],[],[],[],[],[PART II: St. Stephen's Basilica,Váci utca,Central Market Hall],[],[],[],[],[],[DOUGLAS],[],[],[Fara Restaurant],[CAFE FREI],[],[MERCADO DE SANTA CATALINA],[],[]]]","[[both,timestamp_description,timestamp_description,both,timestamp_description,both,timestamp_description,both,timestamp_description,timestamp_description,timestamp_description,timestamp_description,timestamp_description,both,both,timestamp_description,both,timestamp_description,timestamp_description,timestamp_description,timestamp_description,timestamp_description,timestamp_description,timestamp_description,timestamp_description,both,timestamp_description,timestamp_description,timestamp_description,timestamp_description,timestamp_description,both,timestamp_description,timestamp_description,both,both,timestamp_description,both,timestamp_description,timestamp_description]]","[[43,1417,1873,2101,2329,2557,3412,3611,3810,4024,4238,4452,4666,4880,5094,5307,5520,5971,6209,6447,6685,6923,7399,7636,8529,8710,8949,9188,9427,9666,9905,10383,10622,10860,11098,11336,11574,11812,12272,12938]]","[[271,1644,2100,2328,2556,2784,3610,3809,4023,4237,4451,4665,4879,5093,5306,5519,5732,6208,6446,6684,6922,7160,7635,7872,8709,8948,9187,9426,9665,9904,10143,10621,10859,11097,11335,11573,11811,12049,12493,13159]]",[9092025],[UCV2_l3k3JuZwIhiY1H0kSxA]
52,Munich,[],Bavaria,Germany,DEU,Europe,48.1371079,11.5753822,[yyDVVh6Achg],"[[0,0,0,0,0,0,0,0,0,0,0,0,0,0,0,0,0,0,0,0,0,0,0,0,0,0,0,0,0,0,0,0,0,0,0,0,0,0,0,0,0,0,0,0,0,0,0,0,0,0,0,0,0,0,0,0,0,0,0,0,0,0,0,0,0,0]]","[[street,street,street,market,street,square_plaza,street,street,square_plaza,street,street,street,transport_hub,street,street,square_plaza,street,street,mixed,square_plaza,square_plaza,street,street,market,street,street,street,street,street,street,square_plaza,street,street,street,street,mixed,street,street,mixed,indoor,indoor,indoor,mixed,park_nature,park_nature,mixed,market,market,market,park_nature,park_nature,square_plaza,street,street,street,street,square_plaza,mixed,market,market,street,street,street,street,street,street]]","[[[],[],[],[],[],[],[],[],[],[],[],[],[],[],[],[],[],[],[],[],[],[],[],[],[],[],[],[],[],[],[],[],[],[],[],[],[],[],[],[],[],[],[],[],[],[],[],[],[],[],[],[],[],[],[],[],[],[],[],[],[],[],[],[],[],[]]]","[[[Flucht in Europa],[],[JOSEF BEUYS],[],[],[],[],[],[KOFFER],[],[],[SÜD],[GRUND],[DIESEL],[MANSION KONIGSBERG CHOCOLATE],[],[],[Fahrräder abstellen verboten],[Hansens Patisserie],[HOTEL],[Volksgarten],[RESTAURANT-CAFE],[BRAUN],[],[Weißwurst],[],[BURGHAUSEN],[],[FENDI],[KUNSTHAUS],[CAMPARI],[],[H&M],[],[],[Borussia Dortmund],[KARLSPARK],[],[],[BMW Motorrad],[],[],[],[],[],[],[],[],[],[],[],[JAKO],[H. Martens],[],[MUNICH],[],[],[],[SANDWICHES & SALADS],[NORDSEE],[Bayerischer Hof],[],[Gucci],[],[],[BIBLIOTECA]]]","[[embedded_video,none,embedded_video,none,none,none,none,none,embedded_video,none,none,embedded_video,embedded_video,embedded_video,embedded_video,none,none,embedded_video,embedded_video,embedded_video,embedded_video,embedded_video,embedded_video,none,embedded_video,none,embedded_video,none,embedded_video,embedded_video,embedded_video,none,embedded_video,none,none,embedded_video,embedded_video,none,none,embedded_video,none,none,none,none,none,none,none,none,none,none,none,embedded_video,embedded_video,none,embedded_video,none,none,none,embedded_video,embedded_video,embedded_video,none,embedded_video,none,none,embedded_video]]","[[25,187,348,624,832,1040,1248,1456,1664,1827,1969,2029,2166,2302,2540,2778,3016,3253,3461,3668,3900,4132,4364,4596,4828,5060,5291,5522,5753,5984,6215,6435,6655,6875,7095,7315,7535,7754,8168,8363,8557,8713,8941,9168,9395,9622,9860,10072,10284,10495,10706,10917,11146,11375,11604,11832,12060,12288,12516,12744,12972,13200,13428,13656,13884,14112]]","[[186,347,508,831,1039,1247,1455,1663,1826,1968,2028,2165,2301,2539,2777,3015,3252,3460,3667,3899,4131,4363,4595,4827,5059,5290,5521,5752,5983,6214,6434,6654,6874,7094,7314,7534,7753,7972,8362,8556,8661,8940,9167,9394,9621,9848,10071,10283,10494,10705,10916,11145,11374,11603,11831,12059,12287,12515,12743,12971,13199,13427,13655,13883,14111,14339]]",[31082025],[UC20vyRWEaC2GIS8DkmeRQaA]
53,JBR and Dubai Marina,[],,UAE,,,,,[6YZJ1J7Mk3A],"[[1,1,1,1,1]]","[[mixed,mixed,square_plaza,mixed,square_plaza]]","[[[],[],[],[],[]]]","[[[],[],[],[],[Ube-Verse]]]","[[none,none,none,none,embedded_video]]","[[278,506,734,962,1109]]","[[505,733,961,1108,1255]]",[4082026],[UCZf-CjRiqYrxkYGpE8oPUuw]
54,Porto,"[Município do Porto,Oporto]",,Portugal,PRT,Europe,41.1502195,-8.6103497,[8ozcWp5Bj4c],"[[0,0,0,0,0,0,0,0,0,0,0,0,0,0,0,0,0,0,0,0,0,0,0,0,0,0,0,0,0,0,0,0,0]]","[[mixed,street,square_plaza,street,street,street,indoor,street,street,square_plaza,square_plaza,mixed,mixed,mixed,market,mixed,street,square_plaza,mixed,waterfront,mixed,mixed,mixed,market,street,street,mixed,street,street,market,market,mixed,street]]","[[[[0,0:00:00,Intro | Preview],[26,0:00:26,Jardim do Morro],[168,0:02:48,Miradouro do Jardim do Morro Panoramic Views],[233,0:03:53,Monastery of Serra do Pilar]],[[667,0:11:07,HISTORY OF PORTO | About Porto (Open CC for subtitles/description)],[1118,0:18:38,Ribeira District]],[[1118,0:18:38,Ribeira District],[1273,0:21:13,Porto Cathedral],[1392,0:23:12,Pillory of Porto & Panoramic Views from Porto Cathedral]],[[1628,0:27:08,Miradouro da Rua das Aldas]],[[1628,0:27:08,Miradouro da Rua das Aldas]],[[1628,0:27:08,Miradouro da Rua das Aldas],[2397,0:39:57,Sao Bento Station]],[[2397,0:39:57,Sao Bento Station]],[[2397,0:39:57,Sao Bento Station]],[[2397,0:39:57,Sao Bento Station],[2937,0:48:57,Rua dos Clérigos],[2997,0:49:57,Clérigos Church]],[[2997,0:49:57,Clérigos Church],[3209,0:53:29,Livraria Lello],[3326,0:55:26,University of Porto]],[[3326,0:55:26,University of Porto],[3401,0:56:41,Igreja do Carmo],[3526,0:58:46,Jardim da Cordoaria]],[[3742,1:02:22,Jardim das Oliveiras]],[[3742,1:02:22,Jardim das Oliveiras]],[[4581,1:16:21,Miradouro da Vitória]],[[4581,1:16:21,Miradouro da Vitória],[5084,1:24:44,Jardim do Infante Dom Henrique; Palácio da Bolsa; etc.],[5175,1:26:15,Mercado Ferreira Borges Covered Market]],[[5175,1:26:15,Mercado Ferreira Borges Covered Market]],[[5175,1:26:15,Mercado Ferreira Borges Covered Market],[5717,1:35:17,Ribeira Square; Ribera de Oporto (Riverbank); etc.]],[[5717,1:35:17,Ribeira Square; Ribera de Oporto (Riverbank); etc.]],[[5717,1:35:17,Ribeira Square; Ribera de Oporto (Riverbank); etc.],[6073,1:41:13,Cais da Ribeira]],[[6073,1:41:13,Cais da Ribeira],[6400,1:46:40,Pilares da Ponte Pênsil]],[[6400,1:46:40,Pilares da Ponte Pênsil]],[[6400,1:46:40,Pilares da Ponte Pênsil],[6773,1:52:53,Funicular dos Guindais]],[[6773,1:52:53,Funicular dos Guindais]],[[6773,1:52:53,Funicular dos Guindais],[7164,1:59:24,Batalha Square],[7285,2:01:25,Church of Saint Ildefonso]],[[7285,2:01:25,Church of Saint Ildefonso]],[[7285,2:01:25,Church of Saint Ildefonso]],[[7285,2:01:25,Church of Saint Ildefonso]],[[7285,2:01:25,Church of Saint Ildefonso],[7966,2:12:46,Chapel of Souls]],[[7966,2:12:46,Chapel of Souls],[8277,2:17:57,Mercado do Bolhão (Porto’s Historic Market)]],[[8277,2:17:57,Mercado do Bolhão (Porto’s Historic Market)]],[[8277,2:17:57,Mercado do Bolhão (Porto’s Historic Market)]],[[8277,2:17:57,Mercado do Bolhão (Porto’s Historic Market)]],[[9121,2:32:01,Praça Dom João I],[9371,2:36:11,Porto City Hall 👍 If you enjoyed this video; please like this video and subscribe to our channel for more awesome content 😊 ♡ THANKS FOR WATCHING ♡ #walkingtours #porto #citywalks ________ No part of]]]]","[[[],[],[],[],[],[],[],[],[],[],[],[],[],[],[],[],[],[],[],[Ponte Eduardo VII],[],['Fundacao dos Lusíadas'],['Funicular dos Guindais'],[],[],[],[SAMSUNG],[SAMSUNG],[PRAÇA DO COMÉRCIO],['Mercado do Bolhão'],[Rue de l'Université],[],[]]]","[[timestamp_description,timestamp_description,timestamp_description,timestamp_description,timestamp_description,timestamp_description,timestamp_description,timestamp_description,timestamp_description,timestamp_description,timestamp_description,timestamp_description,timestamp_description,timestamp_description,timestamp_description,timestamp_description,timestamp_description,timestamp_description,timestamp_description,both,timestamp_description,both,both,timestamp_description,timestamp_description,timestamp_description,both,both,both,both,both,timestamp_description,timestamp_description]]","[[18,974,1213,1691,1930,2169,2408,2647,2886,3125,3364,4081,4320,4797,5035,5273,5511,5749,5987,6225,6463,6701,6939,7128,7317,7506,7694,7889,8084,8279,8474,8669,9142]]","[[256,1212,1451,1929,2168,2407,2646,2885,3124,3363,3602,4319,4558,5034,5272,5510,5748,5986,6224,6462,6700,6938,7127,7316,7505,7693,7888,8083,8278,8473,8668,8905,9377]]",[19082025],[UCV2_l3k3JuZwIhiY1H0kSxA]
55,Sydney,[Bondi],New South Wales,Australia,AUS,Oceania,-33.8930556,151.2633333,[_9g4OLdUkvU],"[[0,0,0,0,0,0,0,0,0,0,0,0,0,0,0,0,0,0,0,0,0,0,0,0,0,0,0,0,0,0,0,0,0,0,0,0,0,0,0,0]]","[[waterfront,mixed,mixed,waterfront,waterfront,waterfront,waterfront,park_nature,park_nature,park_nature,park_nature,park_nature,park_nature,mixed,mixed,mixed,mixed,street,street,mixed,mixed,street,mixed,mixed,mixed,mixed,waterfront,waterfront,mixed,mixed,mixed,waterfront,mixed,park_nature,park_nature,park_nature,mixed,park_nature,mixed,beach]]","[[[[0,0:00:00,Intro | Preview PART I: SYDNEY OPERA; ROYAL BOTANIC GARDEN SYDNEY; etc.]],[[0,0:00:00,Intro | Preview PART I: SYDNEY OPERA; ROYAL BOTANIC GARDEN SYDNEY; etc.]],[[0,0:00:00,Intro | Preview PART I: SYDNEY OPERA; ROYAL BOTANIC GARDEN SYDNEY; etc.]],[[0,0:00:00,Intro | Preview PART I: SYDNEY OPERA; ROYAL BOTANIC GARDEN SYDNEY; etc.]],[[0,0:00:00,Intro | Preview PART I: SYDNEY OPERA; ROYAL BOTANIC GARDEN SYDNEY; etc.]],[[0,0:00:00,Intro | Preview PART I: SYDNEY OPERA; ROYAL BOTANIC GARDEN SYDNEY; etc.]],[[0,0:00:00,Intro | Preview PART I: SYDNEY OPERA; ROYAL BOTANIC GARDEN SYDNEY; etc.],[1485,0:24:45,Campbells Cove; Circular Quay],[1616,0:26:56,Royal Botanic Garden Sydney PART II: SYDNEY TOWN HALL; QUEEN VICTORIA BUILDING; HYDE PARK; etc.]],[[1616,0:26:56,Royal Botanic Garden Sydney PART II: SYDNEY TOWN HALL; QUEEN VICTORIA BUILDING; HYDE PARK; etc.]],[[1616,0:26:56,Royal Botanic Garden Sydney PART II: SYDNEY TOWN HALL; QUEEN VICTORIA BUILDING; HYDE PARK; etc.]],[[1616,0:26:56,Royal Botanic Garden Sydney PART II: SYDNEY TOWN HALL; QUEEN VICTORIA BUILDING; HYDE PARK; etc.]],[[1616,0:26:56,Royal Botanic Garden Sydney PART II: SYDNEY TOWN HALL; QUEEN VICTORIA BUILDING; HYDE PARK; etc.]],[[1616,0:26:56,Royal Botanic Garden Sydney PART II: SYDNEY TOWN HALL; QUEEN VICTORIA BUILDING; HYDE PARK; etc.]],[[1616,0:26:56,Royal Botanic Garden Sydney PART II: SYDNEY TOWN HALL; QUEEN VICTORIA BUILDING; HYDE PARK; etc.]],[[1616,0:26:56,Royal Botanic Garden Sydney PART II: SYDNEY TOWN HALL; QUEEN VICTORIA BUILDING; HYDE PARK; etc.],[3453,0:57:33,George Street Sydney]],[[3453,0:57:33,George Street Sydney],[3505,0:58:25,Sydney Town Hall],[3585,0:59:45,Queen Victoria Building Shopping Centre]],[[3585,0:59:45,Queen Victoria Building Shopping Centre]],[[3585,0:59:45,Queen Victoria Building Shopping Centre]],[[3585,0:59:45,Queen Victoria Building Shopping Centre],[4317,1:11:57,Bird cages at Angel Place]],[[4317,1:11:57,Bird cages at Angel Place],[4525,1:15:25,Sydney Tower Eye]],[[4525,1:15:25,Sydney Tower Eye],[4803,1:20:03,Hyde Park]],[[4803,1:20:03,Hyde Park],[4892,1:21:32,Saint Mary's Cathedral PART III: CHINATOWN; DARLING HARBOUR; BARANGAROO RESERVE],[5047,1:24:07,Chinatown]],[[5047,1:24:07,Chinatown]],[[5047,1:24:07,Chinatown]],[[5047,1:24:07,Chinatown],[5606,1:33:26,Darling Square]],[[5606,1:33:26,Darling Square]],[[5606,1:33:26,Darling Square],[6384,1:46:24,Darling Harbour]],[[6384,1:46:24,Darling Harbour]],[[6384,1:46:24,Darling Harbour]],[[6384,1:46:24,Darling Harbour],[6954,1:55:54,King Street Wharf]],[[6954,1:55:54,King Street Wharf],[7259,2:00:59,Barangaroo]],[[7259,2:00:59,Barangaroo]],[[7259,2:00:59,Barangaroo],[7794,2:09:54,Barangaroo Reserve PART IV: LAVENDER BAY | North Shore of Sydney]],[[7794,2:09:54,Barangaroo Reserve PART IV: LAVENDER BAY | North Shore of Sydney]],[[7794,2:09:54,Barangaroo Reserve PART IV: LAVENDER BAY | North Shore of Sydney],[8506,2:21:46,Wendy Whiteley's Secret Garden]],[[8506,2:21:46,Wendy Whiteley's Secret Garden]],[[8506,2:21:46,Wendy Whiteley's Secret Garden]],[[8752,2:25:52,Lavender Bay],[9174,2:32:54,Luna Park Sydney]],[[9502,2:38:22,Olympic Park with a view of the Sydney Opera House PART V: BONDI BEACH | Sydney's Coastal Walk],[9625,2:40:25,Mackenzie’s Point Lookout | Bondi to Bronte Coastal Walk]],[[9625,2:40:25,Mackenzie’s Point Lookout | Bondi to Bronte Coastal Walk]],[[10431,2:53:51,Bondi Beach Walk 👍 If you enjoyed this video; please like this video and subscribe to our channel for more awesome content 😊 ♡ THANKS FOR WATCHING ♡ #sydney #australia #walkingtours ________ No part o]]]]","[[[],[],[],[],[],[],[],[],[],[],[],[],[],[],[],[],[STRAND ARCADE],[],[],[],[],[DRYMARKETS.CO],[],[],[],[],[],[],[],[HENLEY'S],[],[],[],[],[],[],[],[],[],[]]]","[[timestamp_description,timestamp_description,timestamp_description,timestamp_description,timestamp_description,timestamp_description,timestamp_description,timestamp_description,timestamp_description,timestamp_description,timestamp_description,timestamp_description,timestamp_description,timestamp_description,timestamp_description,timestamp_description,both,timestamp_description,timestamp_description,timestamp_description,timestamp_description,both,timestamp_description,timestamp_description,timestamp_description,timestamp_description,timestamp_description,timestamp_description,timestamp_description,both,timestamp_description,timestamp_description,timestamp_description,timestamp_description,timestamp_description,timestamp_description,timestamp_description,timestamp_description,timestamp_description,timestamp_description]]","[[21,253,485,717,949,1180,1411,1642,1873,2104,2335,2566,3028,3259,3490,3721,3952,4183,4414,4645,4876,5105,5333,5561,5789,6245,6473,6701,6929,7157,7385,7613,7841,8297,8525,8662,9138,9594,9822,10503]]","[[252,484,716,948,1179,1410,1641,1872,2103,2334,2565,2796,3258,3489,3720,3951,4182,4413,4644,4875,5104,5332,5560,5788,6016,6472,6700,6928,7156,7384,7612,7840,8068,8524,8661,8681,9365,9821,10048,10729]]",[25022025],[UCV2_l3k3JuZwIhiY1H0kSxA]
56,Florence,[],Tuscany,Italy,ITA,Europe,43.7697955,11.2556404,[1lSxebuhGgk],"[[0,0,0,0,0,0,0,0,0,0,0,0,0,0,0,0,0,0,0,0,0,0,0,0]]","[[street,square_plaza,square_plaza,square_plaza,street,square_plaza,square_plaza,square_plaza,square_plaza,indoor,indoor,square_plaza,square_plaza,street,street,street,mixed,street,street,waterfront,market,waterfront,square_plaza,street]]","[[[],[],[],[],[],[],[],[],[],[],[],[],[],[],[],[],[],[],[],[],[],[],[],[]]]","[[[FLORENCE],[],[],[],[],[],[],[],[],[],[],[],[],[],[],[],[],[BAR],[CICCERY],[],[],[],[],[PANINI]]]","[[embedded_video,none,none,none,none,none,none,none,none,none,none,none,none,none,none,none,none,embedded_video,embedded_video,none,none,none,none,embedded_video]]","[[112,263,327,451,571,668,779,929,1013,1144,1266,1392,1530,1645,1891,1980,2113,2195,2323,2664,2726,2941,3266,3352]]","[[262,323,368,570,667,762,835,952,1143,1220,1391,1517,1644,1881,1979,2085,2194,2322,2450,2717,2940,3149,3330,3441]]",[14032026],[UCnX4TNBFUxNjNSHu2IQB4Ew]
57,"Weissbad, Seealpsee, Grindelwald, Gonten Village, Oberried am Brienzersee, Brülisau",[],Appenzellerland,Switzerland,,,,,[-ESiRvjgFgc],"[[0,0,0,0,0,0,0,0,0,0]]","[[mixed,mixed,trail,trail,waterfront,mixed,street,street,mixed,mixed]]","[[[],[],[],[],[],[],[],[],[],[]]]","[[[],[],[],[],[],[],[],[],[],[]]]","[[none,none,none,none,none,none,none,none,none,none]]","[[2747,2859,4590,4613,5297,5508,5642,5881,6174,6770]]","[[2768,2891,4612,4649,5341,5641,5828,5908,6209,6801]]",[23042025],[UCeldhl2LRQRMz0bLSvGMYNg]
58,Klouvas,[Mykonos],South Aegean,Greece,GRC,Europe,37.4513937,25.3923149,[NqP81lQrkhc],"[[0,0,0,0,0,0,0,0,0,0,0,0,0,0,0,0,0,0,0,0,0,0,0]]","[[market,street,street,street,street,street,street,mixed,waterfront,mixed,market,mixed,street,street,street,street,street,street,street,street,mixed,mixed,mixed]]","[[[[0,0:00:00,Introduction],[44,0:00:44,Old Fishermen Port],[230,0:03:50,Entering Chora via Petrou Drakopoulou Street]],[[230,0:03:50,Entering Chora via Petrou Drakopoulou Street]],[[230,0:03:50,Entering Chora via Petrou Drakopoulou Street]],[[230,0:03:50,Entering Chora via Petrou Drakopoulou Street],[847,0:14:07,Matoyanni Street]],[[847,0:14:07,Matoyanni Street]],[[847,0:14:07,Matoyanni Street]],[[847,0:14:07,Matoyanni Street],[1668,0:27:48,Mykonos Windmills]],[[1668,0:27:48,Mykonos Windmills]],[[1668,0:27:48,Mykonos Windmills],[2032,0:33:52,Alefkandra (Little Venice)]],[[2032,0:33:52,Alefkandra (Little Venice)],[2519,0:41:59,Church of Panagia Paraportiani]],[[2519,0:41:59,Church of Panagia Paraportiani],[2824,0:47:04,Mykonos Marina]],[[2824,0:47:04,Mykonos Marina],[3040,0:50:40,Manto Square]],[[3040,0:50:40,Manto Square],[3171,0:52:51,Chora Beach],[3374,0:56:14,Dim. Mavrogenous Street]],[[3374,0:56:14,Dim. Mavrogenous Street]],[[3374,0:56:14,Dim. Mavrogenous Street]],[[3374,0:56:14,Dim. Mavrogenous Street]],[[3374,0:56:14,Dim. Mavrogenous Street]],[[3374,0:56:14,Dim. Mavrogenous Street]],[[3374,0:56:14,Dim. Mavrogenous Street],[4674,1:17:54,Mykonos Bus Station]],[[4674,1:17:54,Mykonos Bus Station],[5064,1:24:24,Catholic Church of Our Lady of the Rosary]],[[5064,1:24:24,Catholic Church of Our Lady of the Rosary]],[[5064,1:24:24,Catholic Church of Our Lady of the Rosary]],[[5064,1:24:24,Catholic Church of Our Lady of the Rosary]]]]","[[[],[],[],[],[],[DUBIN],[],[],[],[MYSTROS],['ANTONIS NIKOS'],[],[KITSUKO],[ARTSALIAS],['Chora'],[LASCALA],[],[KASSIS],[],[],[],[VENUS],['KASTROS']]]","[[timestamp_description,timestamp_description,timestamp_description,timestamp_description,timestamp_description,both,timestamp_description,timestamp_description,timestamp_description,both,both,timestamp_description,both,both,both,both,timestamp_description,both,timestamp_description,timestamp_description,timestamp_description,both,both]]","[[43,283,523,763,1003,1243,1483,1723,1963,2443,2683,2923,3163,3403,3643,3883,4123,4363,4603,4843,5083,5323,5562]]","[[282,522,762,1002,1242,1482,1722,1962,2202,2682,2922,3162,3402,3642,3882,4122,4362,4602,4842,5082,5322,5561,5800]]",[10072026],[UC0TqihOw3aHbHDi-EWBfFeA]
59,"Shinjuku District, Musashino Street, Kabukicho, Golden Gai, Miyashita Alley, Yurakucho Station, Chiyoda City, Tokyo Station, Shimbashi Bar District, Tunnel Bar Alleyway",[],,Japan,,,,,[28ZjrtD_iL0],"[[0,1,0,0,0,0,0,0,0,0,0,0,0,0,0,0,0,0,0,0,2,2,2,2,1,1,1,1,0,1,1,1,1,1,1,1,1,1,1,1,1,1,1,1,1,1,1,1,1,1,1,1,1,1,1,1,1,1,1]]","[[street,street,street,street,street,street,street,street,street,street,street,street,street,street,street,street,street,street,street,street,street,street,street,street,market,street,street,street,indoor,mixed,mixed,mixed,street,street,street,street,street,street,street,street,street,street,street,street,street,street,street,square_plaza,mixed,street,street,street,street,street,mixed,street,mixed,street,mixed]]","[[[[0,0:00,Intro]],[[0,0:00,Intro]],[[360,6:00,Shinjinku District]],[[360,6:00,Shinjinku District],[680,11:20,Musashino Street]],[[680,11:20,Musashino Street],[900,15:00,Shinjinku Cat Billboard]],[[900,15:00,Shinjinku Cat Billboard],[1131,18:51,Kabukicho],[1246,20:46,Godzilla Statue]],[[1246,20:46,Godzilla Statue],[1392,23:12,Popular Red-light District]],[[1392,23:12,Popular Red-light District]],[[1392,23:12,Popular Red-light District],[1753,29:13,Famous alleyways of Golden Gai]],[[1753,29:13,Famous alleyways of Golden Gai],[2125,35:25,Kabukicho]],[[2125,35:25,Kabukicho]],[[2125,35:25,Kabukicho]],[[2125,35:25,Kabukicho],[2588,43:08,Scramble Crossing]],[[2588,43:08,Scramble Crossing],[2806,46:46,Shibuya Center-Gai]],[[2806,46:46,Shibuya Center-Gai]],[[2806,46:46,Shibuya Center-Gai]],[[2806,46:46,Shibuya Center-Gai]],[[2806,46:46,Shibuya Center-Gai]],[[2806,46:46,Shibuya Center-Gai],[3807,1:03:27,Shibuya Scramble Day]],[[3807,1:03:27,Shibuya Scramble Day]],[[3807,1:03:27,Shibuya Scramble Day],[4195,1:09:55,Shibuya Scramble Night]],[[4195,1:09:55,Shibuya Scramble Night]],[[4195,1:09:55,Shibuya Scramble Night]],[[4195,1:09:55,Shibuya Scramble Night]],[[4195,1:09:55,Shibuya Scramble Night],[5148,1:25:48,Miyashita Izakaya Alley]],[[5148,1:25:48,Miyashita Izakaya Alley]],[[5148,1:25:48,Miyashita Izakaya Alley]],[[5148,1:25:48,Miyashita Izakaya Alley]],[[5148,1:25:48,Miyashita Izakaya Alley],[6191,1:43:11,Miyashita Mall]],[[6191,1:43:11,Miyashita Mall]],[[6191,1:43:11,Miyashita Mall],[6624,1:50:24,Miyashita Rooftop Park]],[[6624,1:50:24,Miyashita Rooftop Park]],[[6624,1:50:24,Miyashita Rooftop Park]],[[6624,1:50:24,Miyashita Rooftop Park]],[[6624,1:50:24,Miyashita Rooftop Park]],[[6624,1:50:24,Miyashita Rooftop Park]],[[6624,1:50:24,Miyashita Rooftop Park]],[[6624,1:50:24,Miyashita Rooftop Park]],[[6624,1:50:24,Miyashita Rooftop Park],[8215,2:16:55,Shibuya Scramble Night]],[[8215,2:16:55,Shibuya Scramble Night]],[[8215,2:16:55,Shibuya Scramble Night]],[[8215,2:16:55,Shibuya Scramble Night],[8645,2:24:05,Yurakucho Station]],[[8645,2:24:05,Yurakucho Station],[8787,2:26:27,Chiyoda City]],[[8787,2:26:27,Chiyoda City],[9120,2:32:00,Hidden Bar Alley]],[[9120,2:32:00,Hidden Bar Alley],[9267,2:34:27,Micro Bar]],[[9267,2:34:27,Micro Bar]],[[9267,2:34:27,Micro Bar],[9724,2:42:04,Tokyo Station]],[[9724,2:42:04,Tokyo Station]],[[9724,2:42:04,Tokyo Station]],[[9724,2:42:04,Tokyo Station]],[[9724,2:42:04,Tokyo Station]],[[9724,2:42:04,Tokyo Station]],[[9724,2:42:04,Tokyo Station]],[[9724,2:42:04,Tokyo Station],[11258,3:07:38,Shimbashi Bar District]],[[11258,3:07:38,Shimbashi Bar District]],[[11258,3:07:38,Shimbashi Bar District],[11702,3:15:02,Tunnel Bar Alleyway]],[[11702,3:15:02,Tunnel Bar Alleyway]],[[11702,3:15:02,Tunnel Bar Alleyway]],[[11702,3:15:02,Tunnel Bar Alleyway],[12540,3:29:00,Shimbashi Station]]]]","[[[Shinjuku],[],[],[],[],[GAME VIDEO STATION],[],[],[],[],[GAME PLAZA],[],[],[],[DUTY FREE],[Yamato Studio],[HIB],[McDonald's],[],[],[],[Shinjuku],[],[100],[],[],[],[],[],[],[TOWER RECORDS],[],[],[],[],[GU],[],[AIZU],[],[SoftBank],[BIC CAMERA],[],[],[Ginza Links],[],[],[],[],[],[],[],[ILLUMIN],[OSAKA],[Nishiki Market],[],[],[],[],['SHINBASHI STATION']]]","[[both,timestamp_description,timestamp_description,timestamp_description,timestamp_description,both,timestamp_description,timestamp_description,timestamp_description,timestamp_description,both,timestamp_description,timestamp_description,timestamp_description,both,both,both,both,timestamp_description,timestamp_description,timestamp_description,both,timestamp_description,both,timestamp_description,timestamp_description,timestamp_description,timestamp_description,timestamp_description,timestamp_description,both,timestamp_description,timestamp_description,timestamp_description,timestamp_description,both,timestamp_description,both,timestamp_description,both,both,timestamp_description,timestamp_description,both,timestamp_description,timestamp_description,timestamp_description,timestamp_description,timestamp_description,timestamp_description,timestamp_description,both,both,both,timestamp_description,timestamp_description,timestamp_description,timestamp_description,both]]","[[15,188,360,583,806,1029,1252,1475,1697,1919,2141,2363,2585,2776,2967,3158,3349,3549,3749,3949,4149,4385,4621,4857,5093,5328,5563,5798,6036,6253,6470,6687,6903,7119,7335,7551,7731,7911,8092,8273,8454,8635,8672,8904,9136,9368,9600,9831,10062,10293,10524,10755,10986,11217,11448,11679,11910,12141,12372]]","[[187,359,582,805,1028,1251,1474,1696,1918,2140,2362,2584,2775,2966,3157,3348,3548,3748,3948,4148,4384,4620,4856,5092,5327,5562,5797,6032,6252,6469,6686,6902,7118,7334,7550,7730,7910,8091,8272,8453,8634,8669,8903,9135,9367,9599,9830,10061,10292,10523,10754,10985,11216,11447,11678,11909,12140,12371,12602]]",[27082023],[UCiVH7ncT6ghUKvSpY_e0DNQ]
60,Valletta,[Il-Belt],,Malta,MLT,Europe,35.8989979,14.5136607,[MTkX0_htW-I],"[[0,0,0,0,0,0,0,0,0,0,0,0,0,0,0,0,0,0,0,0,0]]","[[mixed,square_plaza,street,square_plaza,square_plaza,square_plaza,street,street,square_plaza,square_plaza,street,street,street,street,street,street,street,street,street,mixed,street]]","[[[[28,0:00:28,Upper Barrakka],[135,0:02:15,HISTORY OF MALTA | About Malta (OPEN CC for subtitles/description)]],[[428,0:07:08,Saluting Battery]],[[428,0:07:08,Saluting Battery],[816,0:13:36,Spazju Kreattiv],[902,0:15:02,The Auberge de Castille (Berġa ta' Kastilja)]],[[902,0:15:02,The Auberge de Castille (Berġa ta' Kastilja)],[975,0:16:15,Palazzo Ferreria],[1195,0:19:55,City Gate]],[[1195,0:19:55,City Gate],[1306,0:21:46,Triton Fountain]],[[1306,0:21:46,Triton Fountain],[1578,0:26:18,The Parliament Building Malta]],[[1732,0:28:52,St. John Bastion]],[[1732,0:28:52,St. John Bastion],[2531,0:42:11,Great Siege Square]],[[2531,0:42:11,Great Siege Square],[2837,0:47:17,St. George’s Square]],[[2837,0:47:17,St. George’s Square]],[[2837,0:47:17,St. George’s Square],[3107,0:51:47,Is-Suq Tal-Belt Food Market],[3250,0:54:10,Merchants Street]],[[3250,0:54:10,Merchants Street],[3477,0:57:57,Basilica of Saint Dominic & Porto Salvo]],[[3477,0:57:57,Basilica of Saint Dominic & Porto Salvo]],[[3830,1:03:50,Fort St Elmo]],[[5032,1:23:52,Independence Square],[5223,1:27:03,The Basilica of Our Lady of Mount Carmel]],[[5223,1:27:03,The Basilica of Our Lady of Mount Carmel],[5622,1:33:42,St. John's Co-Cathedral]],[[5622,1:33:42,St. John's Co-Cathedral]],[[5622,1:33:42,St. John's Co-Cathedral],[5908,1:38:28,St. Lucia Street],[6018,1:40:18,San Paolo Naufrago]],[[6018,1:40:18,San Paolo Naufrago]],[[7281,2:01:21,Laguna Marina; Valletta Waterfront; Cruise Ships & More 👍 If you enjoyed this video; please like this video and subscribe to our channel for more awesome content 😊 ♡ THANKS FOR WATCHING ♡ #malta #walk]],[[7281,2:01:21,Laguna Marina; Valletta Waterfront; Cruise Ships & More 👍 If you enjoyed this video; please like this video and subscribe to our channel for more awesome content 😊 ♡ THANKS FOR WATCHING ♡ #malta #walk]]]]","[[['Upper Barrakka Valletta,Malta'],[],[],[],[],[],[],[MUSEUM],[St. George's Square],[],[GROKK],[],[],[],[],[],[MONTBLANC],[],[],[],[]]]","[[both,timestamp_description,timestamp_description,timestamp_description,timestamp_description,timestamp_description,timestamp_description,both,both,timestamp_description,both,timestamp_description,timestamp_description,timestamp_description,timestamp_description,timestamp_description,both,timestamp_description,timestamp_description,timestamp_description,timestamp_description]]","[[29,499,734,969,1204,1439,2144,2379,2614,2849,3084,3319,3554,4727,5195,5429,5663,5897,6131,7301,7769]]","[[263,733,968,1203,1438,1673,2378,2613,2848,3083,3318,3553,3788,4960,5428,5662,5896,6130,6364,7534,8002]]",[24062025],[UCV2_l3k3JuZwIhiY1H0kSxA]
61,Mykonos Town (Chora),[],,Greece,,,,,[41FOuEwTJEQ],"[[0,0,0,0,0,0,0,0,0,0,0,0,0,0,0,0,0,0,0,0,0,0,0,0,0,0,0,0,0,0,0,0,0,0,0,0,0,0,0,0,0,0,0,0,0,0,0,0,0,0,0,0,0,0,0,0,0]]","[[market,mixed,mixed,mixed,street,mixed,mixed,waterfront,mixed,mixed,street,street,mixed,street,street,mixed,street,street,street,street,street,street,market,mixed,mixed,street,mixed,street,street,street,street,street,market,street,street,street,street,street,street,street,street,mixed,mixed,street,street,street,street,mixed,mixed,street,market,street,street,street,street,market,street]]","[[[[0,0:00:00,Intro]],[[346,0:05:46,Quiet side street in Mykonos Town (Chora)]],[[346,0:05:46,Quiet side street in Mykonos Town (Chora)]],[[346,0:05:46,Quiet side street in Mykonos Town (Chora)]],[[346,0:05:46,Quiet side street in Mykonos Town (Chora)]],[[346,0:05:46,Quiet side street in Mykonos Town (Chora)]],[[346,0:05:46,Quiet side street in Mykonos Town (Chora)],[2800,0:46:40,Seafront promenade / harbor area]],[[2800,0:46:40,Seafront promenade / harbor area]],[[2800,0:46:40,Seafront promenade / harbor area]],[[2800,0:46:40,Seafront promenade / harbor area]],[[2800,0:46:40,Seafront promenade / harbor area]],[[2800,0:46:40,Seafront promenade / harbor area]],[[2800,0:46:40,Seafront promenade / harbor area]],[[2800,0:46:40,Seafront promenade / harbor area]],[[2800,0:46:40,Seafront promenade / harbor area]],[[2800,0:46:40,Seafront promenade / harbor area]],[[2800,0:46:40,Seafront promenade / harbor area]],[[2800,0:46:40,Seafront promenade / harbor area]],[[2800,0:46:40,Seafront promenade / harbor area]],[[2800,0:46:40,Seafront promenade / harbor area],[4924,1:22:04,Narrow white alley (busy pedestrian passage)]],[[4924,1:22:04,Narrow white alley (busy pedestrian passage)]],[[4924,1:22:04,Narrow white alley (busy pedestrian passage)]],[[4924,1:22:04,Narrow white alley (busy pedestrian passage)]],[[4924,1:22:04,Narrow white alley (busy pedestrian passage)]],[[4924,1:22:04,Narrow white alley (busy pedestrian passage)]],[[4924,1:22:04,Narrow white alley (busy pedestrian passage)]],[[4924,1:22:04,Narrow white alley (busy pedestrian passage)]],[[4924,1:22:04,Narrow white alley (busy pedestrian passage)]],[[4924,1:22:04,Narrow white alley (busy pedestrian passage)],[6771,1:52:51,Small lane with cafés and plants]],[[6771,1:52:51,Small lane with cafés and plants]],[[6771,1:52:51,Small lane with cafés and plants]],[[6771,1:52:51,Small lane with cafés and plants]],[[6771,1:52:51,Small lane with cafés and plants]],[[6771,1:52:51,Small lane with cafés and plants]],[[6771,1:52:51,Small lane with cafés and plants]],[[6771,1:52:51,Small lane with cafés and plants],[8169,2:16:09,Main shopping alley (boutiques)]],[[8169,2:16:09,Main shopping alley (boutiques)]],[[8169,2:16:09,Main shopping alley (boutiques)]],[[8169,2:16:09,Main shopping alley (boutiques)]],[[8169,2:16:09,Main shopping alley (boutiques)]],[[8169,2:16:09,Main shopping alley (boutiques)]],[[8169,2:16:09,Main shopping alley (boutiques)]],[[8169,2:16:09,Main shopping alley (boutiques)]],[[8169,2:16:09,Main shopping alley (boutiques)]],[[8169,2:16:09,Main shopping alley (boutiques)]],[[8169,2:16:09,Main shopping alley (boutiques)],[10105,2:48:25,Busy shopping corner with clothing racks ***This video vlog was made to show the city and the environment. If you are present in this video and you don't want to be; please contact me at toyrister@gma]],[[10105,2:48:25,Busy shopping corner with clothing racks ***This video vlog was made to show the city and the environment. If you are present in this video and you don't want to be; please contact me at toyrister@gma]],[[10105,2:48:25,Busy shopping corner with clothing racks ***This video vlog was made to show the city and the environment. If you are present in this video and you don't want to be; please contact me at toyrister@gma]],[[10105,2:48:25,Busy shopping corner with clothing racks ***This video vlog was made to show the city and the environment. If you are present in this video and you don't want to be; please contact me at toyrister@gma]],[[10105,2:48:25,Busy shopping corner with clothing racks ***This video vlog was made to show the city and the environment. If you are present in this video and you don't want to be; please contact me at toyrister@gma]],[[10105,2:48:25,Busy shopping corner with clothing racks ***This video vlog was made to show the city and the environment. If you are present in this video and you don't want to be; please contact me at toyrister@gma]],[[10105,2:48:25,Busy shopping corner with clothing racks ***This video vlog was made to show the city and the environment. If you are present in this video and you don't want to be; please contact me at toyrister@gma]],[[10105,2:48:25,Busy shopping corner with clothing racks ***This video vlog was made to show the city and the environment. If you are present in this video and you don't want to be; please contact me at toyrister@gma]],[[10105,2:48:25,Busy shopping corner with clothing racks ***This video vlog was made to show the city and the environment. If you are present in this video and you don't want to be; please contact me at toyrister@gma]],[[10105,2:48:25,Busy shopping corner with clothing racks ***This video vlog was made to show the city and the environment. If you are present in this video and you don't want to be; please contact me at toyrister@gma]],[[10105,2:48:25,Busy shopping corner with clothing racks ***This video vlog was made to show the city and the environment. If you are present in this video and you don't want to be; please contact me at toyrister@gma]],[[10105,2:48:25,Busy shopping corner with clothing racks ***This video vlog was made to show the city and the environment. If you are present in this video and you don't want to be; please contact me at toyrister@gma]]]]","[[[],[],[HAPPINESS market],[],[TAVERNA NIKOS],[],[],[],[],[],[],[],[],[],[],[],[],[298],[],[],[DITA THOM BROWNE],[],[],[],[],[],[],[],[],[LUNETTES],[ATM],[],[],[PENSION KALOGERO],[],[HUBLOT],[],[],[],[],[],[],[],[],['ELIXIR RESTAURANT'],[],[107],[],[],[110],[],[GREEK DELIGHT],[],[ΑΠΑΤΟΡΕΥΕΤΑΙ ΑΥΣΤΗΡΑ ΝΑ ΑΦΗΘΕΙ ΤΑ ΣΚΟΥΠΙΔΙΑ ΕΔΩ ΑΗΜΟΣ ΜΥΚΟΝΟΥ],[],[],[]]]","[[timestamp_description,timestamp_description,both,timestamp_description,both,timestamp_description,timestamp_description,timestamp_description,timestamp_description,timestamp_description,timestamp_description,timestamp_description,timestamp_description,timestamp_description,timestamp_description,timestamp_description,timestamp_description,both,timestamp_description,timestamp_description,both,timestamp_description,timestamp_description,timestamp_description,timestamp_description,timestamp_description,timestamp_description,timestamp_description,timestamp_description,both,both,timestamp_description,timestamp_description,both,timestamp_description,both,timestamp_description,timestamp_description,timestamp_description,timestamp_description,timestamp_description,timestamp_description,timestamp_description,timestamp_description,both,timestamp_description,both,timestamp_description,timestamp_description,both,timestamp_description,both,timestamp_description,both,timestamp_description,timestamp_description,timestamp_description]]","[[91,1141,1553,1781,2009,2465,2693,2921,3149,3377,3605,3833,3855,4017,4179,4316,4355,4548,4726,4918,5110,5301,5451,5601,5800,5999,6197,6410,6623,6835,7047,7259,7486,7713,7939,8165,8270,8376,8504,8535,8760,8985,9210,9435,9660,9885,10110,10335,10559,10783,11007,11231,11455,11679,11903,12080,12257]]","[[106,1346,1780,2008,2236,2692,2920,3148,3376,3604,3832,3854,4016,4178,4315,4354,4547,4725,4917,5109,5300,5450,5600,5799,5998,6196,6409,6622,6834,7046,7258,7485,7712,7938,8164,8269,8375,8503,8534,8759,8984,9209,9434,9659,9884,10109,10334,10558,10782,11006,11230,11454,11678,11902,12079,12256,12433]]",[23122025],[UCEZ_zB95xT6J8u33-pBF6UA]
62,Istiklal Street to Taksim Square,[],Beyoglu,Turkey,,,,,[nJROUmtrCxk],"[[0,0,0,0,0,0,0,0,0,0,2,0,0,0,0,0,0,0,0,0,0,0]]","[[street,street,street,street,street,street,indoor,street,street,street,street,street,street,street,street,street,street,street,street,street,market,mixed]]","[[[[80,01:20,Tünel Square & Istiklal Street Entrance]],[[80,01:20,Tünel Square & Istiklal Street Entrance]],[[80,01:20,Tünel Square & Istiklal Street Entrance],[300,05:00,Cozy Cafes & Bars]],[[300,05:00,Cozy Cafes & Bars]],[[300,05:00,Cozy Cafes & Bars],[590,09:50,Istiklal Back Street Bars & Cafes]],[[590,09:50,Istiklal Back Street Bars & Cafes]],[[735,12:15,Historic Passages & Side Street Cafes]],[[735,12:15,Historic Passages & Side Street Cafes],[945,15:45,St. Mary Draperis Church Exterior]],[[945,15:45,St. Mary Draperis Church Exterior],[1015,16:55,Historic Pera Architecture & Shopping District]],[[1015,16:55,Historic Pera Architecture & Shopping District],[1345,22:25,St. Anthony of Padua Church Landmark]],[[1345,22:25,St. Anthony of Padua Church Landmark]],[[1345,22:25,St. Anthony of Padua Church Landmark],[1550,25:50,International Brands & Boutique Shopping]],[[1550,25:50,International Brands & Boutique Shopping],[1720,28:40,Historical Red Tram]],[[1720,28:40,Historical Red Tram],[1885,31:25,Istiklal Shopping Street]],[[1885,31:25,Istiklal Shopping Street]],[[1885,31:25,Istiklal Shopping Street],[2185,36:25,Istiklal Shopping Mall]],[[2185,36:25,Istiklal Shopping Mall],[2440,40:40,Global Brand Stores]],[[2440,40:40,Global Brand Stores]],[[2440,40:40,Global Brand Stores]],[[2440,40:40,Global Brand Stores],[2915,48:35,Taksim Square Döner Spots & Local Street Food]],[[2915,48:35,Taksim Square Döner Spots & Local Street Food],[2965,49:25,Luxury Hotel District & Sofitel Istanbul Taksim],[3060,51:00,Taksim Square Tour Overview & End 🎞️ More Istanbul Walking Tours You May Enjoy ➡️ Istanbul 4K 🇹🇷 Venezia Mega Outlet Walking Tour | Venice-Style Mall; Canals; Shopping; Dining; Cafes]],[[3060,51:00,Taksim Square Tour Overview & End 🎞️ More Istanbul Walking Tours You May Enjoy ➡️ Istanbul 4K 🇹🇷 Venezia Mega Outlet Walking Tour | Venice-Style Mall; Canals; Shopping; Dining; Cafes]]]]","[[[],[Zlatni],['MUSEUM OF ILLUSIONS ISTANBUL'],[],[],[],[],[],[BAVA],[MANGO],[CapCut],[CapCut],[],[],[],[DOLCE & GABBANA],[],[COLOURS],[],[KIZ],[KIZILTEPE],[]]]","[[timestamp_description,both,both,timestamp_description,timestamp_description,timestamp_description,timestamp_description,timestamp_description,both,both,both,both,timestamp_description,timestamp_description,timestamp_description,both,timestamp_description,both,timestamp_description,both,both,timestamp_description]]","[[80,166,214,352,582,684,735,834,1012,1164,1378,1548,1714,1865,2005,2145,2330,2515,2699,2873,2962,3101]]","[[154,213,351,581,683,734,833,1011,1163,1377,1547,1713,1864,2004,2144,2329,2514,2698,2872,2961,3100,3239]]",[9082026],[UCDJ3Eve27aIKq9IAe6cCpLQ]
63,Bertrange,[Luxembourg City],,Luxembourg,LUX,Europe,49.601051,6.0639946,[2GP7gDmy_Qc],"[[0,0,0,0,0,0,0,0,0,0,0,0,0,0,0,0]]","[[street,street,street,street,indoor,street,street,street,street,square_plaza,street,mixed,mixed,mixed,street,indoor]]","[[[],[],[],[],[],[],[],[],[],[],[],[],[],[],[],[]]]","[[[],[KAFÉ STELLA],[0930],[],[],[],[SEED],[PRAGUE WALKING TOUR],[],[HOTEL],[Bischofshof],[],[],[],[],[]]]","[[none,embedded_video,embedded_video,none,none,none,embedded_video,embedded_video,none,embedded_video,embedded_video,none,none,none,none,none]]","[[55,144,309,474,813,1015,1178,1340,1368,1402,1589,1939,2134,2328,2585,2747]]","[[143,308,473,637,1014,1177,1339,1367,1401,1588,1743,2133,2327,2456,2746,2824]]",[24012025],[UC9IXi6PVtap0jaMcYNN8R2A]
64,Vezirköprü,[Karaköy],,Turkey,TUR,Asia,41.1435015,35.1131628,[1tpLphXk5Vc],"[[0,0,0,0,0,0,0,0,0,0,0,0,0,0,0,0,0,0,0,0,0,0,0,0,0,0,0,0,0,0,0,0,0,0,0,0,0,0,0,0,0,2,0,0,2,0,0,0,0,0,2,0]]","[[market,market,market,market,market,street,street,street,street,market,street,mixed,street,street,street,street,street,street,street,street,street,street,street,street,street,street,street,street,street,street,street,street,street,street,street,street,street,street,street,street,street,market,street,street,street,indoor,street,street,street,street,street,street]]","[[[[126,02:06,Karakoy Cozy Streets]],[[126,02:06,Karakoy Cozy Streets]],[[126,02:06,Karakoy Cozy Streets]],[[126,02:06,Karakoy Cozy Streets]],[[126,02:06,Karakoy Cozy Streets]],[[126,02:06,Karakoy Cozy Streets]],[[126,02:06,Karakoy Cozy Streets]],[[126,02:06,Karakoy Cozy Streets]],[[126,02:06,Karakoy Cozy Streets]],[[126,02:06,Karakoy Cozy Streets]],[[126,02:06,Karakoy Cozy Streets]],[[126,02:06,Karakoy Cozy Streets]],[[126,02:06,Karakoy Cozy Streets]],[[126,02:06,Karakoy Cozy Streets]],[[126,02:06,Karakoy Cozy Streets]],[[126,02:06,Karakoy Cozy Streets]],[[126,02:06,Karakoy Cozy Streets]],[[126,02:06,Karakoy Cozy Streets]],[[126,02:06,Karakoy Cozy Streets]],[[126,02:06,Karakoy Cozy Streets]],[[126,02:06,Karakoy Cozy Streets]],[[126,02:06,Karakoy Cozy Streets]],[[126,02:06,Karakoy Cozy Streets]],[[126,02:06,Karakoy Cozy Streets]],[[126,02:06,Karakoy Cozy Streets]],[[126,02:06,Karakoy Cozy Streets]],[[126,02:06,Karakoy Cozy Streets]],[[126,02:06,Karakoy Cozy Streets]],[[126,02:06,Karakoy Cozy Streets]],[[126,02:06,Karakoy Cozy Streets]],[[126,02:06,Karakoy Cozy Streets]],[[126,02:06,Karakoy Cozy Streets]],[[126,02:06,Karakoy Cozy Streets]],[[126,02:06,Karakoy Cozy Streets]],[[126,02:06,Karakoy Cozy Streets]],[[126,02:06,Karakoy Cozy Streets]],[[126,02:06,Karakoy Cozy Streets]],[[126,02:06,Karakoy Cozy Streets]],[[126,02:06,Karakoy Cozy Streets]],[[126,02:06,Karakoy Cozy Streets]],[[126,02:06,Karakoy Cozy Streets]],[[126,02:06,Karakoy Cozy Streets]],[[126,02:06,Karakoy Cozy Streets]],[[126,02:06,Karakoy Cozy Streets]],[[126,02:06,Karakoy Cozy Streets]],[[126,02:06,Karakoy Cozy Streets]],[[126,02:06,Karakoy Cozy Streets]],[[126,02:06,Karakoy Cozy Streets]],[[126,02:06,Karakoy Cozy Streets]],[[126,02:06,Karakoy Cozy Streets]],[[126,02:06,Karakoy Cozy Streets]],[[126,02:06,Karakoy Cozy Streets]]]]","[[[WALKING VITAMIN],[AFRODIT RESTAURANT],[NAFFLE KUMPIR],[],[GOZLEME],[KERVAN KEBAB GRILL Since 2000],[],[],[POERT Karaköy Havalimanı],[],[],[],[],[],[],[],[ILTER'S COFFEE],[ILTER'S coffeeworks],[],[WALKING VITAMIN],[],[],[],[Marseille,France],[],[],[],[WALKING VITAMIN],[],[],[Cafe Sanalı],[Costa Smeraldi],[HAPPY HOUR],[WALKING VITAMIN],[],[WALKING VITAMIN],[WALKING VITAMIN],[WALKING VITAMIN],[],[BENDEM],[WALKING VITAMIN],[],[],[KOSKA],[WALKING VITAMIN],[SOFIA KARAKOV RESTAURANT],[],[Benchon],[WALKING VITAMIN],[GALATTA],[],[]]]","[[both,both,both,timestamp_description,both,both,timestamp_description,timestamp_description,both,timestamp_description,timestamp_description,timestamp_description,timestamp_description,timestamp_description,timestamp_description,timestamp_description,both,both,timestamp_description,both,timestamp_description,timestamp_description,timestamp_description,both,timestamp_description,timestamp_description,timestamp_description,both,timestamp_description,timestamp_description,both,both,both,both,timestamp_description,both,both,both,timestamp_description,both,both,timestamp_description,timestamp_description,both,both,both,timestamp_description,both,both,both,timestamp_description,timestamp_description]]","[[142,176,215,247,262,324,371,397,453,484,521,559,600,634,687,722,738,784,810,845,920,936,983,1018,1085,1106,1132,1153,1185,1238,1331,1364,1426,1460,1492,1514,1541,1565,1591,1691,1765,1804,1865,1881,1945,1972,2018,2048,2094,2134,2156,2187]]","[[175,191,238,261,293,370,391,448,483,520,535,599,620,672,721,737,777,809,844,896,935,979,1009,1069,1105,1131,1152,1174,1214,1310,1363,1410,1449,1475,1513,1540,1564,1582,1681,1750,1788,1864,1880,1944,1962,1995,2034,2093,2124,2149,2178,2201]]",[14082026],[UCroLmL0p8fDISO6gwr-Berw]
65,"Gardens by the Bay, Marina Bay, Sentosa Beach",[],,Singapore,,,,,[3MFlpVe93XU],"[[0,0,0,0,0,0,0,0,0,0,0,0,0,0,0,0,0,0,0,0,0,0,0,0,0,0,0,0,0,0,0]]","[[waterfront,mixed,waterfront,square_plaza,mixed,park_nature,square_plaza,waterfront,mixed,square_plaza,square_plaza,square_plaza,mixed,mixed,park_nature,park_nature,park_nature,park_nature,park_nature,park_nature,park_nature,mixed,square_plaza,mixed,park_nature,park_nature,park_nature,park_nature,park_nature,beach,beach]]","[[[[21,0:00:21,Beeyond Ad PART I: FROM MARINA BAY; GARDENS BY THE BAY],[38,0:00:38,Marina Bay],[102,0:01:42,Merlion]],[[102,0:01:42,Merlion],[233,0:03:53,Marina Bay Sands Singapore],[345,0:05:45,ABOUT SINGAPORE | History of Singapore (OPEN CC for subtitles/description)]],[[345,0:05:45,ABOUT SINGAPORE | History of Singapore (OPEN CC for subtitles/description)]],[[345,0:05:45,ABOUT SINGAPORE | History of Singapore (OPEN CC for subtitles/description)]],[[345,0:05:45,ABOUT SINGAPORE | History of Singapore (OPEN CC for subtitles/description)]],[[345,0:05:45,ABOUT SINGAPORE | History of Singapore (OPEN CC for subtitles/description)]],[[345,0:05:45,ABOUT SINGAPORE | History of Singapore (OPEN CC for subtitles/description)]],[[345,0:05:45,ABOUT SINGAPORE | History of Singapore (OPEN CC for subtitles/description)]],[[2352,0:39:12,Apple Marina Bay Sands]],[[2352,0:39:12,Apple Marina Bay Sands],[3063,0:51:03,ArtScience Museum]],[[3063,0:51:03,ArtScience Museum]],[[3063,0:51:03,ArtScience Museum]],[[3774,1:02:54,The Helix Bridge]],[[3774,1:02:54,The Helix Bridge]],[[4376,1:12:56,The Shoppes at Marina Bay Sands]],[[4376,1:12:56,The Shoppes at Marina Bay Sands]],[[4376,1:12:56,The Shoppes at Marina Bay Sands],[5150,1:25:50,Gardens by the Bay]],[[5150,1:25:50,Gardens by the Bay]],[[5150,1:25:50,Gardens by the Bay]],[[5150,1:25:50,Gardens by the Bay]],[[5150,1:25:50,Gardens by the Bay]],[[5150,1:25:50,Gardens by the Bay]],[[5150,1:25:50,Gardens by the Bay]],[[5150,1:25:50,Gardens by the Bay]],[[7690,2:08:10,About Sentosa Island and Palawan Beach]],[[7690,2:08:10,About Sentosa Island and Palawan Beach]],[[7690,2:08:10,About Sentosa Island and Palawan Beach]],[[7690,2:08:10,About Sentosa Island and Palawan Beach]],[[7690,2:08:10,About Sentosa Island and Palawan Beach]],[[7690,2:08:10,About Sentosa Island and Palawan Beach],[9801,2:43:21,Siloso Beach; Sentosa 👍 If you enjoyed this video; please like this video and subscribe to our channel for more awesome content 😊 ♡ THANKS FOR WATCHING ♡ #singapore #walkingtours #citywalk]],[[9801,2:43:21,Siloso Beach; Sentosa 👍 If you enjoyed this video; please like this video and subscribe to our channel for more awesome content 😊 ♡ THANKS FOR WATCHING ♡ #singapore #walkingtours #citywalk]]]]","[[[PART I: From Marina Bay to Gardens by the Bay],[],[Marina Bay],[],[],[],[],[SINGAPORE],[],[],['ARTS & SCIENCE MUSEUM'],[],[],[],[Marina Bay Sands Singapore],[],[Gardens by the Bay Dragonfly Bridge],[],[],[],[],[],[],[],[THE SOUTHERN MOST POINT OF CONTINENTAL ASIA],[],[],[],[],[],[]]]","[[both,timestamp_description,both,timestamp_description,timestamp_description,timestamp_description,timestamp_description,both,timestamp_description,timestamp_description,both,timestamp_description,timestamp_description,timestamp_description,both,timestamp_description,both,timestamp_description,timestamp_description,timestamp_description,timestamp_description,timestamp_description,timestamp_description,timestamp_description,both,timestamp_description,timestamp_description,timestamp_description,timestamp_description,timestamp_description,timestamp_description]]","[[29,125,585,815,1044,1502,1731,1960,2647,2876,3105,3334,3792,4021,4479,4713,4947,5181,5415,5649,5883,6117,6351,6585,7981,8641,8865,9089,9535,9758,9981]]","[[124,354,814,1043,1272,1730,1959,2188,2875,3104,3333,3562,4020,4249,4712,4946,5180,5414,5648,5882,6116,6350,6584,6818,8198,8864,9088,9311,9757,9980,10203]]",[25032025],[UCV2_l3k3JuZwIhiY1H0kSxA]
66,Oslo,[Oslo fylke],,Norway,NOR,Europe,59.9133301,10.7389701,[nr3HUVWw0WI],"[[0,0,0,0,0,0,0,0,0,0,0,0,0,0,0,0,0,0,0,0,0,0,0,0,0,0,0,0,0,0,0,0,0,0,0,0,0,0,0,0,0,0,0,0,0,0,0,0,0]]","[[square_plaza,square_plaza,square_plaza,square_plaza,mixed,waterfront,waterfront,waterfront,mixed,mixed,mixed,street,street,street,market,market,park_nature,square_plaza,park_nature,mixed,street,mixed,waterfront,waterfront,waterfront,mixed,square_plaza,mixed,mixed,street,street,street,street,street,square_plaza,mixed,mixed,street,street,street,street,street,street,street,square_plaza,waterfront,street,square_plaza,square_plaza]]","[[[],[],[],[],[],[],[],[],[],[],[],[],[],[],[],[],[],[],[],[],[],[],[],[],[],[],[],[],[],[],[],[],[],[],[],[],[],[],[],[],[],[],[],[],[],[],[],[],[]]]","[[[],[],[],[],[],[],[],[],[],[],[],[],[],[],[],[],[],[],[],[],[TANNIN HOBIES],[],[],[HIBAS],[],[],[],[],[],[],[],[],[],[],[],[],[Oslo Sentral],[MAGNUSSEN],[Helly Hansen],[],[],[],[ZARA],[KONE],[],[],[],[],[City]]]","[[none,none,none,none,none,none,none,none,none,none,none,none,none,none,none,none,none,none,none,none,embedded_video,none,none,embedded_video,none,none,none,none,none,none,none,none,none,none,none,none,embedded_video,embedded_video,embedded_video,none,none,none,embedded_video,embedded_video,none,none,none,none,embedded_video]]","[[19,250,480,710,1400,1860,2090,2550,3240,3470,3931,4162,4393,4624,4855,5086,5317,5548,5779,6010,6241,6472,6703,6933,7163,7394,7625,7856,8087,8318,8549,8780,9011,9241,9471,9931,10161,10391,10613,10835,11057,11279,11501,11723,11945,12167,12611,12833,12968]]","[[249,479,709,939,1629,2089,2319,2779,3469,3699,4161,4392,4623,4854,5085,5316,5547,5778,6009,6240,6471,6702,6932,7162,7393,7624,7855,8086,8317,8548,8779,9010,9240,9470,9700,10160,10390,10612,10834,11056,11278,11500,11722,11944,12166,12388,12832,12967,13101]]",[13062023],[UCEZ_zB95xT6J8u33-pBF6UA]
67,City of Westminster,[Soho],England,United Kingdom,GBR,Europe,51.5140654,-0.1350494,[aSt6KvdjYtQ],"[[0,0,0,0,0,0,0,0,0,0,0,0,0,0,0,0,0,0,0,0,0]]","[[street,street,square_plaza,market,market,street,street,street,street,street,street,street,market,street,street,street,street,street,mixed,mixed,street]]","[[[],[],[],[],[],[],[],[],[],[],[],[],[],[],[],[],[],[],[],[],[]]]","[[[BATH],[],[COVENT GARDEN],['LONDON CITY WALK'],['London City Walk'],[London City Walk],['London City Walk'],['London City Walk'],['London City Walk'],['London City Walk'],[London City Walk],[London City Walk],[London City Walk],['London City Walk'],[London City Walk],[London City Walk],[London City Walk],[London City Walk],[London City Walk],[London City Walk],['London City Walk']]]","[[embedded_video,none,embedded_video,embedded_video,embedded_video,embedded_video,embedded_video,embedded_video,embedded_video,embedded_video,embedded_video,embedded_video,embedded_video,embedded_video,embedded_video,embedded_video,embedded_video,embedded_video,embedded_video,embedded_video,embedded_video]]","[[111,351,591,831,1071,1304,1536,1768,2000,2232,2464,2696,2744,2960,3175,3390,3605,3820,4035,4250,4465]]","[[350,590,830,1070,1303,1535,1767,1999,2231,2463,2695,2743,2959,3174,3389,3604,3819,4034,4249,4464,4679]]",[5082026],[UCBvZ2hEzZZaWAIrUHVN6YUw]
68,Dubai,[Downtown Dubai],Dubai Emirate,United Arab Emirates,ARE,Asia,25.1948428,55.278195,[Mo2jZj5BrK8],"[[1,1,1,1,1]]","[[square_plaza,mixed,square_plaza,square_plaza,mixed]]","[[[],[],[],[],[]]]","[[[],[],[],[],[]]]","[[none,none,none,none,none]]","[[259,481,703,925,1147]]","[[480,702,924,1146,1368]]",[6082026],[UCZf-CjRiqYrxkYGpE8oPUuw]
69,Suzhou City,"[Suzhou,苏州]",Jiangsu,China,CHN,Asia,31.311123,120.6212881,[EcayPS05Yh4],"[[0,0,0,0,0,0,0,0,0,0,0,0,0,2,2,0,0,0,0,0,0,2,1,2,2,2,2,2,2,2,1,1,1,1,1,1,1,1,1]]","[[mixed,mixed,waterfront,waterfront,waterfront,street,street,mixed,mixed,mixed,mixed,waterfront,waterfront,waterfront,street,street,waterfront,street,waterfront,street,street,waterfront,indoor,mixed,street,street,street,street,street,waterfront,street,street,street,street,street,mixed,waterfront,waterfront,street]]","[[[[0,0:00,Intro Preview]],[[214,3:34,Suzhou Water Village]],[[214,3:34,Suzhou Water Village]],[[214,3:34,Suzhou Water Village],[900,15:00,Shantang Street]],[[900,15:00,Shantang Street]],[[900,15:00,Shantang Street]],[[900,15:00,Shantang Street]],[[900,15:00,Shantang Street]],[[900,15:00,Shantang Street]],[[900,15:00,Shantang Street]],[[900,15:00,Shantang Street]],[[900,15:00,Shantang Street]],[[900,15:00,Shantang Street]],[[900,15:00,Shantang Street]],[[900,15:00,Shantang Street],[3600,1:00:00,Ancient Canals]],[[3600,1:00:00,Ancient Canals]],[[3600,1:00:00,Ancient Canals]],[[3600,1:00:00,Ancient Canals]],[[3600,1:00:00,Ancient Canals]],[[3600,1:00:00,Ancient Canals]],[[3600,1:00:00,Ancient Canals]],[[3600,1:00:00,Ancient Canals]],[[3600,1:00:00,Ancient Canals]],[[3600,1:00:00,Ancient Canals]],[[3600,1:00:00,Ancient Canals]],[[3600,1:00:00,Ancient Canals]],[[3600,1:00:00,Ancient Canals]],[[3600,1:00:00,Ancient Canals]],[[3600,1:00:00,Ancient Canals]],[[3600,1:00:00,Ancient Canals],[7097,1:58:17,Night Walk in the Rain Whether you're here for the calming atmosphere or to admire the intricate details of this historic water village; our 4K walk through Suzhou promises a visually and emotionally]],[[7097,1:58:17,Night Walk in the Rain Whether you're here for the calming atmosphere or to admire the intricate details of this historic water village; our 4K walk through Suzhou promises a visually and emotionally]],[[7097,1:58:17,Night Walk in the Rain Whether you're here for the calming atmosphere or to admire the intricate details of this historic water village; our 4K walk through Suzhou promises a visually and emotionally]],[[7097,1:58:17,Night Walk in the Rain Whether you're here for the calming atmosphere or to admire the intricate details of this historic water village; our 4K walk through Suzhou promises a visually and emotionally]],[[7097,1:58:17,Night Walk in the Rain Whether you're here for the calming atmosphere or to admire the intricate details of this historic water village; our 4K walk through Suzhou promises a visually and emotionally]],[[7097,1:58:17,Night Walk in the Rain Whether you're here for the calming atmosphere or to admire the intricate details of this historic water village; our 4K walk through Suzhou promises a visually and emotionally]],[[7097,1:58:17,Night Walk in the Rain Whether you're here for the calming atmosphere or to admire the intricate details of this historic water village; our 4K walk through Suzhou promises a visually and emotionally]],[[7097,1:58:17,Night Walk in the Rain Whether you're here for the calming atmosphere or to admire the intricate details of this historic water village; our 4K walk through Suzhou promises a visually and emotionally]],[[7097,1:58:17,Night Walk in the Rain Whether you're here for the calming atmosphere or to admire the intricate details of this historic water village; our 4K walk through Suzhou promises a visually and emotionally]],[[7097,1:58:17,Night Walk in the Rain Whether you're here for the calming atmosphere or to admire the intricate details of this historic water village; our 4K walk through Suzhou promises a visually and emotionally]]]]","[[[],[],[],[],[],[STRAY BIRDS BARZUAR],[],[],[],[],[],[],[],[WATERFRONT],[],[],[],[],[],[],[],[],[],[],[刻印],[],[],[],[],[],[],[],[],[],[],[],[],[],[]]]","[[timestamp_description,timestamp_description,timestamp_description,timestamp_description,timestamp_description,both,timestamp_description,timestamp_description,timestamp_description,timestamp_description,timestamp_description,timestamp_description,timestamp_description,both,timestamp_description,timestamp_description,timestamp_description,timestamp_description,timestamp_description,timestamp_description,timestamp_description,timestamp_description,timestamp_description,timestamp_description,both,timestamp_description,timestamp_description,timestamp_description,timestamp_description,timestamp_description,timestamp_description,timestamp_description,timestamp_description,timestamp_description,timestamp_description,timestamp_description,timestamp_description,timestamp_description,timestamp_description]]","[[27,214,557,729,901,1095,1289,1483,1677,1870,2099,2786,3015,3244,3473,3701,3838,3975,4215,4455,4934,5173,5336,5576,5816,6056,6296,6536,6776,7016,7256,7496,7736,7975,8692,9170,9409,9648,9887]]","[[213,383,728,900,1094,1288,1482,1676,1869,2098,2327,3014,3243,3472,3700,3837,3974,4214,4454,4694,5172,5335,5575,5815,6055,6295,6535,6775,7015,7255,7495,7735,7974,8213,8930,9408,9647,9886,10125]]",[3082024],[UCiVH7ncT6ghUKvSpY_e0DNQ]
70,New York,[SOHO],NY,United States,USA,North America,40.72288,-73.9987505,[dXyTpYLvfqE],"[[0,0,0,0,0,0,0,0,0,0,0,0,0,0,0]]","[[street,street,street,street,street,street,street,street,street,street,street,street,street,street,street]]","[[[],[[265,4:25,PM - 88°F / 31°C ______________________________________ For supporting my channel : PayPal],[315,05:15,Broadway]],[[315,05:15,Broadway],[530,08:50,Prince Street],[700,11:40,Greene Street]],[[700,11:40,Greene Street],[860,14:20,Spring Street]],[[860,14:20,Spring Street],[1000,16:40,West Broadway],[1160,19:20,Broome Street]],[[1160,19:20,Broome Street],[1315,21:55,Greene Street]],[[1315,21:55,Greene Street]],[[1315,21:55,Greene Street],[1670,27:50,Prince Street],[1730,28:50,Mercer Street]],[[1730,28:50,Mercer Street],[2055,34:15,Broome Street],[2105,35:05,Broadway]],[[2105,35:05,Broadway]],[[2105,35:05,Broadway],[2565,42:45,Houston Street]],[[2565,42:45,Houston Street],[2685,44:45,Lafayette Street]],[[2685,44:45,Lafayette Street]],[[2685,44:45,Lafayette Street],[3110,51:50,Broome Street],[3170,52:50,Crosby Street]],[[3170,52:50,Crosby Street],[3390,56:30,Howard Street],[3455,57:35,Broadway ______________________________________ SOHO is a neighborhood in Lower Manhattan in New York City. Since the 20th century it has been the location of many artists' lofts and art galleries; an]]]]","[[[SOHO],['BROADWAY'],[GREENE STREET],[],[FOOTWALK CLOSED],[BROOME STREET],[NYC],[MERCER STREET],['BROADWAY'],[],['HOUSTON STREET'],[Ruth's Chris Steak House],[THE PINKER BAR & RESTAURANT],[],[]]]","[[embedded_video,both,both,timestamp_description,both,both,both,both,both,timestamp_description,both,both,both,timestamp_description,timestamp_description]]","[[13,248,483,718,953,1188,1422,1656,1890,2124,2358,2592,2825,3058,3291]]","[[247,482,717,952,1187,1421,1655,1889,2123,2357,2591,2824,3057,3290,3523]]",[18072026],[UCXdS9jTrUYHPJ2KTWRneHDQ]
71,City of Westminster,[West End],England,United Kingdom,GBR,Europe,51.5128988,-0.1255974,[2e064Hmpccw],"[[0,0,0,0,0,0,0,0,0,0,0,0,0,0,2]]","[[street,street,street,street,street,street,street,street,street,mixed,park_nature,park_nature,street,street,street]]","[[[],[],[],[],[],[],[],[],[],[],[],[],[],[],[]]]","[[[],[],[],[],[],[],[],[Piccadilly Circus London],[],[],[],[],[BURBERRY],[],[]]]","[[none,none,none,none,none,none,none,embedded_video,none,none,none,none,embedded_video,none,none]]","[[1,237,473,709,914,1119,1324,1529,1734,1939,2138,2337,2535,2751,2967]]","[[236,472,708,913,1118,1323,1528,1733,1938,2137,2336,2534,2750,2966,3181]]",[11082026],[UCfJKHk7lav13YHgCsYcvsHQ]
72,Palermo,"[بلرمة,باليرمو]",Sicily,Italy,ITA,Europe,38.1112268,13.3524434,[4gaLW8X3lko],"[[0,0,0,0,0,0,0,0,0,0,0,0,0,0,0,0,0,0,0,0,0,0,0,0,0]]","[[market,market,market,market,square_plaza,square_plaza,indoor,market,street,market,street,street,street,market,street,street,street,street,street,street,market,market,market,market,street]]","[[[],[],[],[],[],[],[],[],[],[],[],[],[],[],[],[],[],[],[],[],[],[],[],[],[]]]","[[[PALERMO SICILY ITALY],[],[],[],[],[],[I Segreti del chiostro],[PRIMI PIATTI E PIZZA],[],[],[],[],[],[],[],[],[],[],[],[],[],[],[ZONA],[],[]]]","[[embedded_video,none,none,none,none,none,embedded_video,embedded_video,none,none,none,none,none,none,none,none,none,none,none,none,none,none,embedded_video,none,none]]","[[35,52,92,128,144,162,182,284,315,343,411,438,475,502,520,585,607,705,756,823,848,1025,1070,1117,1255]]","[[51,71,110,143,161,181,199,314,342,400,437,470,501,519,560,606,632,744,809,847,1024,1069,1116,1133,1278]]",[3022024],[UCs9MJ-TmN0-CLY2eNBHAltw]
73,Shin-Koenji to Asagaya,[],,Japan,,,,,[CxePojAOV_s],"[[0,0,2,2,2,2,0,2,2,2,2,2,1,2]]","[[street,street,street,mixed,mixed,mixed,street,street,street,street,street,street,street,street]]","[[[],[],[],[],[],[],[],[],[],[],[],[],[],[]]]","[[[],[],[],[],[],[],[],[],[],[],[],[],[],[Akihabara Station]]]","[[none,none,none,none,none,none,none,none,none,none,none,none,none,embedded_video]]","[[51,286,521,755,989,1223,1685,2146,2376,2606,2836,3066,3296,3526]]","[[285,520,754,988,1222,1453,1915,2375,2605,2835,3065,3295,3525,3755]]",[28072026],[UCoXm66ArnAYGC0SCItOb2Tg]
74,"Montmartre, Champs Élysées",[],,France,,,,,[d_mfk5piRC4],"[[0,0,0,0,0,0,0,0,0,0,0,0,0,0,0,0]]","[[street,street,street,mixed,mixed,street,street,street,square_plaza,street,street,street,street,street,street,street]]","[[[],[],[],[],[],[],[],[],[],[],[],[],[],[],[],[]]]","[[[GRAND COPOIS],[Place de l'Alma],['Avenue Montaigne,75008 Paris'],['Champs-Élysées'],[],[CAFE DE L'OPERA],[],[],[],[],[CAFE GEORGE V],[TAGHeuer],['Saint Michel Food street'],['Shakespeare and Company'],[],['Café Maru']]]","[[embedded_video,embedded_video,embedded_video,embedded_video,none,embedded_video,none,none,none,none,embedded_video,embedded_video,embedded_video,embedded_video,none,embedded_video]]","[[17,147,281,748,951,1154,1357,1560,1762,1964,2097,2229,2466,2702,3153,3378]]","[[68,280,514,950,1153,1356,1559,1761,1963,2096,2228,2465,2701,2927,3377,3602]]",[25072026],[UCmLKaHIZqVpAeQCayN9GZpw]
75,Cebu City,[],,Philippines,PHL,Asia,10.2934946,123.9018183,[1Hwn_aPtjDM],"[[0,0,0,0,2,2,2,2,2,0,0,2,2,2,2,2,0,2,2,1,1,1,1,1]]","[[street,market,market,street,street,market,market,market,market,market,mixed,market,market,market,market,street,street,street,street,market,market,market,market,market]]","[[[[167,02:47,Colon Street],[539,08:59,Osmeña Boulevard]],[[539,08:59,Osmeña Boulevard]],[[539,08:59,Osmeña Boulevard],[999,16:39,Colon Street]],[[999,16:39,Colon Street],[1207,20:07,A. Borromeo Street]],[[1207,20:07,A. Borromeo Street],[1358,22:38,P. Lopez Street],[1444,24:04,Magallanes Street],[1495,24:55,Carbon Market]],[[1495,24:55,Carbon Market]],[[1495,24:55,Carbon Market]],[[1495,24:55,Carbon Market]],[[1495,24:55,Carbon Market]],[[1495,24:55,Carbon Market]],[[1495,24:55,Carbon Market],[2335,38:55,Plaza Sugbu],[2389,39:49,Magellan’s Cross]],[[2389,39:49,Magellan’s Cross],[2528,42:08,D. Jakosalem Street]],[[2528,42:08,D. Jakosalem Street],[2665,44:25,Osmeña Boulevard]],[[2665,44:25,Osmeña Boulevard],[2814,46:54,P. Zamora Street]],[[2814,46:54,P. Zamora Street]],[[2814,46:54,P. Zamora Street],[2948,49:08,Cebu Metropolitan Cathedral]],[[2948,49:08,Cebu Metropolitan Cathedral]],[[2948,49:08,Cebu Metropolitan Cathedral],[3214,53:34,P. Burgos Street]],[[3438,57:18,M.C. Briones Street],[3611,01:00:11,A. Pigafetta Street]],[[3965,01:06:05,Colon Street #CebuCity #Philippines #WalkingTour #StreetFood #2026 ——— This video was filmed in public places. Filming in public is generally allowed under the Data Privacy Act of 2012 (Republic Act N]],[[3965,01:06:05,Colon Street #CebuCity #Philippines #WalkingTour #StreetFood #2026 ——— This video was filmed in public places. Filming in public is generally allowed under the Data Privacy Act of 2012 (Republic Act N]],[[3965,01:06:05,Colon Street #CebuCity #Philippines #WalkingTour #StreetFood #2026 ——— This video was filmed in public places. Filming in public is generally allowed under the Data Privacy Act of 2012 (Republic Act N]],[[3965,01:06:05,Colon Street #CebuCity #Philippines #WalkingTour #StreetFood #2026 ——— This video was filmed in public places. Filming in public is generally allowed under the Data Privacy Act of 2012 (Republic Act N]],[[3965,01:06:05,Colon Street #CebuCity #Philippines #WalkingTour #StreetFood #2026 ——— This video was filmed in public places. Filming in public is generally allowed under the Data Privacy Act of 2012 (Republic Act N]]]]","[[[NOVO],[],[NO PARKING],[NO SMOKING],[POLICE OUTPOST],[F. Calderon Street],[],[],[M.C Briones Street],[],[],[],[HINUMDUMINHO],[],['Legaspi Street'],[],[],[TIRE SERVE],[HANGANGING MUSEO NG BULACAN],[],[JUD PAKHONG],[],[MITSUI OUTLET PARK],[]]]","[[both,timestamp_description,both,both,both,both,timestamp_description,timestamp_description,both,timestamp_description,timestamp_description,timestamp_description,both,timestamp_description,both,timestamp_description,timestamp_description,both,both,timestamp_description,both,timestamp_description,both,timestamp_description]]","[[535,745,848,1065,1282,1498,1535,1557,1775,1993,2211,2428,2597,2770,2871,2918,3032,3208,3525,4076,4115,4161,4189,4204]]","[[744,833,1064,1281,1497,1534,1556,1774,1992,2210,2427,2596,2765,2870,2917,3010,3207,3382,3657,4099,4131,4188,4203,4224]]",[23012026],[UCwivAqc3tPrvbionZl5SjJQ]
76,Cordes-sur-Ciel,[],Occitania,France,FRA,Europe,44.0626,1.95799,[fkIyAJ4OkqI],"[[0,0,0,0,0,0,0,0,0,0,0,0]]","[[street,mixed,mixed,mixed,street,street,street,street,street,street,street,street]]","[[[[0,00:00:00,France’s favourite medieval village],[48,00:00:48,Climbing the ancient fortified gates],[257,00:04:17,The 13th-century Église Saint-Michel]],[[451,00:07:31,The 14th-century hall & 114m well],[577,00:09:37,Modern art in a medieval courtyard],[726,00:12:06,Place de la Bride panoramic terrace]],[[726,00:12:06,Place de la Bride panoramic terrace],[1147,00:19:07,Inside the church & historic treasury]],[[1147,00:19:07,Inside the church & historic treasury],[1411,00:23:31,Gothic masterpieces & merchant homes]],[[1411,00:23:31,Gothic masterpieces & merchant homes]],[[1411,00:23:31,Gothic masterpieces & merchant homes],[1927,00:32:07,Traditional confectioners & artisans]],[[1927,00:32:07,Traditional confectioners & artisans]],[[1927,00:32:07,Traditional confectioners & artisans],[2374,00:39:34,Porte de Rous & Renaissance architecture]],[[2374,00:39:34,Porte de Rous & Renaissance architecture]],[[2768,00:46:08,The defensive walls of La Barbacane],[3345,00:55:45,Porte de l’Horloge & the clock tower]],[[3345,00:55:45,Porte de l’Horloge & the clock tower]],[[3345,00:55:45,Porte de l’Horloge & the clock tower],[3826,01:03:46,A peaceful farewell to Cordes-sur-Ciel © Walking Tours and Road Trips. All rights reserved. No part of this video may be used or reproduced without written permission. *Some links may be affiliate lin]]]]","[[[],[],[],['CATHEDRAL OF ST MICHEL'],[],[],[Le Chocolatier],[],[The Local],[],[],[DESTRIT DE POLICIER]]]","[[timestamp_description,timestamp_description,timestamp_description,both,timestamp_description,timestamp_description,both,timestamp_description,both,timestamp_description,timestamp_description,both]]","[[37,513,989,1227,1464,1701,1938,2175,2412,3123,3360,3597]]","[[274,750,1226,1463,1700,1937,2174,2411,2648,3359,3596,3833]]",[7062026],[UCAvjrsix7WOyIeuRJmfHJAg]
77,Orlando,"[CityWalk,Universal CityWalk,Universal Orlando CityWalk]",FL,United States,USA,North America,28.4733226,-81.466124,"[xbd0TxE-d_0,S2S86FAUrxU,NR_QDrxnVkY,AtC28rAwOcc,zqvhxCvDVag,DW-53_4ngdA,Dc6zBy4f1ng,Ccir7gfet_E,c3zOIgOdWTg,sW8oAoeN4TU,buUeuawHsO4,W46hZsPmGrQ,1OjBZ6Fvl_g,zYTJFYjTJK8]","[[0,0,1,0,0],[1,1,1,1,1,0,1,0,0,-1,1],[0,0,0,0,0,1,1,1],[0,0,0,0,0,0,0,0,0,0,0,0,0,0,0,0,0,0,0,0,0,0,0,0,0,0,0,0,0,0,0,-1,0,0,0,0,0,0,0],[0,0,0,0,0,0],[0],[0,0,0,0,0,0,0,0,0],[0,0,0,-1,-1,-1,-1,0,1,2,2],[0,2,0,1,1,0,0,0,0,0],[0,0,0,0,0],[0,-1,0],[0,0,0,0,0,0,0,0,0,0,0,0],[1,1,1,1,1,1,1,1,1,1],[0,0,0,0,2,2,2,2]]","[[mixed,indoor,street,mixed,indoor],[street,mixed,mixed,street,mixed,indoor,mixed,indoor,indoor,indoor,mixed],[mixed,street,waterfront,square_plaza,indoor,waterfront,waterfront,street],[square_plaza,square_plaza,mixed,mixed,street,street,mixed,indoor,indoor,indoor,mixed,square_plaza,square_plaza,street,market,square_plaza,street,market,mixed,mixed,street,waterfront,mixed,mixed,square_plaza,mixed,street,mixed,mixed,mixed,mixed,indoor,mixed,street,mixed,mixed,mixed,mixed,mixed],[mixed,mixed,mixed,indoor,street,street],[street],[mixed,mixed,mixed,waterfront,square_plaza,square_plaza,market,indoor,square_plaza],[indoor,street,indoor,indoor,indoor,indoor,indoor,indoor,mixed,square_plaza,street],[street,indoor,indoor,market,mixed,indoor,indoor,indoor,street,street],[waterfront,mixed,street,mixed,mixed],[mixed,indoor,indoor],[mixed,indoor,indoor,indoor,indoor,indoor,indoor,indoor,indoor,square_plaza,square_plaza,mixed],[mixed,transport_hub,street,street,market,mixed,indoor,indoor,mixed,indoor],[indoor,mixed,mixed,mixed,square_plaza,mixed,square_plaza,mixed]]","[[[[26,0:26,PART 1: Overview],[42,0:42,CityWalk Layout]],[[42,0:42,CityWalk Layout]],[[248,4:08,Bubba Gump Shrimp Co.]],[[646,10:46,Hollywood Drive In Golf],[667,11:07,Universal Cinemark Movie Theatre]],[[679,11:19,Universal Studios Store],[703,11:43,Universal Legacy Store]]],[[],[],[],[],[],[],[],[],[],[],[]],[[],[],[],[],[],[],[],[]],[[],[],[],[],[],[],[],[],[],[],[],[],[],[],[],[],[],[],[],[],[],[],[],[],[],[],[],[],[],[],[],[],[],[],[],[],[],[],[]],[[],[],[],[],[],[]],[[[299,04:59,Dessert]]],[[],[],[],[],[],[],[],[],[]],[[],[],[],[],[],[],[],[],[],[],[]],[[],[],[],[],[],[],[],[],[],[]],[[],[],[],[],[]],[[[3568,59:28,Bubba Gump Shrimp]],[[3568,59:28,Bubba Gump Shrimp]],[[4403,1:13:23,Bend The Bao]]],[[],[],[],[],[],[],[],[],[],[],[],[]],[[],[],[],[],[],[],[],[],[],[]],[[],[],[],[],[],[],[],[]]]","[[[],[],[BUBBA GUMP],[],[UNIVERSAL LEGACY STORE]],[[UNIVERSAL STUDIOS HOLLYWOOD],[],[],[Hard Rock],[UNIVERSAL],[SUPER NINTENDO WORLD],[],[],[TEES],[],[Cup Shop Co]],[[UNIVERSAL ORLANDO RESORT],[THE COWFISH],['LOEWS PORTOFINO BAY HOTEL'],['TRATTORIA DEL PORTO' 'MAMA DELLA'S'],[],[],[],[]],[['UNIVERSAL ORLANDO RESORT'],[GOLF],[STONECREAM],[RED VENUS PIZZA BAKERY],[],[THE GUEST],['UNIVERSAL STORE'],[],[],[],[],[],[],[THE FISH],[],[],[],[],[UNIVERSAL STUDIOS STORE],[],[Universal Studios Hollywood],[],[],[],[WALT DISNEY WORLD RESORT],[Islands of Adventure],[],[],[],[],[],[],['Halloween Bash!' 'Live Entertainment is Important' 'Dancing' 'Dancing'],['UNIVERSAL'S GREAT ADVENTURE ESCAPE'],[],[],[],[],[]],[[CITY WALK],['UNIVERSAL STUDIOS STORE'],[],[],[Moe's Southwest Grill],[SHERWOOD FOREST]],[[]],[['WELCOME TO UNIVERSAL ORLANDO RESORT'],[FOOD-CLUBS-STORE],[VIVO],[],[HOLLYWOOD],[],[UNIVERSAL STUDIOS HOLLYWOOD],[],[]],[[],[UNIVERSAL],[NAUTICAL MUSEUM],[],[],[],[],[],[],[],['MACARONI WELLS']],[[],[Universal Orlando Resort],[DRAGON],[],[],[],[],[],[],[]],[[CITY OF LONG BEACH],[],['Biscuit Street' and 'Biscuit Street' on a directional sign],[UNIVERSAL],[UNIVERSAL STUDIOS]],[['BUBBA GUMP SHRIMP'],[SOUTH],[]],[[],[],[],[],[],[],[Universal Studios],[],[],[MGM GRAND],[HOLLYWOOD],[]],[[],[JANTAR],[UNIVERSAL],[UNIVERSAL ORLANDO RESORT],[],['UNIVERSAL STUDIOS STORE'],[],[EXPERIENCE THE TASTE OF VICTORY],[],[]],[[Universal CityWalk Orlando],[BLACK PHONE],[],[],[GOLDEN GATE],[],[HOT TOPIC],[]]]","[[timestamp_description,timestamp_description,both,timestamp_description,both],[embedded_video,none,none,embedded_video,embedded_video,embedded_video,none,none,embedded_video,none,embedded_video],[embedded_video,embedded_video,embedded_video,embedded_video,none,none,none,none],[embedded_video,embedded_video,embedded_video,embedded_video,none,embedded_video,embedded_video,none,none,none,none,none,none,embedded_video,none,none,none,none,embedded_video,none,embedded_video,none,none,none,embedded_video,embedded_video,none,none,none,none,none,none,embedded_video,embedded_video,none,none,none,none,none],[embedded_video,embedded_video,none,none,embedded_video,embedded_video],[timestamp_description],[embedded_video,embedded_video,embedded_video,none,embedded_video,none,embedded_video,none,none],[none,embedded_video,embedded_video,none,none,none,none,none,none,none,embedded_video],[none,embedded_video,embedded_video,none,none,none,none,none,none,none],[embedded_video,none,embedded_video,embedded_video,embedded_video],[both,both,timestamp_description],[none,none,none,none,none,none,embedded_video,none,none,embedded_video,embedded_video,none],[none,embedded_video,embedded_video,embedded_video,none,embedded_video,none,embedded_video,none,none],[embedded_video,embedded_video,none,none,embedded_video,none,embedded_video,none]]","[[38,107,249,660,687],[7,385,525,759,1225,1613,1687,1787,1834,1884,2103],[33,94,163,317,392,562,632,684],[39,65,243,280,302,328,359,374,392,418,482,563,585,622,638,685,740,757,772,870,888,936,1052,1106,1126,1187,1258,1280,1319,1336,1371,1408,1450,1544,1598,1626,1682,1778,1817],[19,193,396,598,648,869],[342],[18,38,278,419,490,516,625,788,909],[495,768,795,827,873,970,985,1467,1786,1828,1859],[409,569,603,659,695,900,960,988,1375,1402],[23,235,447,658,869],[3573,3590,4718],[21,173,222,308,400,435,488,525,574,615,706,847],[111,171,188,206,289,354,433,521,763,797],[6,153,376,599,822,1045,1267,1489]]","[[72,128,263,674,709],[195,524,758,991,1457,1632,1786,1822,1849,1945,2222],[68,112,185,337,416,631,650,708],[60,91,267,301,327,358,373,391,412,467,533,584,609,637,663,709,756,771,792,887,925,959,1091,1125,1142,1220,1274,1318,1335,1370,1407,1435,1478,1567,1625,1650,1777,1804,1835],[192,395,597,647,862,1020],[363],[37,277,418,478,515,572,781,908,925],[509,787,811,842,893,984,1005,1490,1827,1858,1879],[425,587,617,694,736,916,984,1002,1392,1417],[234,446,657,868,1079],[3587,3604,4732],[131,211,268,399,421,484,518,573,608,705,730,1008],[170,187,205,269,353,408,508,542,796,867],[152,375,598,821,1044,1266,1488,1710]]","[2102022,27032026,8022026,21122025,7052026,14082022,14042026,23112022,27102024,27022026,8032025,23032026,26062025,20102025]","[UCAgUS4jpgqdIpfZSNcAR3hg,UCfhI7E8Z481eBTZJxlGKjyg,UCXzMeWaEXzwbIc4NsR2rZng,UCfzP_CiebRdveD9rRZv5Ndw,UCXu2Wevfo29LUJzeJV1gzZQ,UC2LkzOeb8JjxjwV-sMeRlng,UCCozyIXdIruY0_VZ5EB4fAQ,UCXGQTkyIfrJJ7ZT1A9MuJ0A,UCXGQTkyIfrJJ7ZT1A9MuJ0A,UC31LMyEJsArviJlhmmLVafA,UCBLbx0zwDcFoKV9pdyOTuLw,UCXu2Wevfo29LUJzeJV1gzZQ,UCPsVBFNW4P_bOPHnobpF_lg,UCWQyVO_lIcqaGwvWpiRvDcQ]"
78,Orlando,[],FL,United States,USA,North America,28.5421218,-81.379045,"[lnZ5xmj1NLA,Om95VWWQq90,R0nwipjtJxY,m1dKS0EpWW4,IkX5Zb8-QHE,6I3j964vWyU]","[[0,0,0,0,0,0,1,0],[0,0,0,0,0,0,0,0,0,0,0,0,0,2,2,2,2,0,0,0,0,0,0,0,0,0,0,0,1],[0,0,0,0,0,0,0,0,0,0,0,1,1,1,0,0,0,0,0,1,1,1,1,1],[0,0,0,0,0,0,0,0,0,0,0,0,0,0,0,0,1],[0,1,0,0,1,0,0,0,1,0,0,0,0,0,0,0,0,1,2,2,1,1,1,1,1,1],[0,0]]","[[mixed,mixed,mixed,square_plaza,indoor,indoor,indoor,mixed],[square_plaza,mixed,square_plaza,square_plaza,square_plaza,square_plaza,street,mixed,mixed,mixed,mixed,indoor,indoor,mixed,waterfront,street,mixed,indoor,indoor,indoor,indoor,indoor,indoor,indoor,indoor,indoor,indoor,indoor,street],[mixed,mixed,mixed,mixed,market,square_plaza,indoor,indoor,indoor,mixed,square_plaza,indoor,indoor,indoor,indoor,mixed,indoor,indoor,indoor,street,mixed,mixed,street,mixed],[indoor,indoor,indoor,indoor,indoor,indoor,indoor,indoor,indoor,indoor,indoor,mixed,mixed,indoor,indoor,indoor,indoor],[indoor,indoor,mixed,square_plaza,indoor,mixed,indoor,square_plaza,indoor,indoor,indoor,square_plaza,waterfront,mixed,mixed,park_nature,mixed,indoor,mixed,square_plaza,street,mixed,street,street,mixed,street],[mixed,mixed]]","[[[],[],[],[],[],[],[],[]],[[],[],[],[],[],[],[],[],[],[],[],[],[],[],[],[],[],[],[],[],[],[],[],[],[],[],[],[],[]],[[],[],[],[],[],[],[],[],[],[],[],[],[],[],[],[],[],[],[],[],[],[],[],[]],[[],[],[],[],[],[],[],[],[],[],[],[],[],[],[],[],[]],[[[0,00:00,Entrada no Citywalk]],[[0,00:00,Entrada no Citywalk]],[[0,00:00,Entrada no Citywalk]],[[0,00:00,Entrada no Citywalk]],[[0,00:00,Entrada no Citywalk]],[[0,00:00,Entrada no Citywalk]],[[283,04:43,Loja Universal]],[[389,06:29,Geral Citywalk e cinema]],[[389,06:29,Geral Citywalk e cinema]],[[389,06:29,Geral Citywalk e cinema]],[[389,06:29,Geral Citywalk e cinema]],[[389,06:29,Geral Citywalk e cinema]],[[665,11:05,Passeio de barco (Portofino Bay)]],[[665,11:05,Passeio de barco (Portofino Bay)]],[[1077,17:57,Universal Studios e Hard Rock Café]],[[1077,17:57,Universal Studios e Hard Rock Café]],[[1077,17:57,Universal Studios e Hard Rock Café]],[[1261,21:01,Fábrica de chocolate e Islands of Adventure]],[[1261,21:01,Fábrica de chocolate e Islands of Adventure]],[[1479,24:39,Restaurantes e Citywalk a noite 🟢💲 Crie sua conta global Wise]],[[1479,24:39,Restaurantes e Citywalk a noite 🟢💲 Crie sua conta global Wise]],[[1479,24:39,Restaurantes e Citywalk a noite 🟢💲 Crie sua conta global Wise]],[[1479,24:39,Restaurantes e Citywalk a noite 🟢💲 Crie sua conta global Wise]],[[1479,24:39,Restaurantes e Citywalk a noite 🟢💲 Crie sua conta global Wise]],[[1479,24:39,Restaurantes e Citywalk a noite 🟢💲 Crie sua conta global Wise]],[[1479,24:39,Restaurantes e Citywalk a noite 🟢💲 Crie sua conta global Wise]]],[[],[]]]","[[[UNIVERSAL ORLANDO RESORT],[],[],['WELCOME TO UNIVERSAL ORLANDO RESORT'],[HUTCHENBURG],[],[UNIVERSAL LEGACY STORE],['UNIVERSAL STUDIOS HOLLYWOOD']],[['UNIVERSAL ORLANDO RESORT'],[UNIVERSAL ORLANDO RESORT],['UNIVERSAL ORLANDO RESORT'],['UNIVERSAL ORLANDO RESORT'],[HOLLYWOOD],[BURBANK],[Hollywood Wax Museum],[],[],[],[PARK CITY],[],[],[WALT DISNEY WORLD],['UNIVERSAL'],['UNIVERSAL STUDIOS STORE'],['UNIVERSAL STUDIOS STORE'],[],[],[],[],[],[],[],[],[],[],[],[]],[['Universal Studios Florida'],['UNIVERSAL STUDIOS HOLLYWOOD'],[],[],[],[],[],[],[],[],[Hard Rock],['Rock Shop' DENNIS HUBBARD],[],[ROCK SHOP],[Hard Rock Cafe],[Hard Rock CAFE],[],[],[],[GRILL],[CityWalk],[Hard Rock],[FOOD AND SPIRITS],[WORLD CUP STADIUM]],[[],[],[],[],[],[],[Jurassic Park],[],[],[],[],[],[],[UNIVERSAL],[],[],[]],[[],[],[],['WELCOME TO UNIVERSAL ORLANDO RESORT'],[],[],[],[AMERICAN MUSEUM OF FINE ARTS],[CINEMAS 1-4 CINEMAS 12-20 CINEMAS 8-11],[KINDERGARTEN],[],['PREVIEW EPIC UNIVERSE CENTER'],[],[],['UNIVERSAL'],[],[],[],[],[UNIVERSAL],[],[],[],[FAT TUESDAY],[],[UNIVERSAL STUDIOS]],[['UNIVERSAL ORLANDO RESORT'],[]]]","[[embedded_video,none,none,embedded_video,embedded_video,none,embedded_video,embedded_video],[embedded_video,embedded_video,embedded_video,embedded_video,embedded_video,embedded_video,embedded_video,none,none,none,embedded_video,none,none,embedded_video,embedded_video,embedded_video,embedded_video,none,none,none,none,none,none,none,none,none,none,none,none],[embedded_video,embedded_video,none,none,none,none,none,none,none,none,embedded_video,embedded_video,none,embedded_video,embedded_video,embedded_video,none,none,none,embedded_video,embedded_video,embedded_video,embedded_video,embedded_video],[none,none,none,none,none,none,embedded_video,none,none,none,none,none,none,embedded_video,none,none,none],[timestamp_description,timestamp_description,timestamp_description,both,timestamp_description,timestamp_description,timestamp_description,both,both,both,timestamp_description,both,timestamp_description,timestamp_description,both,timestamp_description,timestamp_description,timestamp_description,timestamp_description,both,timestamp_description,timestamp_description,timestamp_description,both,timestamp_description,both],[embedded_video,none]]","[[70,124,142,211,481,868,890,909],[3,103,136,154,196,223,240,284,310,733,944,1111,1132,1181,1368,1554,1740,1881,1989,2027,2048,2274,2325,2435,2560,2609,2630,2727,2753],[49,129,194,350,1097,1158,1316,1457,1489,1523,1541,1591,1905,1941,1957,2036,2249,2412,2713,2861,3082,3234,3386,3459],[15,216,254,315,349,398,483,505,529,734,885,906,939,976,1034,1102,1134],[59,75,163,180,226,255,335,390,483,523,540,595,699,1053,1122,1179,1218,1329,1430,1482,1524,1586,1606,1643,1848,1902],[153,311]]","[[98,141,159,229,505,889,908,933],[38,135,153,182,222,239,283,309,521,943,1097,1131,1180,1367,1553,1739,1880,1988,2026,2047,2273,2324,2434,2559,2608,2629,2726,2752,2833],[128,193,349,505,1135,1315,1456,1486,1522,1540,1571,1742,1940,1956,2035,2248,2411,2573,2851,3081,3233,3385,3458,3696],[215,253,314,348,397,470,504,528,723,878,905,938,969,1033,1101,1133,1186],[74,97,179,204,244,269,353,414,497,539,555,609,725,1076,1136,1197,1244,1369,1444,1497,1542,1605,1620,1689,1881,1934],[183,342]]","[11122025,17072026,25052025,7072026,10092025,13032026]","[UCf-HEw9RbtOLbEqhSwnJxSw,UCwmXvnlhxBGTg_H5NyBhn_A,UCcUsvje4nHgyjaWATaTeeCg,UCXu2Wevfo29LUJzeJV1gzZQ,UC2gTLJy3ji_ZyTrGeEkxgNA,UC_xvk4Atsuhb4-jPVau99tw]"
79,Dubai,[City Walk],Dubai Emirate,United Arab Emirates,ARE,Asia,25.2081589,55.2618737,"[XDbSm3WJP8Q,aRXtzEriaCg,5Pg0YViDr-s,TANYxPQst1U]","[[0,0,0,0],[0,0,0,0,0],[1,2,1,1,0,1],[1,1,1]]","[[mixed,park_nature,mixed,square_plaza],[mixed,mixed,street,street,square_plaza],[indoor,square_plaza,mixed,indoor,indoor,mixed],[mixed,square_plaza,indoor]]","[[[[0,00:00,Intro],[26,00:26,Central Park]],[[26,00:26,Central Park]],[[211,3:31,City Walk Shopping Area]],[[211,3:31,City Walk Shopping Area]]],[[],[],[],[],[]],[[],[],[],[],[],[]],[[],[],[]]]","[[[],[],[],[]],[[],[],[],[],[]],[[],[],[],[],[SWAROVSKI],[]],[[],[],[]]]","[[timestamp_description,timestamp_description,timestamp_description,timestamp_description],[none,none,none,none,none],[none,none,none,none,embedded_video,none],[none,none,none]]","[[11,66,224,259],[227,624,822,1020,1186],[13,263,485,707,929,1151],[221,461,1181]]","[[30,90,238,274],[425,821,1019,1185,1351],[33,484,706,928,1150,1372],[460,700,1420]]","[5122025,25022026,1102025,2082025]","[UCH_gmuiz-gAXQzs0SaV5xgA,UCKxA2_w857nlShz5qDi1p9w,UCKxA2_w857nlShz5qDi1p9w,UCKxA2_w857nlShz5qDi1p9w]"
80,New York,[Greenwich Village],NY,United States,USA,North America,40.7319802,-73.9965658,[3koOEPntvqk],"[[0,0,0,0,0,0,0,0,0,0,0,0]]","[[street,street,street,street,street,street,street,street,street,street,street,street]]","[[[],[],[],[],[],[],[],[],[],[],[],[]]]","[[[],[],['Ninety-Fix'],[],[],[],[],[],[],[BLANK STREET],[],[]]]","[[none,none,embedded_video,none,none,none,none,none,none,embedded_video,none,none]]","[[208,565,877,1070,1096,1492,1690,1887,2357,2565,2773,3528]]","[[386,683,1069,1095,1293,1689,1886,2121,2564,2772,2979,3753]]",[22082024],[UCeYUKvRrRY9V3DYdZd1Z_eQ]
81,Orlando,"[Universal Orlando Resort,Comfort Suites Near Universal Orlando Resort]",FL,United States,USA,North America,28.4814313,-81.4530337,[MPZqUeFFdPU],"[[0,0,0,0,0,0,0,0,0,0,0,0,0,0,0,0,0]]","[[mixed,mixed,street,street,street,street,indoor,mixed,street,mixed,mixed,square_plaza,mixed,indoor,street,street,mixed]]","[[[],[],[],[],[],[],[],[],[],[],[],[],[],[],[],[],[]]]","[[[],[],[SANTANDER],[MINION MAYHEM],[],[],[],[],[KIRKLAND],[],[],[],[],[],[HOLLYWOOD],[],[]]]","[[none,none,embedded_video,embedded_video,none,none,none,none,embedded_video,none,none,none,none,none,embedded_video,none,none]]","[[14,242,384,536,580,728,898,1044,1138,1230,1369,1436,1454,1670,1709,1732,1756]]","[[241,383,535,579,656,897,1043,1137,1226,1368,1435,1453,1669,1695,1731,1755,1783]]",[7072026],[UCCozyIXdIruY0_VZ5EB4fAQ]
82,"Amalfi, Atrani",[],Campania,Italy,,,,,[3aGiTYIuGzM],"[[0,0,0,0,0,0,0,0,0,0,0,0,0,0,0,0,0,0]]","[[mixed,market,mixed,mixed,mixed,street,street,street,street,street,street,indoor,indoor,market,street,mixed,mixed,mixed]]","[[[[271,04:31,The beginning of the walk; the waterfront]],[[271,04:31,The beginning of the walk; the waterfront]],[[271,04:31,The beginning of the walk; the waterfront]],[[271,04:31,The beginning of the walk; the waterfront]],[[271,04:31,The beginning of the walk; the waterfront]],[[271,04:31,The beginning of the walk; the waterfront],[2165,36:05,The main square; narrow streets]],[[2165,36:05,The main square; narrow streets]],[[2165,36:05,The main square; narrow streets]],[[2165,36:05,The main square; narrow streets]],[[2165,36:05,The main square; narrow streets]],[[2165,36:05,The main square; narrow streets]],[[2165,36:05,The main square; narrow streets],[3600,1:00:00,Duomo di Sant'Andrea Apostolo]],[[3600,1:00:00,Duomo di Sant'Andrea Apostolo]],[[3600,1:00:00,Duomo di Sant'Andrea Apostolo]],[[3600,1:00:00,Duomo di Sant'Andrea Apostolo]],[[3600,1:00:00,Duomo di Sant'Andrea Apostolo],[5400,1:30:00,A scenic trail to Atrani]],[[5400,1:30:00,A scenic trail to Atrani]],[[6914,1:55:14,Atrani]]]]","[[[],[],[],[],[],[Fontana di Sant'Andrea],[],[TRATTORIA],[],[],[il Caffèitalia],[],[],[],[Qualita l'oliveto],[],[],[]]]","[[timestamp_description,timestamp_description,timestamp_description,timestamp_description,timestamp_description,both,timestamp_description,both,timestamp_description,timestamp_description,both,timestamp_description,timestamp_description,timestamp_description,both,timestamp_description,timestamp_description,timestamp_description]]","[[727,1199,1435,1671,1907,2143,2379,2615,2851,3087,3323,3559,4031,4739,4975,5211,5919,7099]]","[[962,1434,1670,1906,2142,2378,2614,2850,3086,3322,3558,3794,4266,4974,5210,5446,6154,7334]]",[1032025],[UCOlx478DxwYAwkLnz9ELNIQ]
83,Nairobi,[Nairobi CBD],Nairobi County,Kenya,KEN,Africa,-1.2900328,36.8249721,[RXWjAdAVZRE],"[[0,0,0,0,0,0,0,0,0,0]]","[[market,street,street,street,street,street,street,market,market,market]]","[[[],[],[],[],[],[],[],[],[],[]]]","[[[CASINO],[],[],[SAMSUNG],[],[],[],[],[],[]]]","[[embedded_video,none,none,embedded_video,none,none,none,none,none,none]]","[[71,308,544,780,1016,1252,1488,1727,1850,1972]]","[[307,543,779,1015,1251,1487,1723,1849,1971,2040]]",[20032026],[UCI40q7tcCJwRRh78Fe3J-tg]
84,Universal CityWalk Hollywood,[],CA,United States,USA,North America,34.1363136,-118.3548589,"[CZIqpvIWiao,vhInw8Pab2A]","[[0,0,0,0,0,0,0,0,0,0,0,0,0,0,0,0,0,0,0,0,0,0,0,-1,0,0,0,0,0,0,0,0,0,0,0,0,0,0,0,0,0,0,0,0,0,0,0,0,0,-1,0],[0,0,0,0,0,0,0,0,0,0]]","[[mixed,street,street,street,street,street,street,indoor,street,mixed,mixed,street,street,indoor,mixed,indoor,mixed,mixed,indoor,street,indoor,street,indoor,indoor,street,street,mixed,mixed,indoor,indoor,square_plaza,street,street,indoor,mixed,street,indoor,street,mixed,indoor,indoor,indoor,indoor,street,indoor,street,indoor,indoor,indoor,indoor,square_plaza],[mixed,indoor,indoor,mixed,mixed,mixed,street,square_plaza,mixed,street]]","[[[],[],[],[],[],[],[],[],[],[],[],[],[],[],[],[],[],[],[],[],[],[],[],[],[],[],[],[],[],[],[],[],[],[],[],[],[],[],[],[],[],[],[],[],[],[],[],[],[],[],[]],[[],[],[],[],[],[],[],[],[],[]]]","[[[],[HOT DOGS],[HARRY POTTER],[],[],[],[SEPHORA],[],[Pasta Wings],[],[COMIC-CON],[],[BUBBA GUMP],[],[],[],[],[],[],[Ganjo Su Shang],[Scooby Snack Doughnut],[PRODUCTION CENTRAL],[],[],[],[ESCAPE],[],[],[],[],[CINEMA],[UNIVERSAL STUDIOS HOLLYWOOD],[],[],[],[],[CITYWALK],[CITYWALK],[],[UNIVERSAL STUDIOS],[],[],[CITYWALK],[TOM FORD],[],[UNIVERSAL],[],[],[],[],[UNIVERSAL]],[[UNIVERSAL],[],[],[],[],[],[AMERICA'S POKÉ HOP],[UNIVERSAL],[],[Production Central]]]","[[none,embedded_video,embedded_video,none,none,none,embedded_video,none,embedded_video,none,embedded_video,none,embedded_video,none,none,none,none,none,none,embedded_video,embedded_video,embedded_video,none,none,none,embedded_video,none,none,none,none,embedded_video,embedded_video,none,none,none,none,embedded_video,embedded_video,none,embedded_video,none,none,embedded_video,embedded_video,none,embedded_video,none,none,none,none,embedded_video],[embedded_video,none,none,none,none,none,embedded_video,embedded_video,none,embedded_video]]","[[51,92,129,150,171,186,254,300,331,392,412,469,497,530,634,660,697,737,849,900,917,938,985,1016,1074,1099,1125,1198,1215,1241,1355,1395,1421,1444,1500,1553,1601,1629,1645,1721,1756,1821,1843,1871,1889,1915,1947,1969,1987,2006,2037],[45,168,279,349,497,649,825,1000,1175,1335]]","[[78,128,149,170,185,241,296,325,352,411,468,496,529,596,659,686,728,787,873,916,931,965,1015,1035,1098,1115,1171,1214,1233,1268,1394,1420,1436,1468,1539,1600,1628,1644,1720,1755,1801,1842,1857,1888,1914,1946,1968,1986,2005,2020,2079],[167,278,348,496,643,824,999,1174,1334,1493]]","[8052026,29042026]","[UCz1qGawPdOkL3kufTtd0fBg,UCmhjmGNkPY_w_tBk3M58CEQ]"
85,Los Angeles,[Hollywood],CA,United States,USA,North America,34.0980031,-118.329523,[U3Jk0h318yM],"[[0,0,0,0]]","[[street,mixed,mixed,street]]","[[[],[],[],[]]]","[[[HOLLYWOOD],[],[],[]]]","[[embedded_video,none,none,none]]","[[7,171,334,497]]","[[170,333,496,517]]",[30102023],[UCw8_bi1G4duPevdfktipGOA]
86,Zermatt,[],Valais/Wallis,Switzerland,CHE,Europe,46.0212076,7.749254,[LFOx-vmYrts],[[0]],[[street]],[[[]]],[[[]]],[[none]],[[2786]],[[3015]],[23112021],[UCqRTj-Nu_8to3jIBlXptOtA]
87,Universal Studios Hollywood,[],CA,United States,USA,North America,34.1392322,-118.3543834,[W8ojugvZVNc],"[[0,0,0,0,0]]","[[mixed,mixed,mixed,mixed,street]]","[[[],[],[],[],[]]]","[[[HOLLYWOOD PARK],[],[],[],[VIVO]]]","[[embedded_video,none,none,none,embedded_video]]","[[1,198,395,592,789]]","[[197,394,591,788,1022]]",[18102025],[UCR1I1UCdnV_BcZQAIB2bi2A]
88,Universal CityWalk,[],CA,United States,USA,North America,34.1363136,-118.3548589,[aRFYY_cYGwM],"[[0,0,0,0,0,0,0,0,0,0]]","[[indoor,mixed,street,indoor,indoor,mixed,mixed,indoor,indoor,mixed]]","[[[],[],[],[],[],[],[],[],[],[]]]","[[[],[COFFEE],[BURGAW],[],[],[UNIVERSAL FANFEST],[Sanrio Character Ranking 2025],[],[],[HOLLYWOOD]]]","[[none,embedded_video,embedded_video,none,none,embedded_video,embedded_video,none,none,embedded_video]]","[[25,88,307,526,744,885,1026,1071,1159,1348]]","[[87,306,525,743,884,1025,1070,1158,1347,1536]]",[7052025],[UC5BeywzzMYdLIidmJIJmHjQ]
89,New York,[8th Avenue],NY,United States,USA,North America,40.7443279,-73.9991914,[6y5CqAHxGX0],"[[1,1,1,1,1,1,1,1,1,2,2,2,1,1,1,1,1,1,1,2,2,2,1,1,1,1,1,1,1,2,2,2,1,1,1,1,1,1,1,2,2,2,1,1,1,1,1,1,1,2,2,2,2,1,1,1,1,1,1,2,2,2,1,1,1,1,1,1,1,2,2,2,1,1,1,1,1,1,1,2,2,2,2,1,1,1,1,1,1,2,2,2,1,1,1,1,1,1,1,2,2,2,2,1,1,1,1,1,1,2,2,2,2,1,1,1,1,1,1,2,2,2,2,1,1,1,1,1,1,2,1,2,2,1,1,1,1,1,1,1,2,2,1,1,1,1,1,1,1,1,2,2,1,1,1,1,1,1,1,2,2,2,1,1,1,1,1,1,1,2,2,2,1,1,1,1,1,1,1,2,1,1]]","[[street,street,street,street,street,street,street,street,street,street,street,street,street,street,street,street,street,street,street,street,street,street,street,street,street,street,street,street,street,street,street,street,street,street,street,street,street,street,street,street,street,street,street,street,street,street,street,street,street,street,street,street,street,street,street,street,street,street,street,street,street,street,street,street,street,street,street,street,street,street,street,street,street,street,street,street,street,street,street,street,street,street,street,street,street,street,street,street,street,street,street,street,street,street,street,street,street,street,street,street,street,street,street,street,street,street,street,street,street,street,street,street,street,street,street,street,street,street,street,street,street,street,street,street,street,street,street,street,street,street,street,street,street,street,street,street,street,street,street,street,street,street,street,street,street,street,street,street,street,street,street,street,street,street,street,street,street,street,street,street,street,street,street,street,street,street,street,street,street,street,street,street,street,street,street,street,street,street,street,street,street,street]]","[[[],[],[],[],[],[],[],[],[],[],[],[],[],[],[],[],[],[],[],[],[],[],[],[],[],[],[],[],[],[],[],[],[],[],[],[],[],[],[],[],[],[],[],[],[],[],[],[],[],[],[],[],[],[],[],[],[],[],[],[],[],[],[],[],[],[],[],[],[],[],[],[],[],[],[],[],[],[],[],[],[],[],[],[],[],[],[],[],[],[],[],[],[],[],[],[],[],[],[],[],[],[],[],[],[],[],[],[],[],[],[],[],[],[],[],[],[],[],[],[],[],[],[],[],[],[],[],[],[],[],[],[],[],[],[],[],[],[],[],[],[],[],[],[],[],[],[],[],[],[],[],[],[],[],[],[],[],[],[],[],[],[],[],[],[],[],[],[],[],[],[],[],[],[],[],[],[],[],[],[],[],[]]]","[[[],[],[],[PARKS],[walks in the city],[],[TIMES SQUARE],[AMC],[BABYLON],[],[CONTACTLESS ORDERING],[21 Park],[PARK],[walks city],[],[],['THE WESTIN NEW YORK'],[Applebee's],['BROADWAY BABYLON'],[JAZZ],[CONTACTLESS ORDERING],[WALKS CITY],[PARK],[],[],[710 5th Ave],[The Westin New York,Times Square],[Applebee's],[BABYLON],[JAZZ],[walks.city],[walks city],[SPARK],[],[],[Cafe],[The Westin New York],[TIMES SQUARE],[BROADWAY BABYLON],[JAZZ],[CONTACTLESS ORDERING ORDER ONLINE],[CLEANERS],[PARK],[walks.city],[],[102 W 42nd St],[TIMES SQUARE],[Applebees],[BABYLON],[JAZZ],[walks city],[NYPD],[PARK],[10791],[],[BROADWAY],[WESTIN],[AMC],[BABYLON],[JAZZ],[CONTACTLESS ORDERING],[WALKERS],[PARK],[],[],[],['THE WESTIN NEW YORK'],[Applebee's],[BABYLON],[JAZZ],[CONTACTLESS ORDERING],[NYC Street],[PARK],[106791],[walks in the city],[Café],[WESTIN NEW YORK],[Applebee's],[BABYLON],[walks.city],[CONTACTLESS ORDERING OPEN],[CLEANERS],[PARK],[walks in the city],[],[],[TIMES SQUARE],[Applebees],['BABYLON'],['JAZZ' 'PARIS BAGUETTE' 'OPEN 24h'],[CONTACTLESS ORDERING],[walks in city],[PARK],[walks in the city],[WALKS CITY],[],[WESTIN New York],[AMC],[BABYLON],[JAZZ],[CONTACTLESS ORDERING],[104],[PARK],[walksNYC],[walks city],[walks.city],[TIMES SQUARE],[Applebees],[BROADWAY BABYLON],['JAZZ' 'PARIS BAGUETTE' 'OPEN 24h' 'EVERY CHILD SHOULD FEEL THIS GOOD'],[CONTACTLESS ORDERING],[NYCRelay],[PARK],[10679],[walks in the city],[110 2nd Ave],[WESTIN],[AMC],[BABYLON],[],[CONTACTLESS ORDERING],[125 W 23rd St],[],[],[],[],['WESTIN New York'],[TIMES SQUARE],[BABYLON],[JAZZ],[walks_in_city],[NYC],[PARK],[walks in the city],[],[310 W 39th],[WESTIN],[AMC],[BABYLON],[walks.city],[walks.city],[CRAFT CLEANERS],[PARK],[],[],[],[WESTIN],[Applebee's],[BABYLON],[JAZZ],[CONTACTLESS ORDERING],[WALKS CITY],[PARK],[106791],[WALKS CITY],[1124],['THE WESTIN NEW YORK'],[Applebee's],[BABYLON],[JAZZ],[CONTACTLESS ORDERING],[16th St],[PARK],[walks in city],[],[],['THE WESTIN NEW YORK'],[TIMES SQUARE],['BABYLON'],[JAZZ],[CONTACTLESS ORDERING],[NYPD 101],[PARK],[1067 9th Ave],[WALKS CITY],[NYC OFFICE],[TIMES SQUARE],[Applebee's],[BROADWAY],[JAZZ],[],[walks.city]]]","[[none,none,none,embedded_video,embedded_video,none,embedded_video,embedded_video,embedded_video,none,embedded_video,embedded_video,embedded_video,embedded_video,none,none,embedded_video,embedded_video,embedded_video,embedded_video,embedded_video,embedded_video,embedded_video,none,none,embedded_video,embedded_video,embedded_video,embedded_video,embedded_video,embedded_video,embedded_video,embedded_video,none,none,embedded_video,embedded_video,embedded_video,embedded_video,embedded_video,embedded_video,embedded_video,embedded_video,embedded_video,none,embedded_video,embedded_video,embedded_video,embedded_video,embedded_video,embedded_video,embedded_video,embedded_video,embedded_video,none,embedded_video,embedded_video,embedded_video,embedded_video,embedded_video,embedded_video,embedded_video,embedded_video,none,none,none,embedded_video,embedded_video,embedded_video,embedded_video,embedded_video,embedded_video,embedded_video,embedded_video,embedded_video,embedded_video,embedded_video,embedded_video,embedded_video,embedded_video,embedded_video,embedded_video,embedded_video,embedded_video,none,none,embedded_video,embedded_video,embedded_video,embedded_video,embedded_video,embedded_video,embedded_video,embedded_video,embedded_video,none,embedded_video,embedded_video,embedded_video,embedded_video,embedded_video,embedded_video,embedded_video,embedded_video,embedded_video,embedded_video,embedded_video,embedded_video,embedded_video,embedded_video,embedded_video,embedded_video,embedded_video,embedded_video,embedded_video,embedded_video,embedded_video,embedded_video,embedded_video,none,embedded_video,embedded_video,none,none,none,none,embedded_video,embedded_video,embedded_video,embedded_video,embedded_video,embedded_video,embedded_video,embedded_video,none,embedded_video,embedded_video,embedded_video,embedded_video,embedded_video,embedded_video,embedded_video,embedded_video,none,none,none,embedded_video,embedded_video,embedded_video,embedded_video,embedded_video,embedded_video,embedded_video,embedded_video,embedded_video,embedded_video,embedded_video,embedded_video,embedded_video,embedded_video,embedded_video,embedded_video,embedded_video,embedded_video,none,none,embedded_video,embedded_video,embedded_video,embedded_video,embedded_video,embedded_video,embedded_video,embedded_video,embedded_video,embedded_video,embedded_video,embedded_video,embedded_video,embedded_video,none,embedded_video]]","[[19,249,709,939,1168,1397,1626,1855,2084,2313,2548,2783,3018,3252,3486,3720,3954,4188,4422,4656,4891,5126,5360,5594,5828,6062,6296,6530,6764,6998,7233,7468,7703,7937,8171,8405,8639,8873,9107,9341,9576,9811,10045,10279,10513,10747,10981,11215,11449,11683,11918,12153,12387,12621,12855,13089,13323,13557,13791,14025,14260,14495,14730,14964,15198,15432,15666,15900,16134,16368,16603,16838,17072,17306,17540,17774,18008,18242,18476,18710,18945,19180,19415,19649,19883,20117,20351,20585,20819,21053,21288,21523,21757,21991,22225,22459,22693,22927,23161,23395,23630,23865,24100,24334,24568,24802,25036,25270,25504,25738,25973,26208,26442,26676,26910,27144,27378,27612,27846,28080,28315,28550,28785,29019,29253,29487,29721,29955,30189,30423,30658,30893,31127,31361,31595,31829,32063,32297,32531,32765,33000,33235,33470,33704,33938,34172,34406,34640,34874,35108,35343,35578,35812,36046,36280,36514,36748,36982,37216,37450,37685,37920,38155,38389,38623,38857,39091,39325,39559,39793,40028,40263,40497,40731,40965,41199,41433,41667,41901,42135,42327,42709]]","[[248,478,938,1167,1396,1625,1854,2083,2312,2547,2782,3017,3251,3485,3719,3953,4187,4421,4655,4890,5125,5359,5593,5827,6061,6295,6529,6763,6997,7232,7467,7702,7936,8170,8404,8638,8872,9106,9340,9575,9810,10044,10278,10512,10746,10980,11214,11448,11682,11917,12152,12386,12620,12854,13088,13322,13556,13790,14024,14259,14494,14729,14963,15197,15431,15665,15899,16133,16367,16602,16837,17071,17305,17539,17773,18007,18241,18475,18709,18944,19179,19414,19648,19882,20116,20350,20584,20818,21052,21287,21522,21756,21990,22224,22458,22692,22926,23160,23394,23629,23864,24099,24333,24567,24801,25035,25269,25503,25737,25972,26207,26441,26675,26909,27143,27377,27611,27845,28079,28314,28549,28784,29018,29252,29486,29720,29954,30188,30422,30657,30892,31126,31360,31594,31828,32062,32296,32530,32764,32999,33234,33469,33703,33937,34171,34405,34639,34873,35107,35342,35577,35811,36045,36279,36513,36747,36981,37215,37449,37684,37919,38154,38388,38622,38856,39090,39324,39558,39792,40027,40262,40496,40730,40964,41198,41432,41666,41900,42134,42326,42517,42899]]",[10012023],[UCnvLGayHxWh5YZjpJjZ6WRg]
90,Osaka,[大阪],,Japan,JPN,Asia,34.6937569,135.5014539,[BJOgtF3wptM],"[[0,0,0,1,0,0,0,1]]","[[street,street,mixed,indoor,indoor,indoor,indoor,indoor]]","[[[[0,00:00,What is Citywalk at Universal Studios Japan?]],[[75,01:15,3rd Floor Restaurants]],[[75,01:15,3rd Floor Restaurants]],[[577,09:37,5th Floor Restaurants]],[[577,09:37,5th Floor Restaurants]],[[577,09:37,5th Floor Restaurants]],[[577,09:37,5th Floor Restaurants],[890,14:50,4th Floor Restaurants FOLLOW ON SOCIAL --- 📸 Instagram]],[[890,14:50,4th Floor Restaurants FOLLOW ON SOCIAL --- 📸 Instagram]]]]","[[[],[NO LIMIT! 2023],[SHARKSHACK],[],[],[],[Hard Rock CAFE],[GOKOPA]]]","[[timestamp_description,both,both,timestamp_description,timestamp_description,timestamp_description,both,both]]","[[23,75,326,670,708,759,867,976]]","[[74,90,345,703,748,773,890,993]]",[9022023],[UCMthB6k6LRN5Qwz8WybfXvA]
91,"Southbank to Soho via London Eye, Westminster Bridge, Big Ben, Parliament Street, Whithall, Trafalgar Square, Covent Garden, Leicester Square, Chinatown, Piccadilly Circus, Regent Street, Oxford Street, Tottenham Court Road",[],,United Kingdom,,,,,[d28rLERm_4U],"[[0,0,0,0,0,0,0,0,0,0,0,0,0,0,0,0,0,0,0,0,0]]","[[street,street,street,market,market,street,street,street,street,street,street,street,street,street,street,street,street,street,street,street,mixed]]","[[[],[],[],[],[],[],[],[],[],[],[],[],[],[],[],[],[],[],[],[],[]]]","[[[London city Walk],[London city Walk],[London city Walk],[London city Walk],[London city Walk],[London city Walk],[London city Walk],[London city Walk],[London city Walk],[London city Walk],[London city Walk],[London city Walk],[London city Walk],['CARNABY STREET'],[London City Walk],[London city Walk],[London City Walk],[London City Walk],['London City Walk'],['London City Walk'],['London City Walk']]]","[[embedded_video,embedded_video,embedded_video,embedded_video,embedded_video,embedded_video,embedded_video,embedded_video,embedded_video,embedded_video,embedded_video,embedded_video,embedded_video,embedded_video,embedded_video,embedded_video,embedded_video,embedded_video,embedded_video,embedded_video,embedded_video]]","[[85,312,539,766,993,1220,1446,1672,1898,2124,2350,2576,2810,3044,3278,3511,3744,3977,4210,4443,4557]]","[[311,538,765,992,1219,1445,1671,1897,2123,2349,2575,2809,3043,3277,3510,3743,3976,4209,4442,4556,4690]]",[23062026],[UCBvZ2hEzZZaWAIrUHVN6YUw]
92,Osaka,"[Dotonbori,Dōtonbori,Dōtombori]",,Japan,JPN,Asia,34.6690306,135.5015715,[xP-wJbQcMOc],"[[2,0,1,0,0,0,0,0,0,0,0,0,0,0,0,0,0,0,0,0,0,0,0,0,0,1,1,1,1,1,1,1,1,1,1,1,1,0,1,1]]","[[mixed,street,street,street,street,street,market,street,street,market,street,street,street,street,street,street,street,street,street,street,street,street,street,street,street,street,street,street,street,street,street,street,street,waterfront,street,street,street,market,street,street]]","[[[[0,0:00,Intro Preview]],[[0,0:00,Intro Preview]],[[0,0:00,Intro Preview]],[[0,0:00,Intro Preview],[219,3:39,Dotonbori Glico Sign]],[[219,3:39,Dotonbori Glico Sign]],[[640,10:40,Osaka Snack Street]],[[640,10:40,Osaka Snack Street],[1032,17:12,Alleyways]],[[1032,17:12,Alleyways]],[[1032,17:12,Alleyways]],[[1032,17:12,Alleyways],[1650,27:30,Dotonbori Walking Street]],[[1650,27:30,Dotonbori Walking Street],[1836,30:36,Manga Cosplay]],[[1836,30:36,Manga Cosplay]],[[1836,30:36,Manga Cosplay],[2310,38:30,Dotonbori District]],[[2310,38:30,Dotonbori District]],[[2310,38:30,Dotonbori District]],[[2310,38:30,Dotonbori District],[2880,48:00,Amerika-mura]],[[2880,48:00,Amerika-mura]],[[2880,48:00,Amerika-mura]],[[2880,48:00,Amerika-mura]],[[2880,48:00,Amerika-mura]],[[2880,48:00,Amerika-mura]],[[2880,48:00,Amerika-mura]],[[2880,48:00,Amerika-mura]],[[2880,48:00,Amerika-mura]],[[2880,48:00,Amerika-mura]],[[4809,1:20:09,Dotonbori Nightlife],[5130,1:25:30,Dotonbori Walking Street]],[[5130,1:25:30,Dotonbori Walking Street]],[[5130,1:25:30,Dotonbori Walking Street]],[[5130,1:25:30,Dotonbori Walking Street]],[[5130,1:25:30,Dotonbori Walking Street]],[[5130,1:25:30,Dotonbori Walking Street],[6228,1:43:48,Hidden Alleyways]],[[6228,1:43:48,Hidden Alleyways]],[[6228,1:43:48,Hidden Alleyways],[6601,1:50:01,Nippombashi bridge]],[[6601,1:50:01,Nippombashi bridge]],[[6601,1:50:01,Nippombashi bridge],[7090,1:58:10,Osaka Night Life]],[[7090,1:58:10,Osaka Night Life]],[[7090,1:58:10,Osaka Night Life]],[[7090,1:58:10,Osaka Night Life]],[[7090,1:58:10,Osaka Night Life]],[[7090,1:58:10,Osaka Night Life]]]]","[[[HIGHLIGHTS],[],[],[TSUTAYA],[LOTTERIA],[KURA],[TAX FREE],[],[ENJOY PLAY SURF],[Japan Culture & Cuisine Show Gofu],[SHINJUKU FOOD STREET],[Happy's Cafe],[],[上木],[ENJOY SHISHA],[],[],[],[],[],[GION],[BAIT],[SUNSHINE],[],[],[],[Akihabara],[Miu Kiss],[WINS],[],[DONUTKIRAMA],[],[],[],[DESTINY],[],[],[],[],[]]]","[[both,timestamp_description,timestamp_description,both,both,both,both,timestamp_description,both,both,both,both,timestamp_description,both,both,timestamp_description,timestamp_description,timestamp_description,timestamp_description,timestamp_description,both,both,both,timestamp_description,timestamp_description,timestamp_description,both,both,both,timestamp_description,both,timestamp_description,timestamp_description,timestamp_description,both,timestamp_description,timestamp_description,timestamp_description,timestamp_description,timestamp_description]]","[[37,70,183,207,373,704,869,1039,1273,1507,1741,1975,2209,2443,2644,2845,3046,3246,3446,3661,3875,4089,4303,4472,4640,4906,5137,5368,5599,5830,6061,6291,6521,6751,6981,7211,7442,7675,7858,8041]]","[[69,166,206,372,538,868,1032,1272,1506,1740,1974,2208,2442,2643,2844,3045,3245,3445,3660,3874,4088,4302,4471,4639,4807,5136,5367,5598,5829,6060,6290,6520,6750,6980,7210,7441,7671,7857,8040,8153]]",[12052024],[UCiVH7ncT6ghUKvSpY_e0DNQ]
93,Hong Kong,[CityWalk],,China,CHN,Asia,22.3699783,114.1135247,[UMekv4bJpHI],"[[0,1,0,1,1,1,0,0,0,0,0]]","[[mixed,indoor,indoor,street,mixed,indoor,indoor,square_plaza,mixed,waterfront,waterfront]]","[[[],[],[],[],[],[],[],[],[],[],[]]]","[[[],[Source Undercover Tourist],[],[MAGICALVILLE],[],[],[BANGKOK],['BIGFOOT'],[Rock],[],[]]]","[[none,embedded_video,none,embedded_video,none,none,embedded_video,embedded_video,embedded_video,none,none]]","[[80,316,586,1115,1147,1207,1376,1404,1436,1617,1635]]","[[187,330,602,1135,1188,1224,1403,1435,1468,1634,1704]]",[27012025],[UCvUIa6bCCfZCQ2u-kA2yPpg]
94,"Oxford Street, Soho, Covent Garden, Tottenham Court Road, Chinatown, Leicester Square",[],,United Kingdom,,,,,[1YyyrdrGm_U],"[[0,0,0,0,0,0,0,0,0,0,0,0,0,0,0,0,0,0,0,0,0,0,0,0,0,-1]]","[[street,street,street,street,street,street,street,street,street,street,street,street,street,street,street,square_plaza,square_plaza,street,transport_hub,indoor,transport_hub,indoor,transport_hub,transport_hub,transport_hub,transport_hub]]","[[[[0,00:00,Oxford Street]],[[0,00:00,Oxford Street]],[[0,00:00,Oxford Street]],[[0,00:00,Oxford Street]],[[0,00:00,Oxford Street]],[[0,00:00,Oxford Street]],[[0,00:00,Oxford Street],[1192,19:52,Tottenham Court Road]],[[1192,19:52,Tottenham Court Road]],[[1192,19:52,Tottenham Court Road],[1656,27:36,SOHO London]],[[1656,27:36,SOHO London],[2076,34:36,Chinatown London],[2238,37:18,Leicester Square]],[[2238,37:18,Leicester Square]],[[2238,37:18,Leicester Square]],[[2238,37:18,Leicester Square]],[[2238,37:18,Leicester Square],[3003,50:03,Covent Garden]],[[3003,50:03,Covent Garden]],[[3003,50:03,Covent Garden],[3445,57:25,STUNNING Umbrellas - I love them!]],[[3445,57:25,STUNNING Umbrellas - I love them!]],[[3445,57:25,STUNNING Umbrellas - I love them!]],[[3445,57:25,STUNNING Umbrellas - I love them!]],[[3445,57:25,STUNNING Umbrellas - I love them!]],[[3445,57:25,STUNNING Umbrellas - I love them!]],[[3445,57:25,STUNNING Umbrellas - I love them!]],[[3445,57:25,STUNNING Umbrellas - I love them!]],[[3445,57:25,STUNNING Umbrellas - I love them!]],[[3445,57:25,STUNNING Umbrellas - I love them!]],[[3445,57:25,STUNNING Umbrellas - I love them!]]]]","[[[],[HARRODS],[],[],[],[],[BOND],[],[METROPOLITAN SUBWAY],[GREAT RUNDLE ST],[MAGDALENE DE PONTE],[ANGELA'S FASHION],[STEAK HOUSE],[PARK LANE],[THE WHITE LION],[SQUARE PLAZA],[],[LONDON],[To the Marquess of Granby],[],[Welcome to London],[],[],[],[LONDON UNDERGROUND],[BOND STATION]]]","[[timestamp_description,both,timestamp_description,timestamp_description,timestamp_description,timestamp_description,both,timestamp_description,both,both,both,both,both,both,both,both,timestamp_description,both,both,timestamp_description,both,timestamp_description,timestamp_description,timestamp_description,both,both]]","[[67,259,451,617,782,931,1080,1315,1549,2017,2251,2497,2676,2855,3034,3319,3501,3683,3933,3980,4002,4055,4193,4211,4303,4342]]","[[258,450,616,781,930,1079,1314,1548,1782,2250,2484,2675,2854,3033,3221,3500,3682,3864,3979,4001,4054,4192,4210,4290,4341,4365]]",[15082026],[UCRRZ8-EpgTApAd_A23XgFRA]
95,Sydney,[],New South Wales,Australia,AUS,Oceania,-33.8698439,151.2082848,[vxiJHOWmp7o],"[[0,0,0,0,0,0,0,0,0,0,0,0,0,0,0,0,0,0,0,0,0,0]]","[[square_plaza,waterfront,waterfront,park_nature,park_nature,market,square_plaza,waterfront,waterfront,waterfront,mixed,waterfront,waterfront,mixed,park_nature,park_nature,indoor,street,mixed,street,street,mixed]]","[[[],[],[],[],[],[],[],[],[],[],[],[],[],[],[],[],[],[],[],[],[],[]]]","[[[],[],[],[],[],[BIG],[],[],[OPEN],[],[],[],[],[],[],[],[Sydney Town Hall],[NOLM],[],[7 Park St],[],['Saint Mary's Cathedral']]]","[[none,none,none,none,none,embedded_video,none,none,embedded_video,none,none,none,none,none,none,none,embedded_video,embedded_video,none,embedded_video,none,embedded_video]]","[[25,258,724,957,1189,1653,2117,2349,2581,2813,3045,3277,3509,3741,3973,4205,4437,4669,4901,5133,5342,5551]]","[[257,490,956,1188,1420,1884,2348,2580,2812,3044,3276,3508,3740,3972,4204,4436,4668,4900,5132,5341,5550,5759]]",[15082025],[UCV2_l3k3JuZwIhiY1H0kSxA]
96,Shinjuku,[],,Japan,JPN,Asia,35.6937632,139.7036319,[cAsDPQsh5ZI],"[[2,2,2,2,2,2,1,1,1,1,1,1,1,1,1]]","[[mixed,street,street,street,street,street,street,street,street,street,street,street,street,street,street]]","[[[],[],[],[],[],[],[],[],[],[],[],[],[],[],[]]]","[[[Shinjuku Station],[ASAKUSA],[],[],[SUBNADE],[],[],[],[TOKYO],[],[AirportTokyo],[四天王寺],[TOKYO],[SHINJUKU],[]]]","[[embedded_video,embedded_video,none,none,embedded_video,none,none,none,embedded_video,none,embedded_video,embedded_video,embedded_video,embedded_video,none]]","[[15,251,487,723,959,1431,1667,1903,2139,2375,2611,2847,3083,3319,3554]]","[[250,486,722,958,1194,1666,1902,2138,2374,2610,2846,3082,3318,3553,3788]]",[26022026],[UCoXm66ArnAYGC0SCItOb2Tg]
97,"Glodok, Tamansari",[],Jakarta Barat,Indonesia,,,,,[_SnJD0QPph0],"[[0,0,0,0,0,0,0,0]]","[[indoor,indoor,indoor,indoor,indoor,indoor,indoor,indoor]]","[[[],[],[],[],[],[],[],[]]]","[[[BUBUR SAPO SULTAN],[],[],[SIOMAY NYIAUW],[],[BASO GURAT KARTINI],[],[]]]","[[embedded_video,none,none,embedded_video,none,embedded_video,none,none]]","[[160,372,589,773,957,995,2060,2127]]","[[270,403,772,956,994,1018,2075,2148]]",[15082026],[UCV3tIO3QNNHK3VXNgfFlOcA]
98,Madrid,[],Community of Madrid,Spain,ESP,Europe,40.416782,-3.703507,[wIW_VbXa58E],"[[0,0,0,0,0,0,0,0,1,0,0,0,0,0,0,0,0,0,0,0,0,0,0,0,0,0,0,0,0,0,0,0,0,0,0,0,0,0,0,0,0,0,0,0,0,0,0,0,0,0,0,0,0,0,0,0,0,0,0,0,0,0,0,0,0,0,0,0,0,0,0,0,2,0,0,0,2,2,2,0,2,2,0,0,0,0,0,0,0,0,2,2,2,2,2,2,2,2,2,2,1,1,1,1,1,1,1,1,1,1,1,1,1,1,1,1,1,1,1,1,1,1,1,1,1,0,0,0,0,0,0,0,0,0,0,0,0,0,2,2,2,2,2,2,2]]","[[square_plaza,street,street,street,market,market,street,market,market,market,square_plaza,market,street,street,street,street,street,street,street,street,street,street,street,street,street,street,street,street,mixed,park_nature,park_nature,park_nature,park_nature,park_nature,park_nature,park_nature,park_nature,square_plaza,street,street,street,street,square_plaza,street,market,square_plaza,street,street,street,street,street,square_plaza,mixed,street,mixed,park_nature,park_nature,street,street,street,street,street,street,street,street,street,street,street,street,street,street,street,street,street,street,street,street,street,street,street,street,street,street,street,street,street,street,street,street,street,street,street,square_plaza,street,street,street,street,street,street,street,street,street,street,street,street,street,street,square_plaza,square_plaza,street,street,market,market,market,street,street,street,street,street,street,street,street,street,market,street,street,street,street,street,street,mixed,street,street,street,street,street,street,street,square_plaza,street,street,street,street,street,street]]","[[[],[],[],[],[],[],[],[],[],[],[],[],[],[],[],[],[],[],[],[],[],[],[],[],[],[],[],[],[],[],[],[],[],[],[],[],[],[],[],[],[],[],[],[],[],[],[],[],[],[],[],[],[],[],[],[],[],[],[],[],[],[],[],[],[],[],[],[],[],[],[],[],[],[],[],[],[],[],[],[],[],[],[],[],[],[],[],[],[],[],[],[],[],[],[],[],[],[],[],[],[],[],[],[],[],[],[],[],[],[],[],[],[],[],[],[],[],[],[],[],[],[],[],[],[],[],[],[],[],[],[],[],[],[],[],[],[],[],[],[],[],[],[],[],[]]]","[[[],[MODILIA],[],[],[],[],[chocolate],[],[SIN ALCOHOL],[RESTAURANTE 5],[],[],[],[],[],[CALLE DE ALFONSO XII],[],[TAPAS],[THE NORTH FACE],[],[],[SALA LOEWE],[BANCO SABADELL],[],[],[MADRID],[],[61],[],[],[],[],[],[],[],[],[],[],[CALLE DE ALFONSO XII],[],[],[Calle de Alcalá],[],[],[],[],[STARBUCKS],[],[SALÓN DE LA FAMA],[],[],[],[],[],[],[],[],[],[Flying Tiger Copenhagen],[Paseo de la Castellana],[CARTIER],[],[CASA DE LA MÚSICA],[],[],[],[],[MADRID],[],[],[PARK HOTEL],[Metro],[],[MADAMU],[],[PREMIOR],[],[CASINO],[],[],[],[],[],[La Boqueria],[],[],[],[],[],[Metro],[ZARA],[MÓDILIA],[CASA],[],[SWATCH],[CASA DE LA MUSICA],[],[Maqui City],[],[],[FREDDIE],[],[CODO],[GRAN VIA],[],[],['La Casa Inglesa'],[],[],[TIO PEPE],[],[],[],[],[],[Calle de la Princesa],[],[HOTEL OPERA],[],[CASAMORRA],[ELISABETH],[HOTEL EMPERADOR],[],[],[],[],[],[],[],[],[],[POPEYES],[],[Sala Verda],[],[],[],[],[],[],[PANDORA],[],[],[ZARA],[McDonald's]]]","[[none,embedded_video,none,none,none,none,embedded_video,none,embedded_video,embedded_video,none,none,none,none,none,embedded_video,none,embedded_video,embedded_video,none,none,embedded_video,embedded_video,none,none,embedded_video,none,embedded_video,none,none,none,none,none,none,none,none,none,none,embedded_video,none,none,embedded_video,none,none,none,none,embedded_video,none,embedded_video,none,none,none,none,none,none,none,none,none,embedded_video,embedded_video,embedded_video,none,embedded_video,none,none,none,none,embedded_video,none,none,embedded_video,embedded_video,none,embedded_video,none,embedded_video,none,embedded_video,none,none,none,none,none,embedded_video,none,none,none,none,none,embedded_video,embedded_video,embedded_video,embedded_video,none,embedded_video,embedded_video,none,embedded_video,none,none,embedded_video,none,embedded_video,embedded_video,none,none,embedded_video,none,none,embedded_video,none,none,none,none,none,embedded_video,none,embedded_video,none,embedded_video,embedded_video,embedded_video,none,none,none,none,none,none,none,none,none,embedded_video,none,embedded_video,none,none,none,none,none,none,embedded_video,none,none,embedded_video,embedded_video]]","[[17,245,473,701,929,1156,1383,1610,1837,2065,2293,2521,2749,2976,3203,3430,3558,3686,3920,4154,4388,4622,4856,5090,5324,5558,5792,6026,6260,6494,6727,6960,7193,7426,7659,7892,8125,8591,8819,9047,9275,9502,9729,9956,10183,10410,10637,10864,11091,11318,11545,11999,12183,12367,12551,12734,12970,13206,13441,13676,13905,14134,14363,14592,14821,15050,15279,15507,15735,15963,16179,16395,16560,16725,16935,17145,17355,17565,17774,18183,18383,18583,19183,19385,19587,19789,19991,20192,20360,20577,20793,21009,21225,21441,21645,21868,22091,22314,22537,22760,22982,23219,23456,23693,23930,24167,24404,24641,24878,25114,25350,25586,25822,26058,26294,26530,26766,27002,27238,27474,27710,27946,28182,28418,28654,29126,29362,29598,29834,30070,30542,30778,31014,31250,31465,31680,31894,32108,32344,32580,32816,33052,33287,33522,33757]]","[[244,472,700,928,1155,1382,1609,1836,2064,2292,2520,2748,2975,3202,3429,3557,3685,3919,4153,4387,4621,4855,5089,5323,5557,5791,6025,6259,6493,6726,6959,7192,7425,7658,7891,8124,8357,8818,9046,9274,9501,9728,9955,10182,10409,10636,10863,11090,11317,11544,11771,12182,12366,12550,12733,12969,13205,13440,13675,13904,14133,14362,14591,14820,15049,15278,15506,15734,15962,16178,16394,16559,16724,16934,17144,17354,17564,17773,17982,18382,18582,18781,19384,19586,19788,19990,20191,20359,20576,20792,21008,21224,21440,21644,21867,22090,22313,22536,22759,22981,23218,23455,23692,23929,24166,24403,24640,24877,25113,25349,25585,25821,26057,26293,26529,26765,27001,27237,27473,27709,27945,28181,28417,28653,28889,29361,29597,29833,30069,30305,30777,31013,31249,31464,31679,31893,32107,32343,32579,32815,33051,33286,33521,33756,33991]]",[15022026],[UC20vyRWEaC2GIS8DkmeRQaA]
99,Milan,[Passalacqua],Lombardy,Italy,ITA,Europe,45.475856,9.1940247,[DPl_QZ5WmtY],"[[0,-1,0,0,0,0,0,0,0,0,2,0,0,0,0,0]]","[[indoor,indoor,indoor,indoor,indoor,indoor,indoor,indoor,park_nature,park_nature,indoor,mixed,indoor,indoor,indoor,mixed]]","[[[],[],[],[],[],[],[],[],[],[],[],[],[],[],[],[]]]","[[[],[],[],[],[],[],[],[],[],[],[],[],[],[],[],[]]]","[[none,none,none,none,none,none,none,none,none,none,none,none,none,none,none,none]]","[[35,95,210,511,540,587,630,723,884,1358,1429,1486,1511,1796,1815,1928]]","[[53,126,240,528,571,629,653,759,909,1376,1451,1510,1551,1814,1832,1945]]",[7082026],[UCds9ox_aTIGDCpB6rODmS7w]
100,Tjörns kommun,[Pater Noster Lighthouse],,Sweden,SWE,Europe,57.8959997,11.46581,[Z7UbX3cWik0],"[[0,0,0,0,0,0,0,0]]","[[waterfront,mixed,indoor,indoor,indoor,indoor,indoor,indoor]]","[[[],[],[],[],[],[],[],[]]]","[[[],[],[],[],[],[],[],[]]]","[[none,none,none,none,none,none,none,none]]","[[57,169,187,443,515,562,807,922]]","[[73,186,215,457,531,580,825,947]]",[2082026],[UCds9ox_aTIGDCpB6rODmS7w]
101,Inverie,[Knoydart],Scotland,United Kingdom,GBR,Europe,57.0554081,-5.6580181,[fEY2v-1eXfs],"[[0,0,0,0,0,0,0,0]]","[[indoor,park_nature,park_nature,park_nature,indoor,indoor,beach,trail]]","[[[],[],[],[],[],[],[],[]]]","[[[],[],[],[],[],[],[],[]]]","[[none,none,none,none,none,none,none,none]]","[[150,303,392,528,719,778,999,1212]]","[[173,320,409,549,740,804,1015,1226]]",[3052026],[UCds9ox_aTIGDCpB6rODmS7w]
102,Dubai,[Jumeirah Marsa Al Arab],Dubai Emirate,United Arab Emirates,ARE,Asia,25.1445258,55.1895715,[Oxja9_whATw],"[[0,0,1,0,0,0,0,0,0,0,0,0]]","[[mixed,beach,indoor,indoor,indoor,indoor,indoor,indoor,mixed,mixed,waterfront,indoor]]","[[[],[],[],[],[],[],[],[],[],[],[],[]]]","[[[],[],[],[],[],[],[],[],[],[],[],[]]]","[[none,none,none,none,none,none,none,none,none,none,none,none]]","[[63,88,348,406,430,593,727,752,841,912,1250,1427]]","[[87,104,364,421,448,608,746,807,858,928,1264,1445]]",[20022026],[UCds9ox_aTIGDCpB6rODmS7w]
103,Primm,[Primm Valley Resort & Casino],NV,United States,USA,North America,35.6097764,-115.3867107,[KczujB1C5yA],"[[1,-1,1,1,-1,-1,0,-1,0,0,0,0,0,0,-1,1,0,0]]","[[indoor,indoor,indoor,indoor,indoor,indoor,indoor,indoor,indoor,mixed,street,indoor,mixed,indoor,indoor,indoor,indoor,mixed]]","[[[],[],[],[],[],[],[],[],[],[],[],[],[],[],[],[],[],[]]]","[[[],[],[],[],[],[],[],[],[],[],['SANITHRIFT'],[],[],[],[],[],[],[]]]","[[none,none,none,none,none,none,none,none,none,none,embedded_video,none,none,none,none,none,none,none]]","[[101,306,321,393,472,564,608,638,656,693,1020,1042,1073,1115,1216,1258,1373,1396]]","[[155,320,337,414,488,578,623,655,676,718,1041,1060,1087,1136,1236,1285,1395,1428]]",[14062026],[UCds9ox_aTIGDCpB6rODmS7w]
104,,[],,,,,,,[jX4uGv553Ps],"[[0,0,0]]","[[park_nature,park_nature,park_nature]]","[[[],[],[]]]","[[[],[],[]]]","[[none,none,none]]","[[90,559,757]]","[[315,756,798]]",[16082026],[UCvfYZhxEj8bL7ukzQzwX4zw]
105,East Lindsey,[Skegness],England,United Kingdom,GBR,Europe,53.1437506,0.3428958,[JToaa3p84CM],"[[0,0,-1,0,0,0,0,0,-1,-1,0,0,0,0,0,0,0,0,0,0,0,0,0,0,0,0,0,0,0,1]]","[[mixed,indoor,indoor,mixed,indoor,indoor,indoor,indoor,indoor,indoor,indoor,indoor,indoor,indoor,indoor,indoor,mixed,indoor,indoor,indoor,indoor,indoor,mixed,square_plaza,mixed,street,mixed,beach,indoor,mixed]]","[[[],[],[],[],[],[],[],[],[],[],[],[],[],[],[],[],[],[],[],[],[],[],[],[],[],[],[],[],[],[]]]","[[[],[],[],[],[],[],[],[],[],[],[],[],[],[],[],[],[],[],[],[],[],[],[],[],[],[],['DELTA 5 AVENUE'],[],[],[REDS]]]","[[none,none,none,none,none,none,none,none,none,none,none,none,none,none,none,none,none,none,none,none,none,none,none,none,none,none,embedded_video,none,none,embedded_video]]","[[145,230,283,369,446,477,569,619,715,781,935,951,1115,1167,1182,1468,1489,1513,1528,1558,1599,1624,1708,1725,1812,1920,1941,1998,2154,2356]]","[[159,268,321,394,473,510,618,635,734,806,950,971,1129,1181,1207,1488,1505,1527,1557,1580,1615,1640,1724,1744,1826,1940,1957,2014,2168,2376]]",[10052026],[UCds9ox_aTIGDCpB6rODmS7w]
106,Municipality of Crowsnest Pass,[Emerald Lake],AB,Canada,CAN,North America,49.6266964,-114.6419805,[U1j-eO3-aR8],"[[0,0,0,0,0,0,0,0,0,0,0,0,0,0,0,0,0]]","[[park_nature,park_nature,park_nature,park_nature,park_nature,park_nature,trail,trail,park_nature,trail,trail,trail,trail,trail,park_nature,trail,trail]]","[[[],[],[],[],[],[],[],[],[],[],[],[],[],[],[],[],[]]]","[[[],[],[],[],[],[],[],[],[],[],[],[],[],[],[],[],[]]]","[[none,none,none,none,none,none,none,none,none,none,none,none,none,none,none,none,none]]","[[41,280,519,758,997,1236,1475,1714,1953,2431,2670,3148,3387,4821,6492,6730,7206]]","[[279,518,757,996,1235,1474,1713,1952,2191,2669,2908,3386,3625,5059,6729,6967,7443]]",[30072021],[UCg72Hd6UZAgPBAUZplnmPMQ]
107,Grindelwald,[],Bern,Switzerland,CHE,Europe,46.6242733,8.0367462,[-sM_WxDpdqQ],"[[0,0,0,0,0]]","[[street,mixed,street,street,trail]]","[[[[773,12:53,The central streets of the village]],[[773,12:53,The central streets of the village]],[[773,12:53,The central streets of the village]],[[773,12:53,The central streets of the village]],[[773,12:53,The central streets of the village],[2440,40:40,The edge of the village and breathtaking views]]]]","[[[],[],[Gasthof Stadler],[],[]]]","[[timestamp_description,timestamp_description,both,timestamp_description,timestamp_description]]","[[1046,1285,1524,2002,2240]]","[[1284,1523,1762,2239,2477]]",[19042025],[UCOlx478DxwYAwkLnz9ELNIQ]
